Workbook

Sheet 사용법
B2: AI 파이프라인 · 통합 리소스/스케줄 관리 시트 v2
B3: 실제 운영 시트 스키마 기반 — 플랫 로그 × 간트 × 팀/담당자/구분 집계
B5: ① 핵심 구조 — 행 = 한 담당자의 한 건
B6: 왜 플랫 로그인가 | C6: 1 게임타이틀 → 여러 소재 → 소재 1개당 기획/이미지/영상 파트를 각 담당자가 각각 한 행으로 기록. 그래서 행마다 [구분+담당자+프로젝트명]을 반드시 채워 '누가 무슨 파트를 넣었는지'를 못 박습니다.
B7: 한 타이틀 여러 소재 | C7: 맞습니다. 프로젝트명은 반복 입력되고, 같은 소재명이 이미지/영상 두 행으로 나뉠 수 있습니다. 프로젝트명 기준 정렬하면 타이틀별로 묶여 보입니다.
B9: ② 입력 규칙 (노란 칸만)
B10: 드롭다운 | C10: 구분(기획/이미지/영상) · 프로젝트명(게임타이틀 마스터) · 고객팀(마케팅1~4팀) · 작업담당자(28명 마스터) · 상태 — 전부 마스터 시트에서 관리. 새 타이틀/담당자는 마스터에 추가하면 드롭다운에 자동 반영.
B11: 일정 | C11: 요청일·완료일(목표) 입력 → 간트 막대 자동(주말 제외, 구분별 색). 공수(MD) 입력 → 소요일·예상완료 자동 → 여유 = 완료일−예상완료(음수=지연 빨강).
B13: ③ 간트/색 범례
B14: 구분별 막대색 | C14: 기획=파랑 · 이미지=초록 · 영상=주황. → 어느 파트가 언제 걸리는지 색으로 즉시 구분.
B15: 주말 | C15: 토·일 열은 WEEKDAY 조건부서식으로 회색 자동 음영.
B16: 여유(일) | C16: 음수=빨강(지연 위험) · 0~1=노랑(빠듯) · 그외=초록.
B18: ④ 대시보드 집계
B19: 팀 × 구분 | C19: 고객 마케팅팀별 × 이미지/영상/기획 건수·MD (운영 시트 상단 블록 재현).
B20: 담당자별 | C20: 담당자별 건수·MD → 부하/기여 한눈에 (누가 얼마나 넣었나).
B21: 구분별 견적 | C21: 구분별 MD 비중으로 견적 분배 + 비나 시나리오 스위치(방안1~4).

Sheet 마스터
A1: ⚙️ 마스터 / 기준정보
A2: 게임 타이틀 (25) | C2: 고객팀 | E2: 구분 | G2: 사용AI | I2: 작업담당자 (28) | K2: 운영 파라미터
A3: 뱀피르 | C3: 마케팅1팀 | E3: 기획 | G3: Chatgpt | I3: 엄지연 | K3: 월 가동일수 | L3: 20
A4: RF 글로벌 | C4: 마케팅2팀 | E4: 이미지 | G4: Freepik | I4: 변정현 | K4: 1일=MD | L4: 1
A5: SOL 인챈트 | C5: 마케팅3팀 | E5: 영상 | G5: Midjourney | I5: 구유진 | K5: 간트 시작일 | L5: =DATE(2026,6,1)
A6: 스톤에이지펫월드 | C6: 마케팅4팀 | G6: Kling | I6: 김민성
A7: 칠대죄오리진 | C7: 기타 | G7: Magnific | I7: 이고은 | K7: 구분별 일 TO 캐파
A8: 세나리버스 | G8: Gemini | I8: 최소연 | K8: 기획 | L8: 3
A9: 몬길 | G9: Firefly | I9: 양재혁 | K9: 이미지 | L9: 8
A10: 왕겜(GOT) | G10: Seedance | I10: 고은별 | K10: 영상 | L10: 6
A11: 몬스터길들이기 | G11: Higgsfield | I11: 석지웅
A12: 라이즈오브 | G12: SUNO | I12: 강수민
G13: Veo | I13: 김연경 | K13: 시간→MD (8h=1.0)
G14: NanoBanana | I14: 윤예림 | K14: 1h | L14: 0.125
G15: Runway | I15: 김은지 | K15: 2h | L15: 0.25
I16: 이수정 | K16: 3h | L16: 0.375
I17: 김다은 | K17: 4h | L17: 0.5
I18: 송정호 | K18: 5h | L18: 0.625
I19: 문예지 | K19: 6h | L19: 0.75
I20: 박선민 | K20: 7h | L20: 0.875
I21: 정지은 | K21: 8h | L21: 1
I22: 석지용
I23: 강민우
I24: 강승일
I25: 이지현
I26: 김창환
I27: 문경선
I28: 박태원
I29: 최한은
I30: 장은서
A33: 비나(VINA) 운영 시나리오
A34: 방안 1 | C34: 기획+내부디자인+비나영상 → 비나 영상제작 공수는 MAX(영상)실 매출로 귀속
A35: 방안 2 | C35: 비나는 사이즈베리만 → 영상 사이즈베리는 디자인실 공수로 흡수
A36: 방안 3 | C36: 비나 이미지팀 TO 추가발주(전담) → 독립 라인 + 이미지TO 추가비용 가산
A37: 방안 4 | C37: 본사 프로세스: 비나 영상팀+이미지팀 통합 (이미지 TO 추가발주 X)

Sheet 통합관리
A1: 작업 정보 (누가·무엇을) | G1: 일정 · 공수 · 자동 마감예측 | P1: AI/내용 | S1: 간트 (마스터 간트시작일 기준 31일 · 주말 음영 · 구분별 색)
A2: No | B2: 구분 | C2: 프로젝트명 | D2: 고객팀 | E2: 작업담당자 | F2: 소재명 | G2: WEEK | H2: 요청일 | I2: 완료일 | J2: 수량 | K2: 공수 MD | L2: 상태 | M2: 소요일 (자동) | N2: 예상완료 (자동) | O2: 여유 (일) | P2: 사용AI | Q2: 제작내용 | S2: ='마스터'!$L$5 | T2: =S2+1 | U2: =T2+1 | V2: =U2+1 | W2: =V2+1 | X2: =W2+1 | Y2: =X2+1 | Z2: =Y2+1 | AA2: =Z2+1 | ... AW2: =AV2+1
A3: =IF(C3="","",COUNTA($C$3:C3)) | B3: 이미지 | C3: 뱀피르 | D3: 마케팅1팀 | E3: 엄지연 | F3: VAM_200024_PRE_IMAGE_HL_BOSS | G3: =IF(H3="","","W"&ROUNDUP((H3-'마스터'!$L$5+1)/7,0)) | H3: =DATE(2026,6,2) | I3: =DATE(2026,6,4) | J3: 1 | K3: 1 | L3: 진행 | M3: =IF(OR(K3="",K3=0),0,ROUNDUP(K3/'마스터'!$L$4,0)) | N3: =IF(OR(H3="",M3=0),"",WORKDAY(H3-1,M3)) | O3: =IF(OR(I3="",N3=""),"",I3-N3) | P3: Chatgpt, Freepik | Q3: 보스 몬스터 배경+CTA 생성
A4: =IF(C4="","",COUNTA($C$3:C4)) | B4: 이미지 | C4: SOL 인챈트 | D4: 마케팅3팀 | E4: 김민성 | F4: SOL_000120_PRE_IMAGE_H_COUNTDOWN5 | G4: =IF(H4="","","W"&ROUNDUP((H4-'마스터'!$L$5+1)/7,0)) | H4: =DATE(2026,6,2) | I4: =DATE(2026,6,5) | J4: 1 | K4: 1.5 | L4: 진행 | M4: =IF(OR(K4="",K4=0),0,ROUNDUP(K4/'마스터'!$L$4,0)) | N4: =IF(OR(H4="",M4=0),"",WORKDAY(H4-1,M4)) | O4: =IF(OR(I4="",N4=""),"",I4-N4) | P4: Midjourney, Freepik | Q4: 신전 배경+캐릭터 생성
A5: =IF(C5="","",COUNTA($C$3:C5)) | B5: 영상 | C5: 세나리버스 | D5: 마케팅2팀 | E5: 강민우 | F5: TSKGB_ENDCARD_Dellons_16x9 | G5: =IF(H5="","","W"&ROUNDUP((H5-'마스터'!$L$5+1)/7,0)) | H5: =DATE(2026,6,3) | I5: =DATE(2026,6,5) | J5: 1 | K5: 2 | L5: 진행 | M5: =IF(OR(K5="",K5=0),0,ROUNDUP(K5/'마스터'!$L$4,0)) | N5: =IF(OR(H5="",M5=0),"",WORKDAY(H5-1,M5)) | O5: =IF(OR(I5="",N5=""),"",I5-N5) | P5: Kling | Q5: 캐릭터 모션 생성
A6: =IF(C6="","",COUNTA($C$3:C6)) | B6: 기획 | C6: SOL 인챈트 | D6: 마케팅3팀 | E6: 최한은 | F6: SOL_성장자극소재_기획 | G6: =IF(H6="","","W"&ROUNDUP((H6-'마스터'!$L$5+1)/7,0)) | H6: =DATE(2026,6,4) | I6: =DATE(2026,6,8) | J6: 3 | K6: 0.5 | L6: 대기 | M6: =IF(OR(K6="",K6=0),0,ROUNDUP(K6/'마스터'!$L$4,0)) | N6: =IF(OR(H6="",M6=0),"",WORKDAY(H6-1,M6)) | O6: =IF(OR(I6="",N6=""),"",I6-N6) | P6: Chatgpt | Q6: 참고시안+카피 워싱
A7: =IF(C7="","",COUNTA($C$3:C7)) | G7: =IF(H7="","","W"&ROUNDUP((H7-'마스터'!$L$5+1)/7,0)) | M7: =IF(OR(K7="",K7=0),0,ROUNDUP(K7/'마스터'!$L$4,0)) | N7: =IF(OR(H7="",M7=0),"",WORKDAY(H7-1,M7)) | O7: =IF(OR(I7="",N7=""),"",I7-N7)
A8: =IF(C8="","",COUNTA($C$3:C8)) | G8: =IF(H8="","","W"&ROUNDUP((H8-'마스터'!$L$5+1)/7,0)) | M8: =IF(OR(K8="",K8=0),0,ROUNDUP(K8/'마스터'!$L$4,0)) | N8: =IF(OR(H8="",M8=0),"",WORKDAY(H8-1,M8)) | O8: =IF(OR(I8="",N8=""),"",I8-N8)
A9: =IF(C9="","",COUNTA($C$3:C9)) | G9: =IF(H9="","","W"&ROUNDUP((H9-'마스터'!$L$5+1)/7,0)) | M9: =IF(OR(K9="",K9=0),0,ROUNDUP(K9/'마스터'!$L$4,0)) | N9: =IF(OR(H9="",M9=0),"",WORKDAY(H9-1,M9)) | O9: =IF(OR(I9="",N9=""),"",I9-N9)
A10: =IF(C10="","",COUNTA($C$3:C10)) | G10: =IF(H10="","","W"&ROUNDUP((H10-'마스터'!$L$5+1)/7,0)) | M10: =IF(OR(K10="",K10=0),0,ROUNDUP(K10/'마스터'!$L$4,0)) | N10: =IF(OR(H10="",M10=0),"",WORKDAY(H10-1,M10)) | O10: =IF(OR(I10="",N10=""),"",I10-N10)
A11: =IF(C11="","",COUNTA($C$3:C11)) | G11: =IF(H11="","","W"&ROUNDUP((H11-'마스터'!$L$5+1)/7,0)) | M11: =IF(OR(K11="",K11=0),0,ROUNDUP(K11/'마스터'!$L$4,0)) | N11: =IF(OR(H11="",M11=0),"",WORKDAY(H11-1,M11)) | O11: =IF(OR(I11="",N11=""),"",I11-N11)
A12: =IF(C12="","",COUNTA($C$3:C12)) | G12: =IF(H12="","","W"&ROUNDUP((H12-'마스터'!$L$5+1)/7,0)) | M12: =IF(OR(K12="",K12=0),0,ROUNDUP(K12/'마스터'!$L$4,0)) | N12: =IF(OR(H12="",M12=0),"",WORKDAY(H12-1,M12)) | O12: =IF(OR(I12="",N12=""),"",I12-N12)
A13: =IF(C13="","",COUNTA($C$3:C13)) | G13: =IF(H13="","","W"&ROUNDUP((H13-'마스터'!$L$5+1)/7,0)) | M13: =IF(OR(K13="",K13=0),0,ROUNDUP(K13/'마스터'!$L$4,0)) | N13: =IF(OR(H13="",M13=0),"",WORKDAY(H13-1,M13)) | O13: =IF(OR(I13="",N13=""),"",I13-N13)
A14: =IF(C14="","",COUNTA($C$3:C14)) | G14: =IF(H14="","","W"&ROUNDUP((H14-'마스터'!$L$5+1)/7,0)) | M14: =IF(OR(K14="",K14=0),0,ROUNDUP(K14/'마스터'!$L$4,0)) | N14: =IF(OR(H14="",M14=0),"",WORKDAY(H14-1,M14)) | O14: =IF(OR(I14="",N14=""),"",I14-N14)
A15: =IF(C15="","",COUNTA($C$3:C15)) | G15: =IF(H15="","","W"&ROUNDUP((H15-'마스터'!$L$5+1)/7,0)) | M15: =IF(OR(K15="",K15=0),0,ROUNDUP(K15/'마스터'!$L$4,0)) | N15: =IF(OR(H15="",M15=0),"",WORKDAY(H15-1,M15)) | O15: =IF(OR(I15="",N15=""),"",I15-N15)
A16: =IF(C16="","",COUNTA($C$3:C16)) | G16: =IF(H16="","","W"&ROUNDUP((H16-'마스터'!$L$5+1)/7,0)) | M16: =IF(OR(K16="",K16=0),0,ROUNDUP(K16/'마스터'!$L$4,0)) | N16: =IF(OR(H16="",M16=0),"",WORKDAY(H16-1,M16)) | O16: =IF(OR(I16="",N16=""),"",I16-N16)
A17: =IF(C17="","",COUNTA($C$3:C17)) | G17: =IF(H17="","","W"&ROUNDUP((H17-'마스터'!$L$5+1)/7,0)) | M17: =IF(OR(K17="",K17=0),0,ROUNDUP(K17/'마스터'!$L$4,0)) | N17: =IF(OR(H17="",M17=0),"",WORKDAY(H17-1,M17)) | O17: =IF(OR(I17="",N17=""),"",I17-N17)
A18: =IF(C18="","",COUNTA($C$3:C18)) | G18: =IF(H18="","","W"&ROUNDUP((H18-'마스터'!$L$5+1)/7,0)) | M18: =IF(OR(K18="",K18=0),0,ROUNDUP(K18/'마스터'!$L$4,0)) | N18: =IF(OR(H18="",M18=0),"",WORKDAY(H18-1,M18)) | O18: =IF(OR(I18="",N18=""),"",I18-N18)
... A62: =IF(C62="","",COUNTA($C$3:C62)) | G62: =IF(H62="","","W"&ROUNDUP((H62-'마스터'!$L$5+1)/7,0)) | M62: =IF(OR(K62="",K62=0),0,ROUNDUP(K62/'마스터'!$L$4,0)) | N62: =IF(OR(H62="",M62=0),"",WORKDAY(H62-1,M62)) | O62: =IF(OR(I62="",N62=""),"",I62-N62)
A65: 🔥 구분별 일일 부하 (MD) vs 일 TO — 초과 시 빨강(TO 오버). 영상 6TO 등 정원 기준
A66: 구분 | N66: 오버일수 | O66: 일 TO | S66: =S2 | T66: =T2 | U66: =U2 | V66: =V2 | W66: =W2 | X66: =X2 | Y66: =Y2 | Z66: =Z2 | ... AW66: =AW2
A67: 기획 | N67: =SUMPRODUCT((S67:AW67>$O67)*1) | O67: ='마스터'!$L$8 | S67: =SUMPRODUCT(($H$3:$H$62<>"")*($B$3:$B$62="기획")*($H$3:$H$62<=S$2)*($N$3:$N$62>=S$2)*(WEEKDAY(S$2,2)<6)*($K$3:$K$62)/($M$3:$M$62+($M$3:$M$62=0))) | T67: =SUMPRODUCT(($H$3:$H$62<>"")*($B$3:$B$62="기획")*($H$3:$H$62<=T$2)*($N$3:$N$62>=T$2)*(WEEKDAY(T$2,2)<6)*($K$3:$K$62)/($M$3:$M$62+($M$3:$M$62=0))) | U67: =SUMPRODUCT(($H$3:$H$62<>"")*($B$3:$B$62="기획")*($H$3:$H$62<=U$2)*($N$3:$N$62>=U$2)*(WEEKDAY(U$2,2)<6)*($K$3:$K$62)/($M$3:$M$62+($M$3:$M$62=0))) | V67: =SUMPRODUCT(($H$3:$H$62<>"")*($B$3:$B$62="기획")*($H$3:$H$62<=V$2)*($N$3:$N$62>=V$2)*(WEEKDAY(V$2,2)<6)*($K$3:$K$62)/($M$3:$M$62+($M$3:$M$62=0))) | W67: =SUMPRODUCT(($H$3:$H$62<>"")*($B$3:$B$62="기획")*($H$3:$H$62<=W$2)*($N$3:$N$62>=W$2)*(WEEKDAY(W$2,2)<6)*($K$3:$K$62)/($M$3:$M$62+($M$3:$M$62=0))) | X67: =SUMPRODUCT(($H$3:$H$62<>"")*($B$3:$B$62="기획")*($H$3:$H$62<=X$2)*($N$3:$N$62>=X$2)*(WEEKDAY(X$2,2)<6)*($K$3:$K$62)/($M$3:$M$62+($M$3:$M$62=0))) | Y67: =SUMPRODUCT(($H$3:$H$62<>"")*($B$3:$B$62="기획")*($H$3:$H$62<=Y$2)*($N$3:$N$62>=Y$2)*(WEEKDAY(Y$2,2)<6)*($K$3:$K$62)/($M$3:$M$62+($M$3:$M$62=0))) | Z67: =SUMPRODUCT(($H$3:$H$62<>"")*($B$3:$B$62="기획")*($H$3:$H$62<=Z$2)*($N$3:$N$62>=Z$2)*(WEEKDAY(Z$2,2)<6)*($K$3:$K$62)/($M$3:$M$62+($M$3:$M$62=0))) | ... AW67: =SUMPRODUCT(($H$3:$H$62<>"")*($B$3:$B$62="기획")*($H$3:$H$62<=AW$2)*($N$3:$N$62>=AW$2)*(WEEKDAY(AW$2,2)<6)*($K$3:$K$62)/($M$3:$M$62+($M$3:$M$62=0)))
A68: 이미지 | N68: =SUMPRODUCT((S68:AW68>$O68)*1) | O68: ='마스터'!$L$9 | S68: =SUMPRODUCT(($H$3:$H$62<>"")*($B$3:$B$62="이미지")*($H$3:$H$62<=S$2)*($N$3:$N$62>=S$2)*(WEEKDAY(S$2,2)<6)*($K$3:$K$62)/($M$3:$M$62+($M$3:$M$62=0))) | T68: =SUMPRODUCT(($H$3:$H$62<>"")*($B$3:$B$62="이미지")*($H$3:$H$62<=T$2)*($N$3:$N$62>=T$2)*(WEEKDAY(T$2,2)<6)*($K$3:$K$62)/($M$3:$M$62+($M$3:$M$62=0))) | U68: =SUMPRODUCT(($H$3:$H$62<>"")*($B$3:$B$62="이미지")*($H$3:$H$62<=U$2)*($N$3:$N$62>=U$2)*(WEEKDAY(U$2,2)<6)*($K$3:$K$62)/($M$3:$M$62+($M$3:$M$62=0))) | V68: =SUMPRODUCT(($H$3:$H$62<>"")*($B$3:$B$62="이미지")*($H$3:$H$62<=V$2)*($N$3:$N$62>=V$2)*(WEEKDAY(V$2,2)<6)*($K$3:$K$62)/($M$3:$M$62+($M$3:$M$62=0))) | W68: =SUMPRODUCT(($H$3:$H$62<>"")*($B$3:$B$62="이미지")*($H$3:$H$62<=W$2)*($N$3:$N$62>=W$2)*(WEEKDAY(W$2,2)<6)*($K$3:$K$62)/($M$3:$M$62+($M$3:$M$62=0))) | X68: =SUMPRODUCT(($H$3:$H$62<>"")*($B$3:$B$62="이미지")*($H$3:$H$62<=X$2)*($N$3:$N$62>=X$2)*(WEEKDAY(X$2,2)<6)*($K$3:$K$62)/($M$3:$M$62+($M$3:$M$62=0))) | Y68: =SUMPRODUCT(($H$3:$H$62<>"")*($B$3:$B$62="이미지")*($H$3:$H$62<=Y$2)*($N$3:$N$62>=Y$2)*(WEEKDAY(Y$2,2)<6)*($K$3:$K$62)/($M$3:$M$62+($M$3:$M$62=0))) | Z68: =SUMPRODUCT(($H$3:$H$62<>"")*($B$3:$B$62="이미지")*($H$3:$H$62<=Z$2)*($N$3:$N$62>=Z$2)*(WEEKDAY(Z$2,2)<6)*($K$3:$K$62)/($M$3:$M$62+($M$3:$M$62=0))) | ... AW68: =SUMPRODUCT(($H$3:$H$62<>"")*($B$3:$B$62="이미지")*($H$3:$H$62<=AW$2)*($N$3:$N$62>=AW$2)*(WEEKDAY(AW$2,2)<6)*($K$3:$K$62)/($M$3:$M$62+($M$3:$M$62=0)))
A69: 영상 | N69: =SUMPRODUCT((S69:AW69>$O69)*1) | O69: ='마스터'!$L$10 | S69: =SUMPRODUCT(($H$3:$H$62<>"")*($B$3:$B$62="영상")*($H$3:$H$62<=S$2)*($N$3:$N$62>=S$2)*(WEEKDAY(S$2,2)<6)*($K$3:$K$62)/($M$3:$M$62+($M$3:$M$62=0))) | T69: =SUMPRODUCT(($H$3:$H$62<>"")*($B$3:$B$62="영상")*($H$3:$H$62<=T$2)*($N$3:$N$62>=T$2)*(WEEKDAY(T$2,2)<6)*($K$3:$K$62)/($M$3:$M$62+($M$3:$M$62=0))) | U69: =SUMPRODUCT(($H$3:$H$62<>"")*($B$3:$B$62="영상")*($H$3:$H$62<=U$2)*($N$3:$N$62>=U$2)*(WEEKDAY(U$2,2)<6)*($K$3:$K$62)/($M$3:$M$62+($M$3:$M$62=0))) | V69: =SUMPRODUCT(($H$3:$H$62<>"")*($B$3:$B$62="영상")*($H$3:$H$62<=V$2)*($N$3:$N$62>=V$2)*(WEEKDAY(V$2,2)<6)*($K$3:$K$62)/($M$3:$M$62+($M$3:$M$62=0))) | W69: =SUMPRODUCT(($H$3:$H$62<>"")*($B$3:$B$62="영상")*($H$3:$H$62<=W$2)*($N$3:$N$62>=W$2)*(WEEKDAY(W$2,2)<6)*($K$3:$K$62)/($M$3:$M$62+($M$3:$M$62=0))) | X69: =SUMPRODUCT(($H$3:$H$62<>"")*($B$3:$B$62="영상")*($H$3:$H$62<=X$2)*($N$3:$N$62>=X$2)*(WEEKDAY(X$2,2)<6)*($K$3:$K$62)/($M$3:$M$62+($M$3:$M$62=0))) | Y69: =SUMPRODUCT(($H$3:$H$62<>"")*($B$3:$B$62="영상")*($H$3:$H$62<=Y$2)*($N$3:$N$62>=Y$2)*(WEEKDAY(Y$2,2)<6)*($K$3:$K$62)/($M$3:$M$62+($M$3:$M$62=0))) | Z69: =SUMPRODUCT(($H$3:$H$62<>"")*($B$3:$B$62="영상")*($H$3:$H$62<=Z$2)*($N$3:$N$62>=Z$2)*(WEEKDAY(Z$2,2)<6)*($K$3:$K$62)/($M$3:$M$62+($M$3:$M$62=0))) | ... AW69: =SUMPRODUCT(($H$3:$H$62<>"")*($B$3:$B$62="영상")*($H$3:$H$62<=AW$2)*($N$3:$N$62>=AW$2)*(WEEKDAY(AW$2,2)<6)*($K$3:$K$62)/($M$3:$M$62+($M$3:$M$62=0)))

Sheet 대시보드
B2: 📈 대시보드 — 팀 · 담당자 · 구분 집계
B4: ① 고객팀 × 구분 (건수) | H4: ② 구분별 MD · 견적
B5: 팀\구분 | C5: 기획 | D5: 이미지 | E5: 영상 | F5: 합계 | H5: 총 영상견적(원) | I5: 92000000
B6: 마케팅1팀 | C6: =COUNTIFS('통합관리'!$D$3:$D$62,$B6,'통합관리'!$B$3:$B$62,C$5) | D6: =COUNTIFS('통합관리'!$D$3:$D$62,$B6,'통합관리'!$B$3:$B$62,D$5) | E6: =COUNTIFS('통합관리'!$D$3:$D$62,$B6,'통합관리'!$B$3:$B$62,E$5) | F6: =SUM(C6:E6) | H6: 비나 시나리오 | I6: 1
B7: 마케팅2팀 | C7: =COUNTIFS('통합관리'!$D$3:$D$62,$B7,'통합관리'!$B$3:$B$62,C$5) | D7: =COUNTIFS('통합관리'!$D$3:$D$62,$B7,'통합관리'!$B$3:$B$62,D$5) | E7: =COUNTIFS('통합관리'!$D$3:$D$62,$B7,'통합관리'!$B$3:$B$62,E$5) | F7: =SUM(C7:E7)
B8: 마케팅3팀 | C8: =COUNTIFS('통합관리'!$D$3:$D$62,$B8,'통합관리'!$B$3:$B$62,C$5) | D8: =COUNTIFS('통합관리'!$D$3:$D$62,$B8,'통합관리'!$B$3:$B$62,D$5) | E8: =COUNTIFS('통합관리'!$D$3:$D$62,$B8,'통합관리'!$B$3:$B$62,E$5) | F8: =SUM(C8:E8) | H8: 구분 | I8: MD | J8: 견적(원)
B9: 마케팅4팀 | C9: =COUNTIFS('통합관리'!$D$3:$D$62,$B9,'통합관리'!$B$3:$B$62,C$5) | D9: =COUNTIFS('통합관리'!$D$3:$D$62,$B9,'통합관리'!$B$3:$B$62,D$5) | E9: =COUNTIFS('통합관리'!$D$3:$D$62,$B9,'통합관리'!$B$3:$B$62,E$5) | F9: =SUM(C9:E9) | H9: 기획 | I9: =SUMIFS('통합관리'!$K$3:$K$62,'통합관리'!$B$3:$B$62,H9) | J9: 0
B10: 기타 | C10: =COUNTIFS('통합관리'!$D$3:$D$62,$B10,'통합관리'!$B$3:$B$62,C$5) | D10: =COUNTIFS('통합관리'!$D$3:$D$62,$B10,'통합관리'!$B$3:$B$62,D$5) | E10: =COUNTIFS('통합관리'!$D$3:$D$62,$B10,'통합관리'!$B$3:$B$62,E$5) | F10: =SUM(C10:E10) | H10: 이미지 | I10: =SUMIFS('통합관리'!$K$3:$K$62,'통합관리'!$B$3:$B$62,H10) | J10: 0
B11: 합계 | C11: =SUM(C6:C10) | D11: =SUM(D6:D10) | E11: =SUM(E6:E10) | F11: =SUM(F6:F10) | H11: 영상 | I11: =SUMIFS('통합관리'!$K$3:$K$62,'통합관리'!$B$3:$B$62,H11) | J11: =$I$5
H12: =IF($I$6=1,"방안1: 비나 영상공수→MAX실 귀속",IF($I$6=2,"방안2: 비나=베리만·영상베리는 디자인 흡수",IF($I$6=3,"방안3: 비나 이미지TO 추가발주+추가비용","방안4: 본사 프로세스 통합(이미지TO 추가X)")))
B13: ③ 작업담당자별 (건수 · MD)
B14: 담당자 | C14: 건수 | D14: MD
B15: 엄지연 | C15: =COUNTIF('통합관리'!$E$3:$E$62,B15) | D15: =SUMIF('통합관리'!$E$3:$E$62,B15,'통합관리'!$K$3:$K$62) | H15: ④ 게임타이틀별 (건수 · MD)
B16: 변정현 | C16: =COUNTIF('통합관리'!$E$3:$E$62,B16) | D16: =SUMIF('통합관리'!$E$3:$E$62,B16,'통합관리'!$K$3:$K$62) | H16: 타이틀 | I16: 건수 | J16: MD
B17: 구유진 | C17: =COUNTIF('통합관리'!$E$3:$E$62,B17) | D17: =SUMIF('통합관리'!$E$3:$E$62,B17,'통합관리'!$K$3:$K$62) | H17: 뱀피르 | I17: =COUNTIF('통합관리'!$C$3:$C$62,H17) | J17: =SUMIF('통합관리'!$C$3:$C$62,H17,'통합관리'!$K$3:$K$62)
B18: 김민성 | C18: =COUNTIF('통합관리'!$E$3:$E$62,B18) | D18: =SUMIF('통합관리'!$E$3:$E$62,B18,'통합관리'!$K$3:$K$62) | H18: RF 글로벌 | I18: =COUNTIF('통합관리'!$C$3:$C$62,H18) | J18: =SUMIF('통합관리'!$C$3:$C$62,H18,'통합관리'!$K$3:$K$62)
B19: 이고은 | C19: =COUNTIF('통합관리'!$E$3:$E$62,B19) | D19: =SUMIF('통합관리'!$E$3:$E$62,B19,'통합관리'!$K$3:$K$62) | H19: SOL 인챈트 | I19: =COUNTIF('통합관리'!$C$3:$C$62,H19) | J19: =SUMIF('통합관리'!$C$3:$C$62,H19,'통합관리'!$K$3:$K$62)
B20: 최소연 | C20: =COUNTIF('통합관리'!$E$3:$E$62,B20) | D20: =SUMIF('통합관리'!$E$3:$E$62,B20,'통합관리'!$K$3:$K$62) | H20: 스톤에이지펫월드 | I20: =COUNTIF('통합관리'!$C$3:$C$62,H20) | J20: =SUMIF('통합관리'!$C$3:$C$62,H20,'통합관리'!$K$3:$K$62)
B21: 양재혁 | C21: =COUNTIF('통합관리'!$E$3:$E$62,B21) | D21: =SUMIF('통합관리'!$E$3:$E$62,B21,'통합관리'!$K$3:$K$62) | H21: 칠대죄오리진 | I21: =COUNTIF('통합관리'!$C$3:$C$62,H21) | J21: =SUMIF('통합관리'!$C$3:$C$62,H21,'통합관리'!$K$3:$K$62)
B22: 고은별 | C22: =COUNTIF('통합관리'!$E$3:$E$62,B22) | D22: =SUMIF('통합관리'!$E$3:$E$62,B22,'통합관리'!$K$3:$K$62) | H22: 세나리버스 | I22: =COUNTIF('통합관리'!$C$3:$C$62,H22) | J22: =SUMIF('통합관리'!$C$3:$C$62,H22,'통합관리'!$K$3:$K$62)
B23: 석지웅 | C23: =COUNTIF('통합관리'!$E$3:$E$62,B23) | D23: =SUMIF('통합관리'!$E$3:$E$62,B23,'통합관리'!$K$3:$K$62) | H23: 몬길 | I23: =COUNTIF('통합관리'!$C$3:$C$62,H23) | J23: =SUMIF('통합관리'!$C$3:$C$62,H23,'통합관리'!$K$3:$K$62)
B24: 강수민 | C24: =COUNTIF('통합관리'!$E$3:$E$62,B24) | D24: =SUMIF('통합관리'!$E$3:$E$62,B24,'통합관리'!$K$3:$K$62) | H24: 왕겜(GOT) | I24: =COUNTIF('통합관리'!$C$3:$C$62,H24) | J24: =SUMIF('통합관리'!$C$3:$C$62,H24,'통합관리'!$K$3:$K$62)
B25: 김연경 | C25: =COUNTIF('통합관리'!$E$3:$E$62,B25) | D25: =SUMIF('통합관리'!$E$3:$E$62,B25,'통합관리'!$K$3:$K$62) | H25: 몬스터길들이기 | I25: =COUNTIF('통합관리'!$C$3:$C$62,H25) | J25: =SUMIF('통합관리'!$C$3:$C$62,H25,'통합관리'!$K$3:$K$62)
B26: 윤예림 | C26: =COUNTIF('통합관리'!$E$3:$E$62,B26) | D26: =SUMIF('통합관리'!$E$3:$E$62,B26,'통합관리'!$K$3:$K$62) | H26: 라이즈오브 | I26: =COUNTIF('통합관리'!$C$3:$C$62,H26) | J26: =SUMIF('통합관리'!$C$3:$C$62,H26,'통합관리'!$K$3:$K$62)
B27: 김은지 | C27: =COUNTIF('통합관리'!$E$3:$E$62,B27) | D27: =SUMIF('통합관리'!$E$3:$E$62,B27,'통합관리'!$K$3:$K$62)
B28: 이수정 | C28: =COUNTIF('통합관리'!$E$3:$E$62,B28) | D28: =SUMIF('통합관리'!$E$3:$E$62,B28,'통합관리'!$K$3:$K$62)
B29: 김다은 | C29: =COUNTIF('통합관리'!$E$3:$E$62,B29) | D29: =SUMIF('통합관리'!$E$3:$E$62,B29,'통합관리'!$K$3:$K$62)
B30: 송정호 | C30: =COUNTIF('통합관리'!$E$3:$E$62,B30) | D30: =SUMIF('통합관리'!$E$3:$E$62,B30,'통합관리'!$K$3:$K$62)
B31: 문예지 | C31: =COUNTIF('통합관리'!$E$3:$E$62,B31) | D31: =SUMIF('통합관리'!$E$3:$E$62,B31,'통합관리'!$K$3:$K$62)
B32: 박선민 | C32: =COUNTIF('통합관리'!$E$3:$E$62,B32) | D32: =SUMIF('통합관리'!$E$3:$E$62,B32,'통합관리'!$K$3:$K$62)
B33: 정지은 | C33: =COUNTIF('통합관리'!$E$3:$E$62,B33) | D33: =SUMIF('통합관리'!$E$3:$E$62,B33,'통합관리'!$K$3:$K$62)
B34: 석지용 | C34: =COUNTIF('통합관리'!$E$3:$E$62,B34) | D34: =SUMIF('통합관리'!$E$3:$E$62,B34,'통합관리'!$K$3:$K$62)
B35: 강민우 | C35: =COUNTIF('통합관리'!$E$3:$E$62,B35) | D35: =SUMIF('통합관리'!$E$3:$E$62,B35,'통합관리'!$K$3:$K$62)
B36: 강승일 | C36: =COUNTIF('통합관리'!$E$3:$E$62,B36) | D36: =SUMIF('통합관리'!$E$3:$E$62,B36,'통합관리'!$K$3:$K$62)
B37: 이지현 | C37: =COUNTIF('통합관리'!$E$3:$E$62,B37) | D37: =SUMIF('통합관리'!$E$3:$E$62,B37,'통합관리'!$K$3:$K$62)
B38: 김창환 | C38: =COUNTIF('통합관리'!$E$3:$E$62,B38) | D38: =SUMIF('통합관리'!$E$3:$E$62,B38,'통합관리'!$K$3:$K$62)
... B42: 장은서 | C42: =COUNTIF('통합관리'!$E$3:$E$62,B42) | D42: =SUMIF('통합관리'!$E$3:$E$62,B42,'통합관리'!$K$3:$K$62)
