Workbook

Sheet 사용법
B2: AI 파이프라인 통합 리소스/스케줄 관리 시트 v6 (연간)
B3: 입력은 통합관리 한 곳 - 연간요약/간트/직군 TO 상태 자동. 조회 월 드롭다운으로 일별 상세 전환.
B5: 색 표시 (텍스트 라벨 병행)
B6: 파랑 | C6: 해당 직군 정원(TO)의 80~100% 채워진 상태
B7: 보라 | C7: 정원(TO) 초과 - 조율 필요
B9: 1. 입력은 통합관리 한 곳
B10: 행 = 한 업무명 | C10: 영상 파이프라인 기준. 영상/이미지/기획(SB)이 각각 담당+MD 칸으로 붙음. 붙는 직군만 기입, 나머지 비움. 요청일만 넣으면 월/주차 자동.
B11: 요청일 위치 | C11: 요청일은 소재명 바로 오른쪽. 소재명+요청일은 스크롤해도 고정.
B12: 수량 | C12: 영상 수 / 사이즈베리 수 / 다국어베리 수 3개 분리.
B14: 2. 연간 확인 (연간요약 시트)
B15: 월별/누적 | C15: 1~12월 직군 MD와 수량이 자동 집계. 매월 누적(1월부터 running) 열, 상반기(1~6)/하반기(7~12) 소계, 연간 합계.
B16: 가동률 | C16: 월별 합계 MD / 월 전체 정원 - 어느 달에 몰렸는지 확인.
B18: 3. 일별 직군 TO 과부하 (통합관리)
B19: 조회 월 | C19: 통합관리 상단 조회 월(1~12) 드롭다운을 바꾸면 간트와 상단 TO 상태가 그 달 1~말일 일별로 전환.
B20: 상단 4줄 | C20: 날짜 위 전체/영상/이미지/기획 TO 줄. 각 날짜 셀 = 그날 그 직군 총 MD. 정원 대비 파랑(참)/보라(오버). 소재 셀이 섞여도 직군 컬럼으로 분리 집계.
B21: 간트 | C21: 각 소재 셀에 합계MD를 요청~예상완료 영업일에 균등 분산(숫자). 주말 음영.

Sheet 마스터
A1: 마스터 / 기준정보
A2: 게임 타이틀 (25) | C2: 고객팀 | E2: 유형 | G2: 상태 | I2: 운영 파라미터
A3: 뱀피르 | C3: 마케팅1팀 | E3: 영상 | G3: 대기 | I3: 연도 | J3: 2026
A4: RF 글로벌 | C4: 마케팅2팀 | E4: 영상+이미지 | G4: 진행 | I4: 조회 월 | J4: 8
A5: SOL 인챈트 | C5: 마케팅3팀 | E5: 이미지 | G5: 검수 | I5: 월 가동일수 | J5: 20
A6: 스톤에이지펫월드 | C6: 마케팅4팀 | E6: 베리 | G6: 완료 | I6: 1일=MD | J6: 1
A7: 칠대죄오리진 | C7: 기타 | E7: 기획
A8: 세나리버스 | E8: 기타 | I8: 직군 일 TO 정원
A9: 몬길 | I9: 영상 | J9: 6
A10: 왕겜(GOT) | I10: 이미지 | J10: 8
A11: 몬스터길들이기 | I11: 기획 | J11: 3
A12: 라이즈오브
A30: 비나(VINA) 운영 시나리오
A31: 방안 1 | C31: 기획+내부디자인+비나영상 - 비나 영상공수는 영상실 매출 귀속
A32: 방안 2 | C32: 비나=사이즈베리만 - 영상 베리는 디자인 흡수
A33: 방안 3 | C33: 비나 이미지TO 추가발주+추가비용
A34: 방안 4 | C34: 본사 프로세스 통합(이미지TO 추가X)

Sheet 통합관리
A1: 업무 정보 (소재명 / 요청일) | I1: 수량 | L1: 영상 (본체) | N1: 이미지 | P1: 기획(SB) | R1: 집계 / 일정 / 자동 | AA1: 간트 (조회 월 일별 / MD 숫자 분산 / 주말 음영) 상단 4줄=일자별 직군 TO 상태
A2: No | B2: 월 | C2: 게임 타이틀명 | D2: 고객팀 | E2: 유형 | F2: 소재명(업무명) | G2: 요청일 | H2: 완료일 | I2: 영상 수 | J2: 사이즈 베리 | K2: 다국어 베리 | L2: 영상 담당 | M2: 영상 MD | N2: 이미지 담당 | O2: 이미지 MD | P2: 기획 담당 | Q2: 기획 MD | R2: 합계 MD | S2: 투입 직군 | T2: 주차 | U2: 상태 | V2: 소요일 | W2: 예상완료 | X2: 여유 | Y2: 비고 | AA2: =DATE('마스터'!$J$3,'마스터'!$J$4,1) | AB2: =AA2+1 | AC2: =AB2+1 | AD2: =AC2+1 | AE2: =AD2+1 | AF2: =AE2+1 | AG2: =AF2+1 | AH2: =AG2+1 | AI2: =AH2+1 | ... BE2: =BD2+1
A3: 전체 TO (조회월 일자별 부하) | G3: 정원 | H3: =SUM('마스터'!$J$9:$J$11) | AA3: =SUMPRODUCT(($G$8:$G$57<>"")*($G$8:$G$57<=AA$2)*($W$8:$W$57>=AA$2)*(WEEKDAY(AA$2,2)<6)*($M$8:$M$57+$O$8:$O$57+$Q$8:$Q$57)/($V$8:$V$57+($V$8:$V$57=0))) | AB3: =SUMPRODUCT(($G$8:$G$57<>"")*($G$8:$G$57<=AB$2)*($W$8:$W$57>=AB$2)*(WEEKDAY(AB$2,2)<6)*($M$8:$M$57+$O$8:$O$57+$Q$8:$Q$57)/($V$8:$V$57+($V$8:$V$57=0))) | AC3: =SUMPRODUCT(($G$8:$G$57<>"")*($G$8:$G$57<=AC$2)*($W$8:$W$57>=AC$2)*(WEEKDAY(AC$2,2)<6)*($M$8:$M$57+$O$8:$O$57+$Q$8:$Q$57)/($V$8:$V$57+($V$8:$V$57=0))) | AD3: =SUMPRODUCT(($G$8:$G$57<>"")*($G$8:$G$57<=AD$2)*($W$8:$W$57>=AD$2)*(WEEKDAY(AD$2,2)<6)*($M$8:$M$57+$O$8:$O$57+$Q$8:$Q$57)/($V$8:$V$57+($V$8:$V$57=0))) | AE3: =SUMPRODUCT(($G$8:$G$57<>"")*($G$8:$G$57<=AE$2)*($W$8:$W$57>=AE$2)*(WEEKDAY(AE$2,2)<6)*($M$8:$M$57+$O$8:$O$57+$Q$8:$Q$57)/($V$8:$V$57+($V$8:$V$57=0))) | AF3: =SUMPRODUCT(($G$8:$G$57<>"")*($G$8:$G$57<=AF$2)*($W$8:$W$57>=AF$2)*(WEEKDAY(AF$2,2)<6)*($M$8:$M$57+$O$8:$O$57+$Q$8:$Q$57)/($V$8:$V$57+($V$8:$V$57=0))) | AG3: =SUMPRODUCT(($G$8:$G$57<>"")*($G$8:$G$57<=AG$2)*($W$8:$W$57>=AG$2)*(WEEKDAY(AG$2,2)<6)*($M$8:$M$57+$O$8:$O$57+$Q$8:$Q$57)/($V$8:$V$57+($V$8:$V$57=0))) | AH3: =SUMPRODUCT(($G$8:$G$57<>"")*($G$8:$G$57<=AH$2)*($W$8:$W$57>=AH$2)*(WEEKDAY(AH$2,2)<6)*($M$8:$M$57+$O$8:$O$57+$Q$8:$Q$57)/($V$8:$V$57+($V$8:$V$57=0))) | ... BE3: =SUMPRODUCT(($G$8:$G$57<>"")*($G$8:$G$57<=BE$2)*($W$8:$W$57>=BE$2)*(WEEKDAY(BE$2,2)<6)*($M$8:$M$57+$O$8:$O$57+$Q$8:$Q$57)/($V$8:$V$57+($V$8:$V$57=0)))
A4: 영상 TO | G4: 정원 | H4: ='마스터'!$J$9 | AA4: =SUMPRODUCT(($G$8:$G$57<>"")*($G$8:$G$57<=AA$2)*($W$8:$W$57>=AA$2)*(WEEKDAY(AA$2,2)<6)*($M$8:$M$57)/($V$8:$V$57+($V$8:$V$57=0))) | AB4: =SUMPRODUCT(($G$8:$G$57<>"")*($G$8:$G$57<=AB$2)*($W$8:$W$57>=AB$2)*(WEEKDAY(AB$2,2)<6)*($M$8:$M$57)/($V$8:$V$57+($V$8:$V$57=0))) | AC4: =SUMPRODUCT(($G$8:$G$57<>"")*($G$8:$G$57<=AC$2)*($W$8:$W$57>=AC$2)*(WEEKDAY(AC$2,2)<6)*($M$8:$M$57)/($V$8:$V$57+($V$8:$V$57=0))) | AD4: =SUMPRODUCT(($G$8:$G$57<>"")*($G$8:$G$57<=AD$2)*($W$8:$W$57>=AD$2)*(WEEKDAY(AD$2,2)<6)*($M$8:$M$57)/($V$8:$V$57+($V$8:$V$57=0))) | AE4: =SUMPRODUCT(($G$8:$G$57<>"")*($G$8:$G$57<=AE$2)*($W$8:$W$57>=AE$2)*(WEEKDAY(AE$2,2)<6)*($M$8:$M$57)/($V$8:$V$57+($V$8:$V$57=0))) | AF4: =SUMPRODUCT(($G$8:$G$57<>"")*($G$8:$G$57<=AF$2)*($W$8:$W$57>=AF$2)*(WEEKDAY(AF$2,2)<6)*($M$8:$M$57)/($V$8:$V$57+($V$8:$V$57=0))) | AG4: =SUMPRODUCT(($G$8:$G$57<>"")*($G$8:$G$57<=AG$2)*($W$8:$W$57>=AG$2)*(WEEKDAY(AG$2,2)<6)*($M$8:$M$57)/($V$8:$V$57+($V$8:$V$57=0))) | AH4: =SUMPRODUCT(($G$8:$G$57<>"")*($G$8:$G$57<=AH$2)*($W$8:$W$57>=AH$2)*(WEEKDAY(AH$2,2)<6)*($M$8:$M$57)/($V$8:$V$57+($V$8:$V$57=0))) | ... BE4: =SUMPRODUCT(($G$8:$G$57<>"")*($G$8:$G$57<=BE$2)*($W$8:$W$57>=BE$2)*(WEEKDAY(BE$2,2)<6)*($M$8:$M$57)/($V$8:$V$57+($V$8:$V$57=0)))
A5: 이미지 TO | G5: 정원 | H5: ='마스터'!$J$10 | AA5: =SUMPRODUCT(($G$8:$G$57<>"")*($G$8:$G$57<=AA$2)*($W$8:$W$57>=AA$2)*(WEEKDAY(AA$2,2)<6)*($O$8:$O$57)/($V$8:$V$57+($V$8:$V$57=0))) | AB5: =SUMPRODUCT(($G$8:$G$57<>"")*($G$8:$G$57<=AB$2)*($W$8:$W$57>=AB$2)*(WEEKDAY(AB$2,2)<6)*($O$8:$O$57)/($V$8:$V$57+($V$8:$V$57=0))) | AC5: =SUMPRODUCT(($G$8:$G$57<>"")*($G$8:$G$57<=AC$2)*($W$8:$W$57>=AC$2)*(WEEKDAY(AC$2,2)<6)*($O$8:$O$57)/($V$8:$V$57+($V$8:$V$57=0))) | AD5: =SUMPRODUCT(($G$8:$G$57<>"")*($G$8:$G$57<=AD$2)*($W$8:$W$57>=AD$2)*(WEEKDAY(AD$2,2)<6)*($O$8:$O$57)/($V$8:$V$57+($V$8:$V$57=0))) | AE5: =SUMPRODUCT(($G$8:$G$57<>"")*($G$8:$G$57<=AE$2)*($W$8:$W$57>=AE$2)*(WEEKDAY(AE$2,2)<6)*($O$8:$O$57)/($V$8:$V$57+($V$8:$V$57=0))) | AF5: =SUMPRODUCT(($G$8:$G$57<>"")*($G$8:$G$57<=AF$2)*($W$8:$W$57>=AF$2)*(WEEKDAY(AF$2,2)<6)*($O$8:$O$57)/($V$8:$V$57+($V$8:$V$57=0))) | AG5: =SUMPRODUCT(($G$8:$G$57<>"")*($G$8:$G$57<=AG$2)*($W$8:$W$57>=AG$2)*(WEEKDAY(AG$2,2)<6)*($O$8:$O$57)/($V$8:$V$57+($V$8:$V$57=0))) | AH5: =SUMPRODUCT(($G$8:$G$57<>"")*($G$8:$G$57<=AH$2)*($W$8:$W$57>=AH$2)*(WEEKDAY(AH$2,2)<6)*($O$8:$O$57)/($V$8:$V$57+($V$8:$V$57=0))) | ... BE5: =SUMPRODUCT(($G$8:$G$57<>"")*($G$8:$G$57<=BE$2)*($W$8:$W$57>=BE$2)*(WEEKDAY(BE$2,2)<6)*($O$8:$O$57)/($V$8:$V$57+($V$8:$V$57=0)))
A6: 기획 TO | G6: 정원 | H6: ='마스터'!$J$11 | AA6: =SUMPRODUCT(($G$8:$G$57<>"")*($G$8:$G$57<=AA$2)*($W$8:$W$57>=AA$2)*(WEEKDAY(AA$2,2)<6)*($Q$8:$Q$57)/($V$8:$V$57+($V$8:$V$57=0))) | AB6: =SUMPRODUCT(($G$8:$G$57<>"")*($G$8:$G$57<=AB$2)*($W$8:$W$57>=AB$2)*(WEEKDAY(AB$2,2)<6)*($Q$8:$Q$57)/($V$8:$V$57+($V$8:$V$57=0))) | AC6: =SUMPRODUCT(($G$8:$G$57<>"")*($G$8:$G$57<=AC$2)*($W$8:$W$57>=AC$2)*(WEEKDAY(AC$2,2)<6)*($Q$8:$Q$57)/($V$8:$V$57+($V$8:$V$57=0))) | AD6: =SUMPRODUCT(($G$8:$G$57<>"")*($G$8:$G$57<=AD$2)*($W$8:$W$57>=AD$2)*(WEEKDAY(AD$2,2)<6)*($Q$8:$Q$57)/($V$8:$V$57+($V$8:$V$57=0))) | AE6: =SUMPRODUCT(($G$8:$G$57<>"")*($G$8:$G$57<=AE$2)*($W$8:$W$57>=AE$2)*(WEEKDAY(AE$2,2)<6)*($Q$8:$Q$57)/($V$8:$V$57+($V$8:$V$57=0))) | AF6: =SUMPRODUCT(($G$8:$G$57<>"")*($G$8:$G$57<=AF$2)*($W$8:$W$57>=AF$2)*(WEEKDAY(AF$2,2)<6)*($Q$8:$Q$57)/($V$8:$V$57+($V$8:$V$57=0))) | AG6: =SUMPRODUCT(($G$8:$G$57<>"")*($G$8:$G$57<=AG$2)*($W$8:$W$57>=AG$2)*(WEEKDAY(AG$2,2)<6)*($Q$8:$Q$57)/($V$8:$V$57+($V$8:$V$57=0))) | AH6: =SUMPRODUCT(($G$8:$G$57<>"")*($G$8:$G$57<=AH$2)*($W$8:$W$57>=AH$2)*(WEEKDAY(AH$2,2)<6)*($Q$8:$Q$57)/($V$8:$V$57+($V$8:$V$57=0))) | ... BE6: =SUMPRODUCT(($G$8:$G$57<>"")*($G$8:$G$57<=BE$2)*($W$8:$W$57>=BE$2)*(WEEKDAY(BE$2,2)<6)*($Q$8:$Q$57)/($V$8:$V$57+($V$8:$V$57=0)))
A8: =IF(F8="","",COUNTA($F$8:F8)) | B8: =IF(G8="","",MONTH(G8)) | C8: SOL 인챈트 | D8: 마케팅3팀 | E8: 영상+이미지 | F8: SOL_000120_카운트다운 | G8: =DATE(2026,8,3) | H8: =DATE(2026,8,6) | I8: 1 | J8: 0 | K8: 0 | L8: 강승일 | M8: 2 | N8: 김민성 | O8: 1.5 | Q8: 0 | R8: =IF(SUM(M8,O8,Q8)=0,"",SUM(M8,O8,Q8)) | S8: =IF(M8>0,"영 ","")&IF(O8>0,"이 ","")&IF(Q8>0,"기 ","") | T8: =IF(G8="","","W"&ROUNDUP(DAY(G8)/7,0)) | U8: 진행 | V8: =IF(R8="",0,ROUNDUP(MAX(M8,O8,Q8)/'마스터'!$J$6,0)) | W8: =IF(OR(G8="",V8=0),"",WORKDAY(G8,V8-1)) | X8: =IF(OR(H8="",W8=""),"",H8-W8) | Y8: Kling | AA8: =IF(AND($G8<>"",$W8<>"",AA$2>=$G8,AA$2<=$W8,WEEKDAY(AA$2,2)<6),$R8/$V8,"") | AB8: =IF(AND($G8<>"",$W8<>"",AB$2>=$G8,AB$2<=$W8,WEEKDAY(AB$2,2)<6),$R8/$V8,"") | AC8: =IF(AND($G8<>"",$W8<>"",AC$2>=$G8,AC$2<=$W8,WEEKDAY(AC$2,2)<6),$R8/$V8,"") | AD8: =IF(AND($G8<>"",$W8<>"",AD$2>=$G8,AD$2<=$W8,WEEKDAY(AD$2,2)<6),$R8/$V8,"") | AE8: =IF(AND($G8<>"",$W8<>"",AE$2>=$G8,AE$2<=$W8,WEEKDAY(AE$2,2)<6),$R8/$V8,"") | AF8: =IF(AND($G8<>"",$W8<>"",AF$2>=$G8,AF$2<=$W8,WEEKDAY(AF$2,2)<6),$R8/$V8,"") | AG8: =IF(AND($G8<>"",$W8<>"",AG$2>=$G8,AG$2<=$W8,WEEKDAY(AG$2,2)<6),$R8/$V8,"") | AH8: =IF(AND($G8<>"",$W8<>"",AH$2>=$G8,AH$2<=$W8,WEEKDAY(AH$2,2)<6),$R8/$V8,"") | ... BE8: =IF(AND($G8<>"",$W8<>"",BE$2>=$G8,BE$2<=$W8,WEEKDAY(BE$2,2)<6),$R8/$V8,"")
A9: =IF(F9="","",COUNTA($F$8:F9)) | B9: =IF(G9="","",MONTH(G9)) | C9: 세나리버스 | D9: 마케팅2팀 | E9: 영상 | F9: TSKGB_엔드카드 | G9: =DATE(2026,8,4) | H9: =DATE(2026,8,6) | I9: 1 | J9: 1 | K9: 0 | L9: 강민우 | M9: 2 | O9: 0 | Q9: 0 | R9: =IF(SUM(M9,O9,Q9)=0,"",SUM(M9,O9,Q9)) | S9: =IF(M9>0,"영 ","")&IF(O9>0,"이 ","")&IF(Q9>0,"기 ","") | T9: =IF(G9="","","W"&ROUNDUP(DAY(G9)/7,0)) | U9: 검수 | V9: =IF(R9="",0,ROUNDUP(MAX(M9,O9,Q9)/'마스터'!$J$6,0)) | W9: =IF(OR(G9="",V9=0),"",WORKDAY(G9,V9-1)) | X9: =IF(OR(H9="",W9=""),"",H9-W9) | Y9: Seedance | AA9: =IF(AND($G9<>"",$W9<>"",AA$2>=$G9,AA$2<=$W9,WEEKDAY(AA$2,2)<6),$R9/$V9,"") | AB9: =IF(AND($G9<>"",$W9<>"",AB$2>=$G9,AB$2<=$W9,WEEKDAY(AB$2,2)<6),$R9/$V9,"") | AC9: =IF(AND($G9<>"",$W9<>"",AC$2>=$G9,AC$2<=$W9,WEEKDAY(AC$2,2)<6),$R9/$V9,"") | AD9: =IF(AND($G9<>"",$W9<>"",AD$2>=$G9,AD$2<=$W9,WEEKDAY(AD$2,2)<6),$R9/$V9,"") | AE9: =IF(AND($G9<>"",$W9<>"",AE$2>=$G9,AE$2<=$W9,WEEKDAY(AE$2,2)<6),$R9/$V9,"") | AF9: =IF(AND($G9<>"",$W9<>"",AF$2>=$G9,AF$2<=$W9,WEEKDAY(AF$2,2)<6),$R9/$V9,"") | AG9: =IF(AND($G9<>"",$W9<>"",AG$2>=$G9,AG$2<=$W9,WEEKDAY(AG$2,2)<6),$R9/$V9,"") | AH9: =IF(AND($G9<>"",$W9<>"",AH$2>=$G9,AH$2<=$W9,WEEKDAY(AH$2,2)<6),$R9/$V9,"") | ... BE9: =IF(AND($G9<>"",$W9<>"",BE$2>=$G9,BE$2<=$W9,WEEKDAY(BE$2,2)<6),$R9/$V9,"")
A10: =IF(F10="","",COUNTA($F$8:F10)) | B10: =IF(G10="","",MONTH(G10)) | C10: 칠대죄오리진 | D10: 마케팅4팀 | E10: 영상+이미지 | F10: 7DSOR_스토리트레일러 | G10: =DATE(2026,8,5) | H10: =DATE(2026,8,12) | I10: 1 | J10: 2 | K10: 1 | L10: 이지현 | M10: 2.5 | N10: 양재혁 | O10: 1 | P10: 박태원 | Q10: 0.5 | R10: =IF(SUM(M10,O10,Q10)=0,"",SUM(M10,O10,Q10)) | S10: =IF(M10>0,"영 ","")&IF(O10>0,"이 ","")&IF(Q10>0,"기 ","") | T10: =IF(G10="","","W"&ROUNDUP(DAY(G10)/7,0)) | U10: 진행 | V10: =IF(R10="",0,ROUNDUP(MAX(M10,O10,Q10)/'마스터'!$J$6,0)) | W10: =IF(OR(G10="",V10=0),"",WORKDAY(G10,V10-1)) | X10: =IF(OR(H10="",W10=""),"",H10-W10) | Y10: GPT | AA10: =IF(AND($G10<>"",$W10<>"",AA$2>=$G10,AA$2<=$W10,WEEKDAY(AA$2,2)<6),$R10/$V10,"") | AB10: =IF(AND($G10<>"",$W10<>"",AB$2>=$G10,AB$2<=$W10,WEEKDAY(AB$2,2)<6),$R10/$V10,"") | AC10: =IF(AND($G10<>"",$W10<>"",AC$2>=$G10,AC$2<=$W10,WEEKDAY(AC$2,2)<6),$R10/$V10,"") | AD10: =IF(AND($G10<>"",$W10<>"",AD$2>=$G10,AD$2<=$W10,WEEKDAY(AD$2,2)<6),$R10/$V10,"") | AE10: =IF(AND($G10<>"",$W10<>"",AE$2>=$G10,AE$2<=$W10,WEEKDAY(AE$2,2)<6),$R10/$V10,"") | AF10: =IF(AND($G10<>"",$W10<>"",AF$2>=$G10,AF$2<=$W10,WEEKDAY(AF$2,2)<6),$R10/$V10,"") | AG10: =IF(AND($G10<>"",$W10<>"",AG$2>=$G10,AG$2<=$W10,WEEKDAY(AG$2,2)<6),$R10/$V10,"") | AH10: =IF(AND($G10<>"",$W10<>"",AH$2>=$G10,AH$2<=$W10,WEEKDAY(AH$2,2)<6),$R10/$V10,"") | ... BE10: =IF(AND($G10<>"",$W10<>"",BE$2>=$G10,BE$2<=$W10,WEEKDAY(BE$2,2)<6),$R10/$V10,"")
A11: =IF(F11="","",COUNTA($F$8:F11)) | B11: =IF(G11="","",MONTH(G11)) | C11: 뱀피르 | D11: 마케팅1팀 | E11: 이미지 | F11: VAM_200024_보스KV | G11: =DATE(2026,7,6) | H11: =DATE(2026,7,7) | I11: 0 | J11: 0 | K11: 0 | M11: 0 | N11: 구유진 | O11: 1 | Q11: 0 | R11: =IF(SUM(M11,O11,Q11)=0,"",SUM(M11,O11,Q11)) | S11: =IF(M11>0,"영 ","")&IF(O11>0,"이 ","")&IF(Q11>0,"기 ","") | T11: =IF(G11="","","W"&ROUNDUP(DAY(G11)/7,0)) | U11: 완료 | V11: =IF(R11="",0,ROUNDUP(MAX(M11,O11,Q11)/'마스터'!$J$6,0)) | W11: =IF(OR(G11="",V11=0),"",WORKDAY(G11,V11-1)) | X11: =IF(OR(H11="",W11=""),"",H11-W11) | Y11: Freepik | AA11: =IF(AND($G11<>"",$W11<>"",AA$2>=$G11,AA$2<=$W11,WEEKDAY(AA$2,2)<6),$R11/$V11,"") | AB11: =IF(AND($G11<>"",$W11<>"",AB$2>=$G11,AB$2<=$W11,WEEKDAY(AB$2,2)<6),$R11/$V11,"") | AC11: =IF(AND($G11<>"",$W11<>"",AC$2>=$G11,AC$2<=$W11,WEEKDAY(AC$2,2)<6),$R11/$V11,"") | AD11: =IF(AND($G11<>"",$W11<>"",AD$2>=$G11,AD$2<=$W11,WEEKDAY(AD$2,2)<6),$R11/$V11,"") | AE11: =IF(AND($G11<>"",$W11<>"",AE$2>=$G11,AE$2<=$W11,WEEKDAY(AE$2,2)<6),$R11/$V11,"") | AF11: =IF(AND($G11<>"",$W11<>"",AF$2>=$G11,AF$2<=$W11,WEEKDAY(AF$2,2)<6),$R11/$V11,"") | AG11: =IF(AND($G11<>"",$W11<>"",AG$2>=$G11,AG$2<=$W11,WEEKDAY(AG$2,2)<6),$R11/$V11,"") | AH11: =IF(AND($G11<>"",$W11<>"",AH$2>=$G11,AH$2<=$W11,WEEKDAY(AH$2,2)<6),$R11/$V11,"") | ... BE11: =IF(AND($G11<>"",$W11<>"",BE$2>=$G11,BE$2<=$W11,WEEKDAY(BE$2,2)<6),$R11/$V11,"")
A12: =IF(F12="","",COUNTA($F$8:F12)) | B12: =IF(G12="","",MONTH(G12)) | C12: 몬길 | D12: 마케팅1팀 | E12: 영상 | F12: MONSTER_썸머 | G12: =DATE(2026,9,2) | H12: =DATE(2026,9,5) | I12: 2 | J12: 0 | K12: 1 | L12: 이지현 | M12: 3 | O12: 0 | Q12: 0 | R12: =IF(SUM(M12,O12,Q12)=0,"",SUM(M12,O12,Q12)) | S12: =IF(M12>0,"영 ","")&IF(O12>0,"이 ","")&IF(Q12>0,"기 ","") | T12: =IF(G12="","","W"&ROUNDUP(DAY(G12)/7,0)) | U12: 대기 | V12: =IF(R12="",0,ROUNDUP(MAX(M12,O12,Q12)/'마스터'!$J$6,0)) | W12: =IF(OR(G12="",V12=0),"",WORKDAY(G12,V12-1)) | X12: =IF(OR(H12="",W12=""),"",H12-W12) | Y12: Kling | AA12: =IF(AND($G12<>"",$W12<>"",AA$2>=$G12,AA$2<=$W12,WEEKDAY(AA$2,2)<6),$R12/$V12,"") | AB12: =IF(AND($G12<>"",$W12<>"",AB$2>=$G12,AB$2<=$W12,WEEKDAY(AB$2,2)<6),$R12/$V12,"") | AC12: =IF(AND($G12<>"",$W12<>"",AC$2>=$G12,AC$2<=$W12,WEEKDAY(AC$2,2)<6),$R12/$V12,"") | AD12: =IF(AND($G12<>"",$W12<>"",AD$2>=$G12,AD$2<=$W12,WEEKDAY(AD$2,2)<6),$R12/$V12,"") | AE12: =IF(AND($G12<>"",$W12<>"",AE$2>=$G12,AE$2<=$W12,WEEKDAY(AE$2,2)<6),$R12/$V12,"") | AF12: =IF(AND($G12<>"",$W12<>"",AF$2>=$G12,AF$2<=$W12,WEEKDAY(AF$2,2)<6),$R12/$V12,"") | AG12: =IF(AND($G12<>"",$W12<>"",AG$2>=$G12,AG$2<=$W12,WEEKDAY(AG$2,2)<6),$R12/$V12,"") | AH12: =IF(AND($G12<>"",$W12<>"",AH$2>=$G12,AH$2<=$W12,WEEKDAY(AH$2,2)<6),$R12/$V12,"") | ... BE12: =IF(AND($G12<>"",$W12<>"",BE$2>=$G12,BE$2<=$W12,WEEKDAY(BE$2,2)<6),$R12/$V12,"")
A13: =IF(F13="","",COUNTA($F$8:F13)) | B13: =IF(G13="","",MONTH(G13)) | R13: =IF(SUM(M13,O13,Q13)=0,"",SUM(M13,O13,Q13)) | S13: =IF(M13>0,"영 ","")&IF(O13>0,"이 ","")&IF(Q13>0,"기 ","") | T13: =IF(G13="","","W"&ROUNDUP(DAY(G13)/7,0)) | V13: =IF(R13="",0,ROUNDUP(MAX(M13,O13,Q13)/'마스터'!$J$6,0)) | W13: =IF(OR(G13="",V13=0),"",WORKDAY(G13,V13-1)) | X13: =IF(OR(H13="",W13=""),"",H13-W13) | AA13: =IF(AND($G13<>"",$W13<>"",AA$2>=$G13,AA$2<=$W13,WEEKDAY(AA$2,2)<6),$R13/$V13,"") | AB13: =IF(AND($G13<>"",$W13<>"",AB$2>=$G13,AB$2<=$W13,WEEKDAY(AB$2,2)<6),$R13/$V13,"") | AC13: =IF(AND($G13<>"",$W13<>"",AC$2>=$G13,AC$2<=$W13,WEEKDAY(AC$2,2)<6),$R13/$V13,"") | AD13: =IF(AND($G13<>"",$W13<>"",AD$2>=$G13,AD$2<=$W13,WEEKDAY(AD$2,2)<6),$R13/$V13,"") | AE13: =IF(AND($G13<>"",$W13<>"",AE$2>=$G13,AE$2<=$W13,WEEKDAY(AE$2,2)<6),$R13/$V13,"") | AF13: =IF(AND($G13<>"",$W13<>"",AF$2>=$G13,AF$2<=$W13,WEEKDAY(AF$2,2)<6),$R13/$V13,"") | AG13: =IF(AND($G13<>"",$W13<>"",AG$2>=$G13,AG$2<=$W13,WEEKDAY(AG$2,2)<6),$R13/$V13,"") | AH13: =IF(AND($G13<>"",$W13<>"",AH$2>=$G13,AH$2<=$W13,WEEKDAY(AH$2,2)<6),$R13/$V13,"") | ... BE13: =IF(AND($G13<>"",$W13<>"",BE$2>=$G13,BE$2<=$W13,WEEKDAY(BE$2,2)<6),$R13/$V13,"")
A14: =IF(F14="","",COUNTA($F$8:F14)) | B14: =IF(G14="","",MONTH(G14)) | R14: =IF(SUM(M14,O14,Q14)=0,"",SUM(M14,O14,Q14)) | S14: =IF(M14>0,"영 ","")&IF(O14>0,"이 ","")&IF(Q14>0,"기 ","") | T14: =IF(G14="","","W"&ROUNDUP(DAY(G14)/7,0)) | V14: =IF(R14="",0,ROUNDUP(MAX(M14,O14,Q14)/'마스터'!$J$6,0)) | W14: =IF(OR(G14="",V14=0),"",WORKDAY(G14,V14-1)) | X14: =IF(OR(H14="",W14=""),"",H14-W14) | AA14: =IF(AND($G14<>"",$W14<>"",AA$2>=$G14,AA$2<=$W14,WEEKDAY(AA$2,2)<6),$R14/$V14,"") | AB14: =IF(AND($G14<>"",$W14<>"",AB$2>=$G14,AB$2<=$W14,WEEKDAY(AB$2,2)<6),$R14/$V14,"") | AC14: =IF(AND($G14<>"",$W14<>"",AC$2>=$G14,AC$2<=$W14,WEEKDAY(AC$2,2)<6),$R14/$V14,"") | AD14: =IF(AND($G14<>"",$W14<>"",AD$2>=$G14,AD$2<=$W14,WEEKDAY(AD$2,2)<6),$R14/$V14,"") | AE14: =IF(AND($G14<>"",$W14<>"",AE$2>=$G14,AE$2<=$W14,WEEKDAY(AE$2,2)<6),$R14/$V14,"") | AF14: =IF(AND($G14<>"",$W14<>"",AF$2>=$G14,AF$2<=$W14,WEEKDAY(AF$2,2)<6),$R14/$V14,"") | AG14: =IF(AND($G14<>"",$W14<>"",AG$2>=$G14,AG$2<=$W14,WEEKDAY(AG$2,2)<6),$R14/$V14,"") | AH14: =IF(AND($G14<>"",$W14<>"",AH$2>=$G14,AH$2<=$W14,WEEKDAY(AH$2,2)<6),$R14/$V14,"") | ... BE14: =IF(AND($G14<>"",$W14<>"",BE$2>=$G14,BE$2<=$W14,WEEKDAY(BE$2,2)<6),$R14/$V14,"")
A15: =IF(F15="","",COUNTA($F$8:F15)) | B15: =IF(G15="","",MONTH(G15)) | R15: =IF(SUM(M15,O15,Q15)=0,"",SUM(M15,O15,Q15)) | S15: =IF(M15>0,"영 ","")&IF(O15>0,"이 ","")&IF(Q15>0,"기 ","") | T15: =IF(G15="","","W"&ROUNDUP(DAY(G15)/7,0)) | V15: =IF(R15="",0,ROUNDUP(MAX(M15,O15,Q15)/'마스터'!$J$6,0)) | W15: =IF(OR(G15="",V15=0),"",WORKDAY(G15,V15-1)) | X15: =IF(OR(H15="",W15=""),"",H15-W15) | AA15: =IF(AND($G15<>"",$W15<>"",AA$2>=$G15,AA$2<=$W15,WEEKDAY(AA$2,2)<6),$R15/$V15,"") | AB15: =IF(AND($G15<>"",$W15<>"",AB$2>=$G15,AB$2<=$W15,WEEKDAY(AB$2,2)<6),$R15/$V15,"") | AC15: =IF(AND($G15<>"",$W15<>"",AC$2>=$G15,AC$2<=$W15,WEEKDAY(AC$2,2)<6),$R15/$V15,"") | AD15: =IF(AND($G15<>"",$W15<>"",AD$2>=$G15,AD$2<=$W15,WEEKDAY(AD$2,2)<6),$R15/$V15,"") | AE15: =IF(AND($G15<>"",$W15<>"",AE$2>=$G15,AE$2<=$W15,WEEKDAY(AE$2,2)<6),$R15/$V15,"") | AF15: =IF(AND($G15<>"",$W15<>"",AF$2>=$G15,AF$2<=$W15,WEEKDAY(AF$2,2)<6),$R15/$V15,"") | AG15: =IF(AND($G15<>"",$W15<>"",AG$2>=$G15,AG$2<=$W15,WEEKDAY(AG$2,2)<6),$R15/$V15,"") | AH15: =IF(AND($G15<>"",$W15<>"",AH$2>=$G15,AH$2<=$W15,WEEKDAY(AH$2,2)<6),$R15/$V15,"") | ... BE15: =IF(AND($G15<>"",$W15<>"",BE$2>=$G15,BE$2<=$W15,WEEKDAY(BE$2,2)<6),$R15/$V15,"")
A16: =IF(F16="","",COUNTA($F$8:F16)) | B16: =IF(G16="","",MONTH(G16)) | R16: =IF(SUM(M16,O16,Q16)=0,"",SUM(M16,O16,Q16)) | S16: =IF(M16>0,"영 ","")&IF(O16>0,"이 ","")&IF(Q16>0,"기 ","") | T16: =IF(G16="","","W"&ROUNDUP(DAY(G16)/7,0)) | V16: =IF(R16="",0,ROUNDUP(MAX(M16,O16,Q16)/'마스터'!$J$6,0)) | W16: =IF(OR(G16="",V16=0),"",WORKDAY(G16,V16-1)) | X16: =IF(OR(H16="",W16=""),"",H16-W16) | AA16: =IF(AND($G16<>"",$W16<>"",AA$2>=$G16,AA$2<=$W16,WEEKDAY(AA$2,2)<6),$R16/$V16,"") | AB16: =IF(AND($G16<>"",$W16<>"",AB$2>=$G16,AB$2<=$W16,WEEKDAY(AB$2,2)<6),$R16/$V16,"") | AC16: =IF(AND($G16<>"",$W16<>"",AC$2>=$G16,AC$2<=$W16,WEEKDAY(AC$2,2)<6),$R16/$V16,"") | AD16: =IF(AND($G16<>"",$W16<>"",AD$2>=$G16,AD$2<=$W16,WEEKDAY(AD$2,2)<6),$R16/$V16,"") | AE16: =IF(AND($G16<>"",$W16<>"",AE$2>=$G16,AE$2<=$W16,WEEKDAY(AE$2,2)<6),$R16/$V16,"") | AF16: =IF(AND($G16<>"",$W16<>"",AF$2>=$G16,AF$2<=$W16,WEEKDAY(AF$2,2)<6),$R16/$V16,"") | AG16: =IF(AND($G16<>"",$W16<>"",AG$2>=$G16,AG$2<=$W16,WEEKDAY(AG$2,2)<6),$R16/$V16,"") | AH16: =IF(AND($G16<>"",$W16<>"",AH$2>=$G16,AH$2<=$W16,WEEKDAY(AH$2,2)<6),$R16/$V16,"") | ... BE16: =IF(AND($G16<>"",$W16<>"",BE$2>=$G16,BE$2<=$W16,WEEKDAY(BE$2,2)<6),$R16/$V16,"")
A17: =IF(F17="","",COUNTA($F$8:F17)) | B17: =IF(G17="","",MONTH(G17)) | R17: =IF(SUM(M17,O17,Q17)=0,"",SUM(M17,O17,Q17)) | S17: =IF(M17>0,"영 ","")&IF(O17>0,"이 ","")&IF(Q17>0,"기 ","") | T17: =IF(G17="","","W"&ROUNDUP(DAY(G17)/7,0)) | V17: =IF(R17="",0,ROUNDUP(MAX(M17,O17,Q17)/'마스터'!$J$6,0)) | W17: =IF(OR(G17="",V17=0),"",WORKDAY(G17,V17-1)) | X17: =IF(OR(H17="",W17=""),"",H17-W17) | AA17: =IF(AND($G17<>"",$W17<>"",AA$2>=$G17,AA$2<=$W17,WEEKDAY(AA$2,2)<6),$R17/$V17,"") | AB17: =IF(AND($G17<>"",$W17<>"",AB$2>=$G17,AB$2<=$W17,WEEKDAY(AB$2,2)<6),$R17/$V17,"") | AC17: =IF(AND($G17<>"",$W17<>"",AC$2>=$G17,AC$2<=$W17,WEEKDAY(AC$2,2)<6),$R17/$V17,"") | AD17: =IF(AND($G17<>"",$W17<>"",AD$2>=$G17,AD$2<=$W17,WEEKDAY(AD$2,2)<6),$R17/$V17,"") | AE17: =IF(AND($G17<>"",$W17<>"",AE$2>=$G17,AE$2<=$W17,WEEKDAY(AE$2,2)<6),$R17/$V17,"") | AF17: =IF(AND($G17<>"",$W17<>"",AF$2>=$G17,AF$2<=$W17,WEEKDAY(AF$2,2)<6),$R17/$V17,"") | AG17: =IF(AND($G17<>"",$W17<>"",AG$2>=$G17,AG$2<=$W17,WEEKDAY(AG$2,2)<6),$R17/$V17,"") | AH17: =IF(AND($G17<>"",$W17<>"",AH$2>=$G17,AH$2<=$W17,WEEKDAY(AH$2,2)<6),$R17/$V17,"") | ... BE17: =IF(AND($G17<>"",$W17<>"",BE$2>=$G17,BE$2<=$W17,WEEKDAY(BE$2,2)<6),$R17/$V17,"")
A18: =IF(F18="","",COUNTA($F$8:F18)) | B18: =IF(G18="","",MONTH(G18)) | R18: =IF(SUM(M18,O18,Q18)=0,"",SUM(M18,O18,Q18)) | S18: =IF(M18>0,"영 ","")&IF(O18>0,"이 ","")&IF(Q18>0,"기 ","") | T18: =IF(G18="","","W"&ROUNDUP(DAY(G18)/7,0)) | V18: =IF(R18="",0,ROUNDUP(MAX(M18,O18,Q18)/'마스터'!$J$6,0)) | W18: =IF(OR(G18="",V18=0),"",WORKDAY(G18,V18-1)) | X18: =IF(OR(H18="",W18=""),"",H18-W18) | AA18: =IF(AND($G18<>"",$W18<>"",AA$2>=$G18,AA$2<=$W18,WEEKDAY(AA$2,2)<6),$R18/$V18,"") | AB18: =IF(AND($G18<>"",$W18<>"",AB$2>=$G18,AB$2<=$W18,WEEKDAY(AB$2,2)<6),$R18/$V18,"") | AC18: =IF(AND($G18<>"",$W18<>"",AC$2>=$G18,AC$2<=$W18,WEEKDAY(AC$2,2)<6),$R18/$V18,"") | AD18: =IF(AND($G18<>"",$W18<>"",AD$2>=$G18,AD$2<=$W18,WEEKDAY(AD$2,2)<6),$R18/$V18,"") | AE18: =IF(AND($G18<>"",$W18<>"",AE$2>=$G18,AE$2<=$W18,WEEKDAY(AE$2,2)<6),$R18/$V18,"") | AF18: =IF(AND($G18<>"",$W18<>"",AF$2>=$G18,AF$2<=$W18,WEEKDAY(AF$2,2)<6),$R18/$V18,"") | AG18: =IF(AND($G18<>"",$W18<>"",AG$2>=$G18,AG$2<=$W18,WEEKDAY(AG$2,2)<6),$R18/$V18,"") | AH18: =IF(AND($G18<>"",$W18<>"",AH$2>=$G18,AH$2<=$W18,WEEKDAY(AH$2,2)<6),$R18/$V18,"") | ... BE18: =IF(AND($G18<>"",$W18<>"",BE$2>=$G18,BE$2<=$W18,WEEKDAY(BE$2,2)<6),$R18/$V18,"")
A19: =IF(F19="","",COUNTA($F$8:F19)) | B19: =IF(G19="","",MONTH(G19)) | R19: =IF(SUM(M19,O19,Q19)=0,"",SUM(M19,O19,Q19)) | S19: =IF(M19>0,"영 ","")&IF(O19>0,"이 ","")&IF(Q19>0,"기 ","") | T19: =IF(G19="","","W"&ROUNDUP(DAY(G19)/7,0)) | V19: =IF(R19="",0,ROUNDUP(MAX(M19,O19,Q19)/'마스터'!$J$6,0)) | W19: =IF(OR(G19="",V19=0),"",WORKDAY(G19,V19-1)) | X19: =IF(OR(H19="",W19=""),"",H19-W19) | AA19: =IF(AND($G19<>"",$W19<>"",AA$2>=$G19,AA$2<=$W19,WEEKDAY(AA$2,2)<6),$R19/$V19,"") | AB19: =IF(AND($G19<>"",$W19<>"",AB$2>=$G19,AB$2<=$W19,WEEKDAY(AB$2,2)<6),$R19/$V19,"") | AC19: =IF(AND($G19<>"",$W19<>"",AC$2>=$G19,AC$2<=$W19,WEEKDAY(AC$2,2)<6),$R19/$V19,"") | AD19: =IF(AND($G19<>"",$W19<>"",AD$2>=$G19,AD$2<=$W19,WEEKDAY(AD$2,2)<6),$R19/$V19,"") | AE19: =IF(AND($G19<>"",$W19<>"",AE$2>=$G19,AE$2<=$W19,WEEKDAY(AE$2,2)<6),$R19/$V19,"") | AF19: =IF(AND($G19<>"",$W19<>"",AF$2>=$G19,AF$2<=$W19,WEEKDAY(AF$2,2)<6),$R19/$V19,"") | AG19: =IF(AND($G19<>"",$W19<>"",AG$2>=$G19,AG$2<=$W19,WEEKDAY(AG$2,2)<6),$R19/$V19,"") | AH19: =IF(AND($G19<>"",$W19<>"",AH$2>=$G19,AH$2<=$W19,WEEKDAY(AH$2,2)<6),$R19/$V19,"") | ... BE19: =IF(AND($G19<>"",$W19<>"",BE$2>=$G19,BE$2<=$W19,WEEKDAY(BE$2,2)<6),$R19/$V19,"")
A20: =IF(F20="","",COUNTA($F$8:F20)) | B20: =IF(G20="","",MONTH(G20)) | R20: =IF(SUM(M20,O20,Q20)=0,"",SUM(M20,O20,Q20)) | S20: =IF(M20>0,"영 ","")&IF(O20>0,"이 ","")&IF(Q20>0,"기 ","") | T20: =IF(G20="","","W"&ROUNDUP(DAY(G20)/7,0)) | V20: =IF(R20="",0,ROUNDUP(MAX(M20,O20,Q20)/'마스터'!$J$6,0)) | W20: =IF(OR(G20="",V20=0),"",WORKDAY(G20,V20-1)) | X20: =IF(OR(H20="",W20=""),"",H20-W20) | AA20: =IF(AND($G20<>"",$W20<>"",AA$2>=$G20,AA$2<=$W20,WEEKDAY(AA$2,2)<6),$R20/$V20,"") | AB20: =IF(AND($G20<>"",$W20<>"",AB$2>=$G20,AB$2<=$W20,WEEKDAY(AB$2,2)<6),$R20/$V20,"") | AC20: =IF(AND($G20<>"",$W20<>"",AC$2>=$G20,AC$2<=$W20,WEEKDAY(AC$2,2)<6),$R20/$V20,"") | AD20: =IF(AND($G20<>"",$W20<>"",AD$2>=$G20,AD$2<=$W20,WEEKDAY(AD$2,2)<6),$R20/$V20,"") | AE20: =IF(AND($G20<>"",$W20<>"",AE$2>=$G20,AE$2<=$W20,WEEKDAY(AE$2,2)<6),$R20/$V20,"") | AF20: =IF(AND($G20<>"",$W20<>"",AF$2>=$G20,AF$2<=$W20,WEEKDAY(AF$2,2)<6),$R20/$V20,"") | AG20: =IF(AND($G20<>"",$W20<>"",AG$2>=$G20,AG$2<=$W20,WEEKDAY(AG$2,2)<6),$R20/$V20,"") | AH20: =IF(AND($G20<>"",$W20<>"",AH$2>=$G20,AH$2<=$W20,WEEKDAY(AH$2,2)<6),$R20/$V20,"") | ... BE20: =IF(AND($G20<>"",$W20<>"",BE$2>=$G20,BE$2<=$W20,WEEKDAY(BE$2,2)<6),$R20/$V20,"")
A21: =IF(F21="","",COUNTA($F$8:F21)) | B21: =IF(G21="","",MONTH(G21)) | R21: =IF(SUM(M21,O21,Q21)=0,"",SUM(M21,O21,Q21)) | S21: =IF(M21>0,"영 ","")&IF(O21>0,"이 ","")&IF(Q21>0,"기 ","") | T21: =IF(G21="","","W"&ROUNDUP(DAY(G21)/7,0)) | V21: =IF(R21="",0,ROUNDUP(MAX(M21,O21,Q21)/'마스터'!$J$6,0)) | W21: =IF(OR(G21="",V21=0),"",WORKDAY(G21,V21-1)) | X21: =IF(OR(H21="",W21=""),"",H21-W21) | AA21: =IF(AND($G21<>"",$W21<>"",AA$2>=$G21,AA$2<=$W21,WEEKDAY(AA$2,2)<6),$R21/$V21,"") | AB21: =IF(AND($G21<>"",$W21<>"",AB$2>=$G21,AB$2<=$W21,WEEKDAY(AB$2,2)<6),$R21/$V21,"") | AC21: =IF(AND($G21<>"",$W21<>"",AC$2>=$G21,AC$2<=$W21,WEEKDAY(AC$2,2)<6),$R21/$V21,"") | AD21: =IF(AND($G21<>"",$W21<>"",AD$2>=$G21,AD$2<=$W21,WEEKDAY(AD$2,2)<6),$R21/$V21,"") | AE21: =IF(AND($G21<>"",$W21<>"",AE$2>=$G21,AE$2<=$W21,WEEKDAY(AE$2,2)<6),$R21/$V21,"") | AF21: =IF(AND($G21<>"",$W21<>"",AF$2>=$G21,AF$2<=$W21,WEEKDAY(AF$2,2)<6),$R21/$V21,"") | AG21: =IF(AND($G21<>"",$W21<>"",AG$2>=$G21,AG$2<=$W21,WEEKDAY(AG$2,2)<6),$R21/$V21,"") | AH21: =IF(AND($G21<>"",$W21<>"",AH$2>=$G21,AH$2<=$W21,WEEKDAY(AH$2,2)<6),$R21/$V21,"") | ... BE21: =IF(AND($G21<>"",$W21<>"",BE$2>=$G21,BE$2<=$W21,WEEKDAY(BE$2,2)<6),$R21/$V21,"")
A22: =IF(F22="","",COUNTA($F$8:F22)) | B22: =IF(G22="","",MONTH(G22)) | R22: =IF(SUM(M22,O22,Q22)=0,"",SUM(M22,O22,Q22)) | S22: =IF(M22>0,"영 ","")&IF(O22>0,"이 ","")&IF(Q22>0,"기 ","") | T22: =IF(G22="","","W"&ROUNDUP(DAY(G22)/7,0)) | V22: =IF(R22="",0,ROUNDUP(MAX(M22,O22,Q22)/'마스터'!$J$6,0)) | W22: =IF(OR(G22="",V22=0),"",WORKDAY(G22,V22-1)) | X22: =IF(OR(H22="",W22=""),"",H22-W22) | AA22: =IF(AND($G22<>"",$W22<>"",AA$2>=$G22,AA$2<=$W22,WEEKDAY(AA$2,2)<6),$R22/$V22,"") | AB22: =IF(AND($G22<>"",$W22<>"",AB$2>=$G22,AB$2<=$W22,WEEKDAY(AB$2,2)<6),$R22/$V22,"") | AC22: =IF(AND($G22<>"",$W22<>"",AC$2>=$G22,AC$2<=$W22,WEEKDAY(AC$2,2)<6),$R22/$V22,"") | AD22: =IF(AND($G22<>"",$W22<>"",AD$2>=$G22,AD$2<=$W22,WEEKDAY(AD$2,2)<6),$R22/$V22,"") | AE22: =IF(AND($G22<>"",$W22<>"",AE$2>=$G22,AE$2<=$W22,WEEKDAY(AE$2,2)<6),$R22/$V22,"") | AF22: =IF(AND($G22<>"",$W22<>"",AF$2>=$G22,AF$2<=$W22,WEEKDAY(AF$2,2)<6),$R22/$V22,"") | AG22: =IF(AND($G22<>"",$W22<>"",AG$2>=$G22,AG$2<=$W22,WEEKDAY(AG$2,2)<6),$R22/$V22,"") | AH22: =IF(AND($G22<>"",$W22<>"",AH$2>=$G22,AH$2<=$W22,WEEKDAY(AH$2,2)<6),$R22/$V22,"") | ... BE22: =IF(AND($G22<>"",$W22<>"",BE$2>=$G22,BE$2<=$W22,WEEKDAY(BE$2,2)<6),$R22/$V22,"")
A23: =IF(F23="","",COUNTA($F$8:F23)) | B23: =IF(G23="","",MONTH(G23)) | R23: =IF(SUM(M23,O23,Q23)=0,"",SUM(M23,O23,Q23)) | S23: =IF(M23>0,"영 ","")&IF(O23>0,"이 ","")&IF(Q23>0,"기 ","") | T23: =IF(G23="","","W"&ROUNDUP(DAY(G23)/7,0)) | V23: =IF(R23="",0,ROUNDUP(MAX(M23,O23,Q23)/'마스터'!$J$6,0)) | W23: =IF(OR(G23="",V23=0),"",WORKDAY(G23,V23-1)) | X23: =IF(OR(H23="",W23=""),"",H23-W23) | AA23: =IF(AND($G23<>"",$W23<>"",AA$2>=$G23,AA$2<=$W23,WEEKDAY(AA$2,2)<6),$R23/$V23,"") | AB23: =IF(AND($G23<>"",$W23<>"",AB$2>=$G23,AB$2<=$W23,WEEKDAY(AB$2,2)<6),$R23/$V23,"") | AC23: =IF(AND($G23<>"",$W23<>"",AC$2>=$G23,AC$2<=$W23,WEEKDAY(AC$2,2)<6),$R23/$V23,"") | AD23: =IF(AND($G23<>"",$W23<>"",AD$2>=$G23,AD$2<=$W23,WEEKDAY(AD$2,2)<6),$R23/$V23,"") | AE23: =IF(AND($G23<>"",$W23<>"",AE$2>=$G23,AE$2<=$W23,WEEKDAY(AE$2,2)<6),$R23/$V23,"") | AF23: =IF(AND($G23<>"",$W23<>"",AF$2>=$G23,AF$2<=$W23,WEEKDAY(AF$2,2)<6),$R23/$V23,"") | AG23: =IF(AND($G23<>"",$W23<>"",AG$2>=$G23,AG$2<=$W23,WEEKDAY(AG$2,2)<6),$R23/$V23,"") | AH23: =IF(AND($G23<>"",$W23<>"",AH$2>=$G23,AH$2<=$W23,WEEKDAY(AH$2,2)<6),$R23/$V23,"") | ... BE23: =IF(AND($G23<>"",$W23<>"",BE$2>=$G23,BE$2<=$W23,WEEKDAY(BE$2,2)<6),$R23/$V23,"")
A24: =IF(F24="","",COUNTA($F$8:F24)) | B24: =IF(G24="","",MONTH(G24)) | R24: =IF(SUM(M24,O24,Q24)=0,"",SUM(M24,O24,Q24)) | S24: =IF(M24>0,"영 ","")&IF(O24>0,"이 ","")&IF(Q24>0,"기 ","") | T24: =IF(G24="","","W"&ROUNDUP(DAY(G24)/7,0)) | V24: =IF(R24="",0,ROUNDUP(MAX(M24,O24,Q24)/'마스터'!$J$6,0)) | W24: =IF(OR(G24="",V24=0),"",WORKDAY(G24,V24-1)) | X24: =IF(OR(H24="",W24=""),"",H24-W24) | AA24: =IF(AND($G24<>"",$W24<>"",AA$2>=$G24,AA$2<=$W24,WEEKDAY(AA$2,2)<6),$R24/$V24,"") | AB24: =IF(AND($G24<>"",$W24<>"",AB$2>=$G24,AB$2<=$W24,WEEKDAY(AB$2,2)<6),$R24/$V24,"") | AC24: =IF(AND($G24<>"",$W24<>"",AC$2>=$G24,AC$2<=$W24,WEEKDAY(AC$2,2)<6),$R24/$V24,"") | AD24: =IF(AND($G24<>"",$W24<>"",AD$2>=$G24,AD$2<=$W24,WEEKDAY(AD$2,2)<6),$R24/$V24,"") | AE24: =IF(AND($G24<>"",$W24<>"",AE$2>=$G24,AE$2<=$W24,WEEKDAY(AE$2,2)<6),$R24/$V24,"") | AF24: =IF(AND($G24<>"",$W24<>"",AF$2>=$G24,AF$2<=$W24,WEEKDAY(AF$2,2)<6),$R24/$V24,"") | AG24: =IF(AND($G24<>"",$W24<>"",AG$2>=$G24,AG$2<=$W24,WEEKDAY(AG$2,2)<6),$R24/$V24,"") | AH24: =IF(AND($G24<>"",$W24<>"",AH$2>=$G24,AH$2<=$W24,WEEKDAY(AH$2,2)<6),$R24/$V24,"") | ... BE24: =IF(AND($G24<>"",$W24<>"",BE$2>=$G24,BE$2<=$W24,WEEKDAY(BE$2,2)<6),$R24/$V24,"")
... A57: =IF(F57="","",COUNTA($F$8:F57)) | B57: =IF(G57="","",MONTH(G57)) | R57: =IF(SUM(M57,O57,Q57)=0,"",SUM(M57,O57,Q57)) | S57: =IF(M57>0,"영 ","")&IF(O57>0,"이 ","")&IF(Q57>0,"기 ","") | T57: =IF(G57="","","W"&ROUNDUP(DAY(G57)/7,0)) | V57: =IF(R57="",0,ROUNDUP(MAX(M57,O57,Q57)/'마스터'!$J$6,0)) | W57: =IF(OR(G57="",V57=0),"",WORKDAY(G57,V57-1)) | X57: =IF(OR(H57="",W57=""),"",H57-W57) | AA57: =IF(AND($G57<>"",$W57<>"",AA$2>=$G57,AA$2<=$W57,WEEKDAY(AA$2,2)<6),$R57/$V57,"") | AB57: =IF(AND($G57<>"",$W57<>"",AB$2>=$G57,AB$2<=$W57,WEEKDAY(AB$2,2)<6),$R57/$V57,"") | AC57: =IF(AND($G57<>"",$W57<>"",AC$2>=$G57,AC$2<=$W57,WEEKDAY(AC$2,2)<6),$R57/$V57,"") | AD57: =IF(AND($G57<>"",$W57<>"",AD$2>=$G57,AD$2<=$W57,WEEKDAY(AD$2,2)<6),$R57/$V57,"") | AE57: =IF(AND($G57<>"",$W57<>"",AE$2>=$G57,AE$2<=$W57,WEEKDAY(AE$2,2)<6),$R57/$V57,"") | AF57: =IF(AND($G57<>"",$W57<>"",AF$2>=$G57,AF$2<=$W57,WEEKDAY(AF$2,2)<6),$R57/$V57,"") | AG57: =IF(AND($G57<>"",$W57<>"",AG$2>=$G57,AG$2<=$W57,WEEKDAY(AG$2,2)<6),$R57/$V57,"") | AH57: =IF(AND($G57<>"",$W57<>"",AH$2>=$G57,AH$2<=$W57,WEEKDAY(AH$2,2)<6),$R57/$V57,"") | ... BE57: =IF(AND($G57<>"",$W57<>"",BE$2>=$G57,BE$2<=$W57,WEEKDAY(BE$2,2)<6),$R57/$V57,"")

Sheet 연간요약
B2: 연간요약 - 월별 / 상하반기 / 매월 누적
B3: 입력은 통합관리 시트. 아래는 자동 집계.
B5: 월 | C5: 영상MD | D5: 이미지MD | E5: 기획MD | F5: 합계MD | G5: 누적MD | H5: 영상수 | I5: 사이즈베리 | J5: 다국어베리 | K5: 가동률
B6: 1월 | C6: =SUMIFS('통합관리'!$M$8:$M$57,'통합관리'!$B$8:$B$57,1) | D6: =SUMIFS('통합관리'!$O$8:$O$57,'통합관리'!$B$8:$B$57,1) | E6: =SUMIFS('통합관리'!$Q$8:$Q$57,'통합관리'!$B$8:$B$57,1) | F6: =SUM(C6:E6) | G6: =SUM($F$6:F6) | H6: =SUMIFS('통합관리'!$I$8:$I$57,'통합관리'!$B$8:$B$57,1) | I6: =SUMIFS('통합관리'!$J$8:$J$57,'통합관리'!$B$8:$B$57,1) | J6: =SUMIFS('통합관리'!$K$8:$K$57,'통합관리'!$B$8:$B$57,1) | K6: =IFERROR(F6/(SUM('마스터'!$J$9:$J$11)*'마스터'!$J$5),0)
B7: 2월 | C7: =SUMIFS('통합관리'!$M$8:$M$57,'통합관리'!$B$8:$B$57,2) | D7: =SUMIFS('통합관리'!$O$8:$O$57,'통합관리'!$B$8:$B$57,2) | E7: =SUMIFS('통합관리'!$Q$8:$Q$57,'통합관리'!$B$8:$B$57,2) | F7: =SUM(C7:E7) | G7: =SUM($F$6:F7) | H7: =SUMIFS('통합관리'!$I$8:$I$57,'통합관리'!$B$8:$B$57,2) | I7: =SUMIFS('통합관리'!$J$8:$J$57,'통합관리'!$B$8:$B$57,2) | J7: =SUMIFS('통합관리'!$K$8:$K$57,'통합관리'!$B$8:$B$57,2) | K7: =IFERROR(F7/(SUM('마스터'!$J$9:$J$11)*'마스터'!$J$5),0)
B8: 3월 | C8: =SUMIFS('통합관리'!$M$8:$M$57,'통합관리'!$B$8:$B$57,3) | D8: =SUMIFS('통합관리'!$O$8:$O$57,'통합관리'!$B$8:$B$57,3) | E8: =SUMIFS('통합관리'!$Q$8:$Q$57,'통합관리'!$B$8:$B$57,3) | F8: =SUM(C8:E8) | G8: =SUM($F$6:F8) | H8: =SUMIFS('통합관리'!$I$8:$I$57,'통합관리'!$B$8:$B$57,3) | I8: =SUMIFS('통합관리'!$J$8:$J$57,'통합관리'!$B$8:$B$57,3) | J8: =SUMIFS('통합관리'!$K$8:$K$57,'통합관리'!$B$8:$B$57,3) | K8: =IFERROR(F8/(SUM('마스터'!$J$9:$J$11)*'마스터'!$J$5),0)
B9: 4월 | C9: =SUMIFS('통합관리'!$M$8:$M$57,'통합관리'!$B$8:$B$57,4) | D9: =SUMIFS('통합관리'!$O$8:$O$57,'통합관리'!$B$8:$B$57,4) | E9: =SUMIFS('통합관리'!$Q$8:$Q$57,'통합관리'!$B$8:$B$57,4) | F9: =SUM(C9:E9) | G9: =SUM($F$6:F9) | H9: =SUMIFS('통합관리'!$I$8:$I$57,'통합관리'!$B$8:$B$57,4) | I9: =SUMIFS('통합관리'!$J$8:$J$57,'통합관리'!$B$8:$B$57,4) | J9: =SUMIFS('통합관리'!$K$8:$K$57,'통합관리'!$B$8:$B$57,4) | K9: =IFERROR(F9/(SUM('마스터'!$J$9:$J$11)*'마스터'!$J$5),0)
B10: 5월 | C10: =SUMIFS('통합관리'!$M$8:$M$57,'통합관리'!$B$8:$B$57,5) | D10: =SUMIFS('통합관리'!$O$8:$O$57,'통합관리'!$B$8:$B$57,5) | E10: =SUMIFS('통합관리'!$Q$8:$Q$57,'통합관리'!$B$8:$B$57,5) | F10: =SUM(C10:E10) | G10: =SUM($F$6:F10) | H10: =SUMIFS('통합관리'!$I$8:$I$57,'통합관리'!$B$8:$B$57,5) | I10: =SUMIFS('통합관리'!$J$8:$J$57,'통합관리'!$B$8:$B$57,5) | J10: =SUMIFS('통합관리'!$K$8:$K$57,'통합관리'!$B$8:$B$57,5) | K10: =IFERROR(F10/(SUM('마스터'!$J$9:$J$11)*'마스터'!$J$5),0)
B11: 6월 | C11: =SUMIFS('통합관리'!$M$8:$M$57,'통합관리'!$B$8:$B$57,6) | D11: =SUMIFS('통합관리'!$O$8:$O$57,'통합관리'!$B$8:$B$57,6) | E11: =SUMIFS('통합관리'!$Q$8:$Q$57,'통합관리'!$B$8:$B$57,6) | F11: =SUM(C11:E11) | G11: =SUM($F$6:F11) | H11: =SUMIFS('통합관리'!$I$8:$I$57,'통합관리'!$B$8:$B$57,6) | I11: =SUMIFS('통합관리'!$J$8:$J$57,'통합관리'!$B$8:$B$57,6) | J11: =SUMIFS('통합관리'!$K$8:$K$57,'통합관리'!$B$8:$B$57,6) | K11: =IFERROR(F11/(SUM('마스터'!$J$9:$J$11)*'마스터'!$J$5),0)
B12: 7월 | C12: =SUMIFS('통합관리'!$M$8:$M$57,'통합관리'!$B$8:$B$57,7) | D12: =SUMIFS('통합관리'!$O$8:$O$57,'통합관리'!$B$8:$B$57,7) | E12: =SUMIFS('통합관리'!$Q$8:$Q$57,'통합관리'!$B$8:$B$57,7) | F12: =SUM(C12:E12) | G12: =SUM($F$6:F12) | H12: =SUMIFS('통합관리'!$I$8:$I$57,'통합관리'!$B$8:$B$57,7) | I12: =SUMIFS('통합관리'!$J$8:$J$57,'통합관리'!$B$8:$B$57,7) | J12: =SUMIFS('통합관리'!$K$8:$K$57,'통합관리'!$B$8:$B$57,7) | K12: =IFERROR(F12/(SUM('마스터'!$J$9:$J$11)*'마스터'!$J$5),0)
B13: 8월 | C13: =SUMIFS('통합관리'!$M$8:$M$57,'통합관리'!$B$8:$B$57,8) | D13: =SUMIFS('통합관리'!$O$8:$O$57,'통합관리'!$B$8:$B$57,8) | E13: =SUMIFS('통합관리'!$Q$8:$Q$57,'통합관리'!$B$8:$B$57,8) | F13: =SUM(C13:E13) | G13: =SUM($F$6:F13) | H13: =SUMIFS('통합관리'!$I$8:$I$57,'통합관리'!$B$8:$B$57,8) | I13: =SUMIFS('통합관리'!$J$8:$J$57,'통합관리'!$B$8:$B$57,8) | J13: =SUMIFS('통합관리'!$K$8:$K$57,'통합관리'!$B$8:$B$57,8) | K13: =IFERROR(F13/(SUM('마스터'!$J$9:$J$11)*'마스터'!$J$5),0)
B14: 9월 | C14: =SUMIFS('통합관리'!$M$8:$M$57,'통합관리'!$B$8:$B$57,9) | D14: =SUMIFS('통합관리'!$O$8:$O$57,'통합관리'!$B$8:$B$57,9) | E14: =SUMIFS('통합관리'!$Q$8:$Q$57,'통합관리'!$B$8:$B$57,9) | F14: =SUM(C14:E14) | G14: =SUM($F$6:F14) | H14: =SUMIFS('통합관리'!$I$8:$I$57,'통합관리'!$B$8:$B$57,9) | I14: =SUMIFS('통합관리'!$J$8:$J$57,'통합관리'!$B$8:$B$57,9) | J14: =SUMIFS('통합관리'!$K$8:$K$57,'통합관리'!$B$8:$B$57,9) | K14: =IFERROR(F14/(SUM('마스터'!$J$9:$J$11)*'마스터'!$J$5),0)
B15: 10월 | C15: =SUMIFS('통합관리'!$M$8:$M$57,'통합관리'!$B$8:$B$57,10) | D15: =SUMIFS('통합관리'!$O$8:$O$57,'통합관리'!$B$8:$B$57,10) | E15: =SUMIFS('통합관리'!$Q$8:$Q$57,'통합관리'!$B$8:$B$57,10) | F15: =SUM(C15:E15) | G15: =SUM($F$6:F15) | H15: =SUMIFS('통합관리'!$I$8:$I$57,'통합관리'!$B$8:$B$57,10) | I15: =SUMIFS('통합관리'!$J$8:$J$57,'통합관리'!$B$8:$B$57,10) | J15: =SUMIFS('통합관리'!$K$8:$K$57,'통합관리'!$B$8:$B$57,10) | K15: =IFERROR(F15/(SUM('마스터'!$J$9:$J$11)*'마스터'!$J$5),0)
B16: 11월 | C16: =SUMIFS('통합관리'!$M$8:$M$57,'통합관리'!$B$8:$B$57,11) | D16: =SUMIFS('통합관리'!$O$8:$O$57,'통합관리'!$B$8:$B$57,11) | E16: =SUMIFS('통합관리'!$Q$8:$Q$57,'통합관리'!$B$8:$B$57,11) | F16: =SUM(C16:E16) | G16: =SUM($F$6:F16) | H16: =SUMIFS('통합관리'!$I$8:$I$57,'통합관리'!$B$8:$B$57,11) | I16: =SUMIFS('통합관리'!$J$8:$J$57,'통합관리'!$B$8:$B$57,11) | J16: =SUMIFS('통합관리'!$K$8:$K$57,'통합관리'!$B$8:$B$57,11) | K16: =IFERROR(F16/(SUM('마스터'!$J$9:$J$11)*'마스터'!$J$5),0)
B17: 12월 | C17: =SUMIFS('통합관리'!$M$8:$M$57,'통합관리'!$B$8:$B$57,12) | D17: =SUMIFS('통합관리'!$O$8:$O$57,'통합관리'!$B$8:$B$57,12) | E17: =SUMIFS('통합관리'!$Q$8:$Q$57,'통합관리'!$B$8:$B$57,12) | F17: =SUM(C17:E17) | G17: =SUM($F$6:F17) | H17: =SUMIFS('통합관리'!$I$8:$I$57,'통합관리'!$B$8:$B$57,12) | I17: =SUMIFS('통합관리'!$J$8:$J$57,'통합관리'!$B$8:$B$57,12) | J17: =SUMIFS('통합관리'!$K$8:$K$57,'통합관리'!$B$8:$B$57,12) | K17: =IFERROR(F17/(SUM('마스터'!$J$9:$J$11)*'마스터'!$J$5),0)
B18: 상반기(1-6) | C18: =SUM(C6:C11) | D18: =SUM(D6:D11) | E18: =SUM(E6:E11) | F18: =SUM(F6:F11) | H18: =SUM(H6:H11) | I18: =SUM(I6:I11) | J18: =SUM(J6:J11) | K18: =IFERROR(F18/(SUM('마스터'!$J$9:$J$11)*'마스터'!$J$5*(11-6+1)),0)
B19: 하반기(7-12) | C19: =SUM(C12:C17) | D19: =SUM(D12:D17) | E19: =SUM(E12:E17) | F19: =SUM(F12:F17) | H19: =SUM(H12:H17) | I19: =SUM(I12:I17) | J19: =SUM(J12:J17) | K19: =IFERROR(F19/(SUM('마스터'!$J$9:$J$11)*'마스터'!$J$5*(17-12+1)),0)
B20: 연간 합계 | C20: =SUM(C6:C17) | D20: =SUM(D6:D17) | E20: =SUM(E6:E17) | F20: =SUM(F6:F17) | H20: =SUM(H6:H17) | I20: =SUM(I6:I17) | J20: =SUM(J6:J17) | K20: =IFERROR(F20/(SUM('마스터'!$J$9:$J$11)*'마스터'!$J$5*(17-6+1)),0)
B23: 고객팀 x 유형 (연간 건수) | H23: 게임타이틀별 (연간)
B24: 팀\유형 | C24: 영상 | D24: 이미지 | E24: 기획 | H24: 타이틀 | I24: 건수 | J24: MD
B25: 마케팅1팀 | C25: =COUNTIFS('통합관리'!$D$8:$D$57,$B25,'통합관리'!$E$8:$E$57,C$24) | D25: =COUNTIFS('통합관리'!$D$8:$D$57,$B25,'통합관리'!$E$8:$E$57,D$24) | E25: =COUNTIFS('통합관리'!$D$8:$D$57,$B25,'통합관리'!$E$8:$E$57,E$24) | H25: 뱀피르 | I25: =COUNTIF('통합관리'!$C$8:$C$57,H25) | J25: =SUMIF('통합관리'!$C$8:$C$57,H25,'통합관리'!$R$8:$R$57)
B26: 마케팅2팀 | C26: =COUNTIFS('통합관리'!$D$8:$D$57,$B26,'통합관리'!$E$8:$E$57,C$24) | D26: =COUNTIFS('통합관리'!$D$8:$D$57,$B26,'통합관리'!$E$8:$E$57,D$24) | E26: =COUNTIFS('통합관리'!$D$8:$D$57,$B26,'통합관리'!$E$8:$E$57,E$24) | H26: RF 글로벌 | I26: =COUNTIF('통합관리'!$C$8:$C$57,H26) | J26: =SUMIF('통합관리'!$C$8:$C$57,H26,'통합관리'!$R$8:$R$57)
B27: 마케팅3팀 | C27: =COUNTIFS('통합관리'!$D$8:$D$57,$B27,'통합관리'!$E$8:$E$57,C$24) | D27: =COUNTIFS('통합관리'!$D$8:$D$57,$B27,'통합관리'!$E$8:$E$57,D$24) | E27: =COUNTIFS('통합관리'!$D$8:$D$57,$B27,'통합관리'!$E$8:$E$57,E$24) | H27: SOL 인챈트 | I27: =COUNTIF('통합관리'!$C$8:$C$57,H27) | J27: =SUMIF('통합관리'!$C$8:$C$57,H27,'통합관리'!$R$8:$R$57)
B28: 마케팅4팀 | C28: =COUNTIFS('통합관리'!$D$8:$D$57,$B28,'통합관리'!$E$8:$E$57,C$24) | D28: =COUNTIFS('통합관리'!$D$8:$D$57,$B28,'통합관리'!$E$8:$E$57,D$24) | E28: =COUNTIFS('통합관리'!$D$8:$D$57,$B28,'통합관리'!$E$8:$E$57,E$24) | H28: 스톤에이지펫월드 | I28: =COUNTIF('통합관리'!$C$8:$C$57,H28) | J28: =SUMIF('통합관리'!$C$8:$C$57,H28,'통합관리'!$R$8:$R$57)
B29: 기타 | C29: =COUNTIFS('통합관리'!$D$8:$D$57,$B29,'통합관리'!$E$8:$E$57,C$24) | D29: =COUNTIFS('통합관리'!$D$8:$D$57,$B29,'통합관리'!$E$8:$E$57,D$24) | E29: =COUNTIFS('통합관리'!$D$8:$D$57,$B29,'통합관리'!$E$8:$E$57,E$24) | H29: 칠대죄오리진 | I29: =COUNTIF('통합관리'!$C$8:$C$57,H29) | J29: =SUMIF('통합관리'!$C$8:$C$57,H29,'통합관리'!$R$8:$R$57)
H30: 세나리버스 | I30: =COUNTIF('통합관리'!$C$8:$C$57,H30) | J30: =SUMIF('통합관리'!$C$8:$C$57,H30,'통합관리'!$R$8:$R$57)
H31: 몬길 | I31: =COUNTIF('통합관리'!$C$8:$C$57,H31) | J31: =SUMIF('통합관리'!$C$8:$C$57,H31,'통합관리'!$R$8:$R$57)
H32: 왕겜(GOT) | I32: =COUNTIF('통합관리'!$C$8:$C$57,H32) | J32: =SUMIF('통합관리'!$C$8:$C$57,H32,'통합관리'!$R$8:$R$57)
H33: 몬스터길들이기 | I33: =COUNTIF('통합관리'!$C$8:$C$57,H33) | J33: =SUMIF('통합관리'!$C$8:$C$57,H33,'통합관리'!$R$8:$R$57)
H34: 라이즈오브 | I34: =COUNTIF('통합관리'!$C$8:$C$57,H34) | J34: =SUMIF('통합관리'!$C$8:$C$57,H34,'통합관리'!$R$8:$R$57)
