Workbook

Sheet 사용법
B2: AI 파이프라인 통합 리소스/스케줄 관리 시트 v8
B3: 월별 탭 + 팀별 30행 색상 구간 + 주말/공휴일 워킹데이 반영 + 연간요약
B5: 색 표시
B6: 파랑 | C6: 해당 직군 정원(TO)의 80~100% 채워진 상태
B7: 보라 | C7: 정원(TO) 초과 - 조율 필요
B8: 회색 | C8: 주말(토/일) 또는 대한민국 공휴일 - 실제 워킹데이 아님
B10: 1. 월별 탭
B11: 탭 구조 | C11: 1월~12월 탭이 각각 독립된 통합관리. 그 달 업무만 그 탭에 입력.
B12: 행 = 한 업무명 | C12: 영상 파이프라인 기준. 영상/이미지/기획(SB)이 각각 담당+MD 칸으로 붙음. 붙는 직군만 기입, 나머지 비움.
B13: 요청일 위치 | C13: 소재명 바로 오른쪽. 완료일은 요일 없이 날짜만 표기(예: 8/14). 요청일·예상완료는 요일 포함 표기.
B14: 수량 | C14: 영상 수 / 사이즈베리 수 / 다국어베리 수 3개 분리.
B16: 2. 팀별 색상 구간
B17: 30행 구간 | C17: 각 월 탭 안에서 마케팅1~4팀 + 기타, 팀마다 30행씩 고정 구간으로 미리 배치. 구간 상단에 팀 이름 색상 배너.
B18: 고객팀 자동 | C18: 구간 안 행의 '고객팀' 칸은 그 팀 이름과 색으로 자동 고정 - 별도 입력/선택 불필요. 다른 팀 업무는 해당 팀 구간에 입력.
B19: 30행 초과 시 | C19: 해당 팀 업무가 30건을 넘으면 시트에서 행 삽입(우클릭 > 행 삽입)으로 구간을 늘리면 됩니다.
B21: 3. 워킹데이 (주말 + 대한민국 공휴일)
B22: 회색 처리 | C22: 간트와 상단 TO 상태 모두 토/일 + 마스터의 대한민국 공휴일 목록에 해당하는 날짜는 회색 처리.
B23: 일정 계산 | C23: 소요일 산정 시에도 공휴일을 제외하고 계산 - 예상완료일이 실제 근무일 기준으로 정확해짐.
B24: 공휴일 수정 | C24: 마스터 시트의 공휴일 목록(설날/추석 등 음력 기반 포함)은 참고용 - 정부 발표 기준으로 매년 확인 후 수정 필요.
B26: 4. 연간요약
B27: 월별/누적 | C27: 12개 월 탭에서 직접 집계. 매월 누적, 상반기(1-6)/하반기(7-12)/연간 합계, 월별 가동률.
B28: 팀/타이틀 | C28: 고객팀x유형 연간 건수, 게임타이틀별 연간 MD - 12개 탭 합산.

Sheet 마스터
A1: 마스터 / 기준정보
A2: 게임 타이틀 (25) | C2: 고객팀 | E2: 유형 | G2: 상태 | I2: 운영 파라미터
A3: 뱀피르 | C3: 마케팅1팀 | E3: 영상 | G3: 대기 | I3: 연도 | J3: 2026
A4: RF 글로벌 | C4: 마케팅2팀 | E4: 영상+이미지 | G4: 진행 | I4: 월 가동일수 | J4: 20
A5: SOL 인챈트 | C5: 마케팅3팀 | E5: 이미지 | G5: 검수 | I5: 1일=MD | J5: 1
A6: 스톤에이지펫월드 | C6: 마케팅4팀 | E6: 베리 | G6: 완료
A7: 칠대죄오리진 | C7: 기타 | E7: 기획 | I7: 직군 일 TO 정원
A8: 세나리버스 | E8: 기타 | I8: 영상 | J8: 6
A9: 몬길 | I9: 이미지 | J9: 8
A10: 왕겜(GOT) | I10: 기획 | J10: 3
A11: 몬스터길들이기
A12: 라이즈오브 | I12: 대한민국 공휴일 (참고 - 연도별 확인/수정 필요)
I13: 신정 | J13: =DATE(2026,1,1)
I14: 설날연휴 | J14: =DATE(2026,2,16)
I15: 설날 | J15: =DATE(2026,2,17)
I16: 설날연휴 | J16: =DATE(2026,2,18)
I17: 삼일절(대체) | J17: =DATE(2026,3,2)
I18: 어린이날 | J18: =DATE(2026,5,5)
I19: 부처님오신날(음력,확인필요) | J19: =DATE(2026,5,24)
I20: 현충일 | J20: =DATE(2026,6,6)
I21: 광복절 | J21: =DATE(2026,8,15)
I22: 추석연휴(음력,확인필요) | J22: =DATE(2026,9,24)
I23: 추석(음력,확인필요) | J23: =DATE(2026,9,25)
I24: 추석연휴(음력,확인필요) | J24: =DATE(2026,9,26)
I25: 개천절 | J25: =DATE(2026,10,3)
I26: 한글날 | J26: =DATE(2026,10,9)
I27: 성탄절 | J27: =DATE(2026,12,25)
A30: 비나(VINA) 운영 시나리오 (참고)
A31: 방안 1 | C31: 기획+내부디자인+비나영상 - 비나 영상공수는 영상실 매출 귀속
A32: 방안 2 | C32: 비나=사이즈베리만 - 영상 베리는 디자인 흡수
A33: 방안 3 | C33: 비나 이미지TO 추가발주+추가비용
A34: 방안 4 | C34: 본사 프로세스 통합(이미지TO 추가X)

Sheet 연간요약
B2: 연간요약 - 월별 / 상하반기 / 매월 누적
B3: 각 월 탭에서 직접 집계. 입력은 해당 월 탭에서.
B5: 월 | C5: 영상MD | D5: 이미지MD | E5: 기획MD | F5: 합계MD | G5: 누적MD | H5: 영상수 | I5: 사이즈베리 | J5: 다국어베리 | K5: 가동률
B6: 1월 | C6: =SUM('1월'!L8:L162) | D6: =SUM('1월'!N8:N162) | E6: =SUM('1월'!P8:P162) | F6: =SUM(C6:E6) | G6: =SUM($F$6:F6) | H6: =SUM('1월'!H8:H162) | I6: =SUM('1월'!I8:I162) | J6: =SUM('1월'!J8:J162) | K6: =IFERROR(F6/(SUM('마스터'!$J$8:$J$10)*'마스터'!$J$4),0)
B7: 2월 | C7: =SUM('2월'!L8:L162) | D7: =SUM('2월'!N8:N162) | E7: =SUM('2월'!P8:P162) | F7: =SUM(C7:E7) | G7: =SUM($F$6:F7) | H7: =SUM('2월'!H8:H162) | I7: =SUM('2월'!I8:I162) | J7: =SUM('2월'!J8:J162) | K7: =IFERROR(F7/(SUM('마스터'!$J$8:$J$10)*'마스터'!$J$4),0)
B8: 3월 | C8: =SUM('3월'!L8:L162) | D8: =SUM('3월'!N8:N162) | E8: =SUM('3월'!P8:P162) | F8: =SUM(C8:E8) | G8: =SUM($F$6:F8) | H8: =SUM('3월'!H8:H162) | I8: =SUM('3월'!I8:I162) | J8: =SUM('3월'!J8:J162) | K8: =IFERROR(F8/(SUM('마스터'!$J$8:$J$10)*'마스터'!$J$4),0)
B9: 4월 | C9: =SUM('4월'!L8:L162) | D9: =SUM('4월'!N8:N162) | E9: =SUM('4월'!P8:P162) | F9: =SUM(C9:E9) | G9: =SUM($F$6:F9) | H9: =SUM('4월'!H8:H162) | I9: =SUM('4월'!I8:I162) | J9: =SUM('4월'!J8:J162) | K9: =IFERROR(F9/(SUM('마스터'!$J$8:$J$10)*'마스터'!$J$4),0)
B10: 5월 | C10: =SUM('5월'!L8:L162) | D10: =SUM('5월'!N8:N162) | E10: =SUM('5월'!P8:P162) | F10: =SUM(C10:E10) | G10: =SUM($F$6:F10) | H10: =SUM('5월'!H8:H162) | I10: =SUM('5월'!I8:I162) | J10: =SUM('5월'!J8:J162) | K10: =IFERROR(F10/(SUM('마스터'!$J$8:$J$10)*'마스터'!$J$4),0)
B11: 6월 | C11: =SUM('6월'!L8:L162) | D11: =SUM('6월'!N8:N162) | E11: =SUM('6월'!P8:P162) | F11: =SUM(C11:E11) | G11: =SUM($F$6:F11) | H11: =SUM('6월'!H8:H162) | I11: =SUM('6월'!I8:I162) | J11: =SUM('6월'!J8:J162) | K11: =IFERROR(F11/(SUM('마스터'!$J$8:$J$10)*'마스터'!$J$4),0)
B12: 7월 | C12: =SUM('7월'!L8:L162) | D12: =SUM('7월'!N8:N162) | E12: =SUM('7월'!P8:P162) | F12: =SUM(C12:E12) | G12: =SUM($F$6:F12) | H12: =SUM('7월'!H8:H162) | I12: =SUM('7월'!I8:I162) | J12: =SUM('7월'!J8:J162) | K12: =IFERROR(F12/(SUM('마스터'!$J$8:$J$10)*'마스터'!$J$4),0)
B13: 8월 | C13: =SUM('8월'!L8:L162) | D13: =SUM('8월'!N8:N162) | E13: =SUM('8월'!P8:P162) | F13: =SUM(C13:E13) | G13: =SUM($F$6:F13) | H13: =SUM('8월'!H8:H162) | I13: =SUM('8월'!I8:I162) | J13: =SUM('8월'!J8:J162) | K13: =IFERROR(F13/(SUM('마스터'!$J$8:$J$10)*'마스터'!$J$4),0)
B14: 9월 | C14: =SUM('9월'!L8:L162) | D14: =SUM('9월'!N8:N162) | E14: =SUM('9월'!P8:P162) | F14: =SUM(C14:E14) | G14: =SUM($F$6:F14) | H14: =SUM('9월'!H8:H162) | I14: =SUM('9월'!I8:I162) | J14: =SUM('9월'!J8:J162) | K14: =IFERROR(F14/(SUM('마스터'!$J$8:$J$10)*'마스터'!$J$4),0)
B15: 10월 | C15: =SUM('10월'!L8:L162) | D15: =SUM('10월'!N8:N162) | E15: =SUM('10월'!P8:P162) | F15: =SUM(C15:E15) | G15: =SUM($F$6:F15) | H15: =SUM('10월'!H8:H162) | I15: =SUM('10월'!I8:I162) | J15: =SUM('10월'!J8:J162) | K15: =IFERROR(F15/(SUM('마스터'!$J$8:$J$10)*'마스터'!$J$4),0)
B16: 11월 | C16: =SUM('11월'!L8:L162) | D16: =SUM('11월'!N8:N162) | E16: =SUM('11월'!P8:P162) | F16: =SUM(C16:E16) | G16: =SUM($F$6:F16) | H16: =SUM('11월'!H8:H162) | I16: =SUM('11월'!I8:I162) | J16: =SUM('11월'!J8:J162) | K16: =IFERROR(F16/(SUM('마스터'!$J$8:$J$10)*'마스터'!$J$4),0)
B17: 12월 | C17: =SUM('12월'!L8:L162) | D17: =SUM('12월'!N8:N162) | E17: =SUM('12월'!P8:P162) | F17: =SUM(C17:E17) | G17: =SUM($F$6:F17) | H17: =SUM('12월'!H8:H162) | I17: =SUM('12월'!I8:I162) | J17: =SUM('12월'!J8:J162) | K17: =IFERROR(F17/(SUM('마스터'!$J$8:$J$10)*'마스터'!$J$4),0)
B18: 상반기(1-6) | C18: =SUM(C6:C11) | D18: =SUM(D6:D11) | E18: =SUM(E6:E11) | F18: =SUM(F6:F11) | H18: =SUM(H6:H11) | I18: =SUM(I6:I11) | J18: =SUM(J6:J11) | K18: =IFERROR(F18/(SUM('마스터'!$J$8:$J$10)*'마스터'!$J$4*(11-6+1)),0)
B19: 하반기(7-12) | C19: =SUM(C12:C17) | D19: =SUM(D12:D17) | E19: =SUM(E12:E17) | F19: =SUM(F12:F17) | H19: =SUM(H12:H17) | I19: =SUM(I12:I17) | J19: =SUM(J12:J17) | K19: =IFERROR(F19/(SUM('마스터'!$J$8:$J$10)*'마스터'!$J$4*(17-12+1)),0)
B20: 연간 합계 | C20: =SUM(C6:C17) | D20: =SUM(D6:D17) | E20: =SUM(E6:E17) | F20: =SUM(F6:F17) | H20: =SUM(H6:H17) | I20: =SUM(I6:I17) | J20: =SUM(J6:J17) | K20: =IFERROR(F20/(SUM('마스터'!$J$8:$J$10)*'마스터'!$J$4*(17-6+1)),0)
B23: 고객팀 x 유형 (연간 건수) | H23: 게임타이틀별 (연간)
B24: 팀\유형 | C24: 영상 | D24: 이미지 | E24: 기획 | H24: 타이틀 | I24: 건수 | J24: MD
B25: 마케팅1팀 | C25: =COUNTIFS('1월'!$C$8:$C$162,$B25,'1월'!$D$8:$D$162,C$24)+COUNTIFS('2월'!$C$8:$C$162,$B25,'2월'!$D$8:$D$162,C$24)+COUNTIFS('3월'!$C$8:$C$162,$B25,'3월'!$D$8:$D$162,C$24)+COUNTIFS('4월'!$C$8:$C$162,$B25,'4월'!$D$8:$D$162,C$24)+COUNTIFS('5월'!$C$8:$C$162,$B25,'5월'!$D$8:$D$162,C$24)+COUNTIFS('6월'!$C$8:$C$162,$B25,'6월'!$D$8:$D$162,C$24)+COUNTIFS('7월'!$C$8:$C$162,$B25,'7월'!$D$8:$D$162,C$24)+COUNTIFS('8월'!$C$8:$C$162,$B25,'8월'!$D$8:$D$162,C$24)+COUNTIFS('9월'!$C$8:$C$162,$B25,'9월'!$D$8:$D$162,C$24)+COUNTIFS('10월'!$C$8:$C$162,$B25,'10월'!$D$8:$D$162,C$24)+COUNTIFS('11월'!$C$8:$C$162,$B25,'11월'!$D$8:$D$162,C$24)+COUNTIFS('12월'!$C$8:$C$162,$B25,'12월'!$D$8:$D$162,C$24) | D25: =COUNTIFS('1월'!$C$8:$C$162,$B25,'1월'!$D$8:$D$162,D$24)+COUNTIFS('2월'!$C$8:$C$162,$B25,'2월'!$D$8:$D$162,D$24)+COUNTIFS('3월'!$C$8:$C$162,$B25,'3월'!$D$8:$D$162,D$24)+COUNTIFS('4월'!$C$8:$C$162,$B25,'4월'!$D$8:$D$162,D$24)+COUNTIFS('5월'!$C$8:$C$162,$B25,'5월'!$D$8:$D$162,D$24)+COUNTIFS('6월'!$C$8:$C$162,$B25,'6월'!$D$8:$D$162,D$24)+COUNTIFS('7월'!$C$8:$C$162,$B25,'7월'!$D$8:$D$162,D$24)+COUNTIFS('8월'!$C$8:$C$162,$B25,'8월'!$D$8:$D$162,D$24)+COUNTIFS('9월'!$C$8:$C$162,$B25,'9월'!$D$8:$D$162,D$24)+COUNTIFS('10월'!$C$8:$C$162,$B25,'10월'!$D$8:$D$162,D$24)+COUNTIFS('11월'!$C$8:$C$162,$B25,'11월'!$D$8:$D$162,D$24)+COUNTIFS('12월'!$C$8:$C$162,$B25,'12월'!$D$8:$D$162,D$24) | E25: =COUNTIFS('1월'!$C$8:$C$162,$B25,'1월'!$D$8:$D$162,E$24)+COUNTIFS('2월'!$C$8:$C$162,$B25,'2월'!$D$8:$D$162,E$24)+COUNTIFS('3월'!$C$8:$C$162,$B25,'3월'!$D$8:$D$162,E$24)+COUNTIFS('4월'!$C$8:$C$162,$B25,'4월'!$D$8:$D$162,E$24)+COUNTIFS('5월'!$C$8:$C$162,$B25,'5월'!$D$8:$D$162,E$24)+COUNTIFS('6월'!$C$8:$C$162,$B25,'6월'!$D$8:$D$162,E$24)+COUNTIFS('7월'!$C$8:$C$162,$B25,'7월'!$D$8:$D$162,E$24)+COUNTIFS('8월'!$C$8:$C$162,$B25,'8월'!$D$8:$D$162,E$24)+COUNTIFS('9월'!$C$8:$C$162,$B25,'9월'!$D$8:$D$162,E$24)+COUNTIFS('10월'!$C$8:$C$162,$B25,'10월'!$D$8:$D$162,E$24)+COUNTIFS('11월'!$C$8:$C$162,$B25,'11월'!$D$8:$D$162,E$24)+COUNTIFS('12월'!$C$8:$C$162,$B25,'12월'!$D$8:$D$162,E$24) | H25: 뱀피르 | I25: =COUNTIF('1월'!$B$8:$B$162,$H25)+COUNTIF('2월'!$B$8:$B$162,$H25)+COUNTIF('3월'!$B$8:$B$162,$H25)+COUNTIF('4월'!$B$8:$B$162,$H25)+COUNTIF('5월'!$B$8:$B$162,$H25)+COUNTIF('6월'!$B$8:$B$162,$H25)+COUNTIF('7월'!$B$8:$B$162,$H25)+COUNTIF('8월'!$B$8:$B$162,$H25)+COUNTIF('9월'!$B$8:$B$162,$H25)+COUNTIF('10월'!$B$8:$B$162,$H25)+COUNTIF('11월'!$B$8:$B$162,$H25)+COUNTIF('12월'!$B$8:$B$162,$H25) | J25: =SUMIF('1월'!$B$8:$B$162,$H25,'1월'!$Q$8:$Q$162)+SUMIF('2월'!$B$8:$B$162,$H25,'2월'!$Q$8:$Q$162)+SUMIF('3월'!$B$8:$B$162,$H25,'3월'!$Q$8:$Q$162)+SUMIF('4월'!$B$8:$B$162,$H25,'4월'!$Q$8:$Q$162)+SUMIF('5월'!$B$8:$B$162,$H25,'5월'!$Q$8:$Q$162)+SUMIF('6월'!$B$8:$B$162,$H25,'6월'!$Q$8:$Q$162)+SUMIF('7월'!$B$8:$B$162,$H25,'7월'!$Q$8:$Q$162)+SUMIF('8월'!$B$8:$B$162,$H25,'8월'!$Q$8:$Q$162)+SUMIF('9월'!$B$8:$B$162,$H25,'9월'!$Q$8:$Q$162)+SUMIF('10월'!$B$8:$B$162,$H25,'10월'!$Q$8:$Q$162)+SUMIF('11월'!$B$8:$B$162,$H25,'11월'!$Q$8:$Q$162)+SUMIF('12월'!$B$8:$B$162,$H25,'12월'!$Q$8:$Q$162)
B26: 마케팅2팀 | C26: =COUNTIFS('1월'!$C$8:$C$162,$B26,'1월'!$D$8:$D$162,C$24)+COUNTIFS('2월'!$C$8:$C$162,$B26,'2월'!$D$8:$D$162,C$24)+COUNTIFS('3월'!$C$8:$C$162,$B26,'3월'!$D$8:$D$162,C$24)+COUNTIFS('4월'!$C$8:$C$162,$B26,'4월'!$D$8:$D$162,C$24)+COUNTIFS('5월'!$C$8:$C$162,$B26,'5월'!$D$8:$D$162,C$24)+COUNTIFS('6월'!$C$8:$C$162,$B26,'6월'!$D$8:$D$162,C$24)+COUNTIFS('7월'!$C$8:$C$162,$B26,'7월'!$D$8:$D$162,C$24)+COUNTIFS('8월'!$C$8:$C$162,$B26,'8월'!$D$8:$D$162,C$24)+COUNTIFS('9월'!$C$8:$C$162,$B26,'9월'!$D$8:$D$162,C$24)+COUNTIFS('10월'!$C$8:$C$162,$B26,'10월'!$D$8:$D$162,C$24)+COUNTIFS('11월'!$C$8:$C$162,$B26,'11월'!$D$8:$D$162,C$24)+COUNTIFS('12월'!$C$8:$C$162,$B26,'12월'!$D$8:$D$162,C$24) | D26: =COUNTIFS('1월'!$C$8:$C$162,$B26,'1월'!$D$8:$D$162,D$24)+COUNTIFS('2월'!$C$8:$C$162,$B26,'2월'!$D$8:$D$162,D$24)+COUNTIFS('3월'!$C$8:$C$162,$B26,'3월'!$D$8:$D$162,D$24)+COUNTIFS('4월'!$C$8:$C$162,$B26,'4월'!$D$8:$D$162,D$24)+COUNTIFS('5월'!$C$8:$C$162,$B26,'5월'!$D$8:$D$162,D$24)+COUNTIFS('6월'!$C$8:$C$162,$B26,'6월'!$D$8:$D$162,D$24)+COUNTIFS('7월'!$C$8:$C$162,$B26,'7월'!$D$8:$D$162,D$24)+COUNTIFS('8월'!$C$8:$C$162,$B26,'8월'!$D$8:$D$162,D$24)+COUNTIFS('9월'!$C$8:$C$162,$B26,'9월'!$D$8:$D$162,D$24)+COUNTIFS('10월'!$C$8:$C$162,$B26,'10월'!$D$8:$D$162,D$24)+COUNTIFS('11월'!$C$8:$C$162,$B26,'11월'!$D$8:$D$162,D$24)+COUNTIFS('12월'!$C$8:$C$162,$B26,'12월'!$D$8:$D$162,D$24) | E26: =COUNTIFS('1월'!$C$8:$C$162,$B26,'1월'!$D$8:$D$162,E$24)+COUNTIFS('2월'!$C$8:$C$162,$B26,'2월'!$D$8:$D$162,E$24)+COUNTIFS('3월'!$C$8:$C$162,$B26,'3월'!$D$8:$D$162,E$24)+COUNTIFS('4월'!$C$8:$C$162,$B26,'4월'!$D$8:$D$162,E$24)+COUNTIFS('5월'!$C$8:$C$162,$B26,'5월'!$D$8:$D$162,E$24)+COUNTIFS('6월'!$C$8:$C$162,$B26,'6월'!$D$8:$D$162,E$24)+COUNTIFS('7월'!$C$8:$C$162,$B26,'7월'!$D$8:$D$162,E$24)+COUNTIFS('8월'!$C$8:$C$162,$B26,'8월'!$D$8:$D$162,E$24)+COUNTIFS('9월'!$C$8:$C$162,$B26,'9월'!$D$8:$D$162,E$24)+COUNTIFS('10월'!$C$8:$C$162,$B26,'10월'!$D$8:$D$162,E$24)+COUNTIFS('11월'!$C$8:$C$162,$B26,'11월'!$D$8:$D$162,E$24)+COUNTIFS('12월'!$C$8:$C$162,$B26,'12월'!$D$8:$D$162,E$24) | H26: RF 글로벌 | I26: =COUNTIF('1월'!$B$8:$B$162,$H26)+COUNTIF('2월'!$B$8:$B$162,$H26)+COUNTIF('3월'!$B$8:$B$162,$H26)+COUNTIF('4월'!$B$8:$B$162,$H26)+COUNTIF('5월'!$B$8:$B$162,$H26)+COUNTIF('6월'!$B$8:$B$162,$H26)+COUNTIF('7월'!$B$8:$B$162,$H26)+COUNTIF('8월'!$B$8:$B$162,$H26)+COUNTIF('9월'!$B$8:$B$162,$H26)+COUNTIF('10월'!$B$8:$B$162,$H26)+COUNTIF('11월'!$B$8:$B$162,$H26)+COUNTIF('12월'!$B$8:$B$162,$H26) | J26: =SUMIF('1월'!$B$8:$B$162,$H26,'1월'!$Q$8:$Q$162)+SUMIF('2월'!$B$8:$B$162,$H26,'2월'!$Q$8:$Q$162)+SUMIF('3월'!$B$8:$B$162,$H26,'3월'!$Q$8:$Q$162)+SUMIF('4월'!$B$8:$B$162,$H26,'4월'!$Q$8:$Q$162)+SUMIF('5월'!$B$8:$B$162,$H26,'5월'!$Q$8:$Q$162)+SUMIF('6월'!$B$8:$B$162,$H26,'6월'!$Q$8:$Q$162)+SUMIF('7월'!$B$8:$B$162,$H26,'7월'!$Q$8:$Q$162)+SUMIF('8월'!$B$8:$B$162,$H26,'8월'!$Q$8:$Q$162)+SUMIF('9월'!$B$8:$B$162,$H26,'9월'!$Q$8:$Q$162)+SUMIF('10월'!$B$8:$B$162,$H26,'10월'!$Q$8:$Q$162)+SUMIF('11월'!$B$8:$B$162,$H26,'11월'!$Q$8:$Q$162)+SUMIF('12월'!$B$8:$B$162,$H26,'12월'!$Q$8:$Q$162)
B27: 마케팅3팀 | C27: =COUNTIFS('1월'!$C$8:$C$162,$B27,'1월'!$D$8:$D$162,C$24)+COUNTIFS('2월'!$C$8:$C$162,$B27,'2월'!$D$8:$D$162,C$24)+COUNTIFS('3월'!$C$8:$C$162,$B27,'3월'!$D$8:$D$162,C$24)+COUNTIFS('4월'!$C$8:$C$162,$B27,'4월'!$D$8:$D$162,C$24)+COUNTIFS('5월'!$C$8:$C$162,$B27,'5월'!$D$8:$D$162,C$24)+COUNTIFS('6월'!$C$8:$C$162,$B27,'6월'!$D$8:$D$162,C$24)+COUNTIFS('7월'!$C$8:$C$162,$B27,'7월'!$D$8:$D$162,C$24)+COUNTIFS('8월'!$C$8:$C$162,$B27,'8월'!$D$8:$D$162,C$24)+COUNTIFS('9월'!$C$8:$C$162,$B27,'9월'!$D$8:$D$162,C$24)+COUNTIFS('10월'!$C$8:$C$162,$B27,'10월'!$D$8:$D$162,C$24)+COUNTIFS('11월'!$C$8:$C$162,$B27,'11월'!$D$8:$D$162,C$24)+COUNTIFS('12월'!$C$8:$C$162,$B27,'12월'!$D$8:$D$162,C$24) | D27: =COUNTIFS('1월'!$C$8:$C$162,$B27,'1월'!$D$8:$D$162,D$24)+COUNTIFS('2월'!$C$8:$C$162,$B27,'2월'!$D$8:$D$162,D$24)+COUNTIFS('3월'!$C$8:$C$162,$B27,'3월'!$D$8:$D$162,D$24)+COUNTIFS('4월'!$C$8:$C$162,$B27,'4월'!$D$8:$D$162,D$24)+COUNTIFS('5월'!$C$8:$C$162,$B27,'5월'!$D$8:$D$162,D$24)+COUNTIFS('6월'!$C$8:$C$162,$B27,'6월'!$D$8:$D$162,D$24)+COUNTIFS('7월'!$C$8:$C$162,$B27,'7월'!$D$8:$D$162,D$24)+COUNTIFS('8월'!$C$8:$C$162,$B27,'8월'!$D$8:$D$162,D$24)+COUNTIFS('9월'!$C$8:$C$162,$B27,'9월'!$D$8:$D$162,D$24)+COUNTIFS('10월'!$C$8:$C$162,$B27,'10월'!$D$8:$D$162,D$24)+COUNTIFS('11월'!$C$8:$C$162,$B27,'11월'!$D$8:$D$162,D$24)+COUNTIFS('12월'!$C$8:$C$162,$B27,'12월'!$D$8:$D$162,D$24) | E27: =COUNTIFS('1월'!$C$8:$C$162,$B27,'1월'!$D$8:$D$162,E$24)+COUNTIFS('2월'!$C$8:$C$162,$B27,'2월'!$D$8:$D$162,E$24)+COUNTIFS('3월'!$C$8:$C$162,$B27,'3월'!$D$8:$D$162,E$24)+COUNTIFS('4월'!$C$8:$C$162,$B27,'4월'!$D$8:$D$162,E$24)+COUNTIFS('5월'!$C$8:$C$162,$B27,'5월'!$D$8:$D$162,E$24)+COUNTIFS('6월'!$C$8:$C$162,$B27,'6월'!$D$8:$D$162,E$24)+COUNTIFS('7월'!$C$8:$C$162,$B27,'7월'!$D$8:$D$162,E$24)+COUNTIFS('8월'!$C$8:$C$162,$B27,'8월'!$D$8:$D$162,E$24)+COUNTIFS('9월'!$C$8:$C$162,$B27,'9월'!$D$8:$D$162,E$24)+COUNTIFS('10월'!$C$8:$C$162,$B27,'10월'!$D$8:$D$162,E$24)+COUNTIFS('11월'!$C$8:$C$162,$B27,'11월'!$D$8:$D$162,E$24)+COUNTIFS('12월'!$C$8:$C$162,$B27,'12월'!$D$8:$D$162,E$24) | H27: SOL 인챈트 | I27: =COUNTIF('1월'!$B$8:$B$162,$H27)+COUNTIF('2월'!$B$8:$B$162,$H27)+COUNTIF('3월'!$B$8:$B$162,$H27)+COUNTIF('4월'!$B$8:$B$162,$H27)+COUNTIF('5월'!$B$8:$B$162,$H27)+COUNTIF('6월'!$B$8:$B$162,$H27)+COUNTIF('7월'!$B$8:$B$162,$H27)+COUNTIF('8월'!$B$8:$B$162,$H27)+COUNTIF('9월'!$B$8:$B$162,$H27)+COUNTIF('10월'!$B$8:$B$162,$H27)+COUNTIF('11월'!$B$8:$B$162,$H27)+COUNTIF('12월'!$B$8:$B$162,$H27) | J27: =SUMIF('1월'!$B$8:$B$162,$H27,'1월'!$Q$8:$Q$162)+SUMIF('2월'!$B$8:$B$162,$H27,'2월'!$Q$8:$Q$162)+SUMIF('3월'!$B$8:$B$162,$H27,'3월'!$Q$8:$Q$162)+SUMIF('4월'!$B$8:$B$162,$H27,'4월'!$Q$8:$Q$162)+SUMIF('5월'!$B$8:$B$162,$H27,'5월'!$Q$8:$Q$162)+SUMIF('6월'!$B$8:$B$162,$H27,'6월'!$Q$8:$Q$162)+SUMIF('7월'!$B$8:$B$162,$H27,'7월'!$Q$8:$Q$162)+SUMIF('8월'!$B$8:$B$162,$H27,'8월'!$Q$8:$Q$162)+SUMIF('9월'!$B$8:$B$162,$H27,'9월'!$Q$8:$Q$162)+SUMIF('10월'!$B$8:$B$162,$H27,'10월'!$Q$8:$Q$162)+SUMIF('11월'!$B$8:$B$162,$H27,'11월'!$Q$8:$Q$162)+SUMIF('12월'!$B$8:$B$162,$H27,'12월'!$Q$8:$Q$162)
B28: 마케팅4팀 | C28: =COUNTIFS('1월'!$C$8:$C$162,$B28,'1월'!$D$8:$D$162,C$24)+COUNTIFS('2월'!$C$8:$C$162,$B28,'2월'!$D$8:$D$162,C$24)+COUNTIFS('3월'!$C$8:$C$162,$B28,'3월'!$D$8:$D$162,C$24)+COUNTIFS('4월'!$C$8:$C$162,$B28,'4월'!$D$8:$D$162,C$24)+COUNTIFS('5월'!$C$8:$C$162,$B28,'5월'!$D$8:$D$162,C$24)+COUNTIFS('6월'!$C$8:$C$162,$B28,'6월'!$D$8:$D$162,C$24)+COUNTIFS('7월'!$C$8:$C$162,$B28,'7월'!$D$8:$D$162,C$24)+COUNTIFS('8월'!$C$8:$C$162,$B28,'8월'!$D$8:$D$162,C$24)+COUNTIFS('9월'!$C$8:$C$162,$B28,'9월'!$D$8:$D$162,C$24)+COUNTIFS('10월'!$C$8:$C$162,$B28,'10월'!$D$8:$D$162,C$24)+COUNTIFS('11월'!$C$8:$C$162,$B28,'11월'!$D$8:$D$162,C$24)+COUNTIFS('12월'!$C$8:$C$162,$B28,'12월'!$D$8:$D$162,C$24) | D28: =COUNTIFS('1월'!$C$8:$C$162,$B28,'1월'!$D$8:$D$162,D$24)+COUNTIFS('2월'!$C$8:$C$162,$B28,'2월'!$D$8:$D$162,D$24)+COUNTIFS('3월'!$C$8:$C$162,$B28,'3월'!$D$8:$D$162,D$24)+COUNTIFS('4월'!$C$8:$C$162,$B28,'4월'!$D$8:$D$162,D$24)+COUNTIFS('5월'!$C$8:$C$162,$B28,'5월'!$D$8:$D$162,D$24)+COUNTIFS('6월'!$C$8:$C$162,$B28,'6월'!$D$8:$D$162,D$24)+COUNTIFS('7월'!$C$8:$C$162,$B28,'7월'!$D$8:$D$162,D$24)+COUNTIFS('8월'!$C$8:$C$162,$B28,'8월'!$D$8:$D$162,D$24)+COUNTIFS('9월'!$C$8:$C$162,$B28,'9월'!$D$8:$D$162,D$24)+COUNTIFS('10월'!$C$8:$C$162,$B28,'10월'!$D$8:$D$162,D$24)+COUNTIFS('11월'!$C$8:$C$162,$B28,'11월'!$D$8:$D$162,D$24)+COUNTIFS('12월'!$C$8:$C$162,$B28,'12월'!$D$8:$D$162,D$24) | E28: =COUNTIFS('1월'!$C$8:$C$162,$B28,'1월'!$D$8:$D$162,E$24)+COUNTIFS('2월'!$C$8:$C$162,$B28,'2월'!$D$8:$D$162,E$24)+COUNTIFS('3월'!$C$8:$C$162,$B28,'3월'!$D$8:$D$162,E$24)+COUNTIFS('4월'!$C$8:$C$162,$B28,'4월'!$D$8:$D$162,E$24)+COUNTIFS('5월'!$C$8:$C$162,$B28,'5월'!$D$8:$D$162,E$24)+COUNTIFS('6월'!$C$8:$C$162,$B28,'6월'!$D$8:$D$162,E$24)+COUNTIFS('7월'!$C$8:$C$162,$B28,'7월'!$D$8:$D$162,E$24)+COUNTIFS('8월'!$C$8:$C$162,$B28,'8월'!$D$8:$D$162,E$24)+COUNTIFS('9월'!$C$8:$C$162,$B28,'9월'!$D$8:$D$162,E$24)+COUNTIFS('10월'!$C$8:$C$162,$B28,'10월'!$D$8:$D$162,E$24)+COUNTIFS('11월'!$C$8:$C$162,$B28,'11월'!$D$8:$D$162,E$24)+COUNTIFS('12월'!$C$8:$C$162,$B28,'12월'!$D$8:$D$162,E$24) | H28: 스톤에이지펫월드 | I28: =COUNTIF('1월'!$B$8:$B$162,$H28)+COUNTIF('2월'!$B$8:$B$162,$H28)+COUNTIF('3월'!$B$8:$B$162,$H28)+COUNTIF('4월'!$B$8:$B$162,$H28)+COUNTIF('5월'!$B$8:$B$162,$H28)+COUNTIF('6월'!$B$8:$B$162,$H28)+COUNTIF('7월'!$B$8:$B$162,$H28)+COUNTIF('8월'!$B$8:$B$162,$H28)+COUNTIF('9월'!$B$8:$B$162,$H28)+COUNTIF('10월'!$B$8:$B$162,$H28)+COUNTIF('11월'!$B$8:$B$162,$H28)+COUNTIF('12월'!$B$8:$B$162,$H28) | J28: =SUMIF('1월'!$B$8:$B$162,$H28,'1월'!$Q$8:$Q$162)+SUMIF('2월'!$B$8:$B$162,$H28,'2월'!$Q$8:$Q$162)+SUMIF('3월'!$B$8:$B$162,$H28,'3월'!$Q$8:$Q$162)+SUMIF('4월'!$B$8:$B$162,$H28,'4월'!$Q$8:$Q$162)+SUMIF('5월'!$B$8:$B$162,$H28,'5월'!$Q$8:$Q$162)+SUMIF('6월'!$B$8:$B$162,$H28,'6월'!$Q$8:$Q$162)+SUMIF('7월'!$B$8:$B$162,$H28,'7월'!$Q$8:$Q$162)+SUMIF('8월'!$B$8:$B$162,$H28,'8월'!$Q$8:$Q$162)+SUMIF('9월'!$B$8:$B$162,$H28,'9월'!$Q$8:$Q$162)+SUMIF('10월'!$B$8:$B$162,$H28,'10월'!$Q$8:$Q$162)+SUMIF('11월'!$B$8:$B$162,$H28,'11월'!$Q$8:$Q$162)+SUMIF('12월'!$B$8:$B$162,$H28,'12월'!$Q$8:$Q$162)
B29: 기타 | C29: =COUNTIFS('1월'!$C$8:$C$162,$B29,'1월'!$D$8:$D$162,C$24)+COUNTIFS('2월'!$C$8:$C$162,$B29,'2월'!$D$8:$D$162,C$24)+COUNTIFS('3월'!$C$8:$C$162,$B29,'3월'!$D$8:$D$162,C$24)+COUNTIFS('4월'!$C$8:$C$162,$B29,'4월'!$D$8:$D$162,C$24)+COUNTIFS('5월'!$C$8:$C$162,$B29,'5월'!$D$8:$D$162,C$24)+COUNTIFS('6월'!$C$8:$C$162,$B29,'6월'!$D$8:$D$162,C$24)+COUNTIFS('7월'!$C$8:$C$162,$B29,'7월'!$D$8:$D$162,C$24)+COUNTIFS('8월'!$C$8:$C$162,$B29,'8월'!$D$8:$D$162,C$24)+COUNTIFS('9월'!$C$8:$C$162,$B29,'9월'!$D$8:$D$162,C$24)+COUNTIFS('10월'!$C$8:$C$162,$B29,'10월'!$D$8:$D$162,C$24)+COUNTIFS('11월'!$C$8:$C$162,$B29,'11월'!$D$8:$D$162,C$24)+COUNTIFS('12월'!$C$8:$C$162,$B29,'12월'!$D$8:$D$162,C$24) | D29: =COUNTIFS('1월'!$C$8:$C$162,$B29,'1월'!$D$8:$D$162,D$24)+COUNTIFS('2월'!$C$8:$C$162,$B29,'2월'!$D$8:$D$162,D$24)+COUNTIFS('3월'!$C$8:$C$162,$B29,'3월'!$D$8:$D$162,D$24)+COUNTIFS('4월'!$C$8:$C$162,$B29,'4월'!$D$8:$D$162,D$24)+COUNTIFS('5월'!$C$8:$C$162,$B29,'5월'!$D$8:$D$162,D$24)+COUNTIFS('6월'!$C$8:$C$162,$B29,'6월'!$D$8:$D$162,D$24)+COUNTIFS('7월'!$C$8:$C$162,$B29,'7월'!$D$8:$D$162,D$24)+COUNTIFS('8월'!$C$8:$C$162,$B29,'8월'!$D$8:$D$162,D$24)+COUNTIFS('9월'!$C$8:$C$162,$B29,'9월'!$D$8:$D$162,D$24)+COUNTIFS('10월'!$C$8:$C$162,$B29,'10월'!$D$8:$D$162,D$24)+COUNTIFS('11월'!$C$8:$C$162,$B29,'11월'!$D$8:$D$162,D$24)+COUNTIFS('12월'!$C$8:$C$162,$B29,'12월'!$D$8:$D$162,D$24) | E29: =COUNTIFS('1월'!$C$8:$C$162,$B29,'1월'!$D$8:$D$162,E$24)+COUNTIFS('2월'!$C$8:$C$162,$B29,'2월'!$D$8:$D$162,E$24)+COUNTIFS('3월'!$C$8:$C$162,$B29,'3월'!$D$8:$D$162,E$24)+COUNTIFS('4월'!$C$8:$C$162,$B29,'4월'!$D$8:$D$162,E$24)+COUNTIFS('5월'!$C$8:$C$162,$B29,'5월'!$D$8:$D$162,E$24)+COUNTIFS('6월'!$C$8:$C$162,$B29,'6월'!$D$8:$D$162,E$24)+COUNTIFS('7월'!$C$8:$C$162,$B29,'7월'!$D$8:$D$162,E$24)+COUNTIFS('8월'!$C$8:$C$162,$B29,'8월'!$D$8:$D$162,E$24)+COUNTIFS('9월'!$C$8:$C$162,$B29,'9월'!$D$8:$D$162,E$24)+COUNTIFS('10월'!$C$8:$C$162,$B29,'10월'!$D$8:$D$162,E$24)+COUNTIFS('11월'!$C$8:$C$162,$B29,'11월'!$D$8:$D$162,E$24)+COUNTIFS('12월'!$C$8:$C$162,$B29,'12월'!$D$8:$D$162,E$24) | H29: 칠대죄오리진 | I29: =COUNTIF('1월'!$B$8:$B$162,$H29)+COUNTIF('2월'!$B$8:$B$162,$H29)+COUNTIF('3월'!$B$8:$B$162,$H29)+COUNTIF('4월'!$B$8:$B$162,$H29)+COUNTIF('5월'!$B$8:$B$162,$H29)+COUNTIF('6월'!$B$8:$B$162,$H29)+COUNTIF('7월'!$B$8:$B$162,$H29)+COUNTIF('8월'!$B$8:$B$162,$H29)+COUNTIF('9월'!$B$8:$B$162,$H29)+COUNTIF('10월'!$B$8:$B$162,$H29)+COUNTIF('11월'!$B$8:$B$162,$H29)+COUNTIF('12월'!$B$8:$B$162,$H29) | J29: =SUMIF('1월'!$B$8:$B$162,$H29,'1월'!$Q$8:$Q$162)+SUMIF('2월'!$B$8:$B$162,$H29,'2월'!$Q$8:$Q$162)+SUMIF('3월'!$B$8:$B$162,$H29,'3월'!$Q$8:$Q$162)+SUMIF('4월'!$B$8:$B$162,$H29,'4월'!$Q$8:$Q$162)+SUMIF('5월'!$B$8:$B$162,$H29,'5월'!$Q$8:$Q$162)+SUMIF('6월'!$B$8:$B$162,$H29,'6월'!$Q$8:$Q$162)+SUMIF('7월'!$B$8:$B$162,$H29,'7월'!$Q$8:$Q$162)+SUMIF('8월'!$B$8:$B$162,$H29,'8월'!$Q$8:$Q$162)+SUMIF('9월'!$B$8:$B$162,$H29,'9월'!$Q$8:$Q$162)+SUMIF('10월'!$B$8:$B$162,$H29,'10월'!$Q$8:$Q$162)+SUMIF('11월'!$B$8:$B$162,$H29,'11월'!$Q$8:$Q$162)+SUMIF('12월'!$B$8:$B$162,$H29,'12월'!$Q$8:$Q$162)
H30: 세나리버스 | I30: =COUNTIF('1월'!$B$8:$B$162,$H30)+COUNTIF('2월'!$B$8:$B$162,$H30)+COUNTIF('3월'!$B$8:$B$162,$H30)+COUNTIF('4월'!$B$8:$B$162,$H30)+COUNTIF('5월'!$B$8:$B$162,$H30)+COUNTIF('6월'!$B$8:$B$162,$H30)+COUNTIF('7월'!$B$8:$B$162,$H30)+COUNTIF('8월'!$B$8:$B$162,$H30)+COUNTIF('9월'!$B$8:$B$162,$H30)+COUNTIF('10월'!$B$8:$B$162,$H30)+COUNTIF('11월'!$B$8:$B$162,$H30)+COUNTIF('12월'!$B$8:$B$162,$H30) | J30: =SUMIF('1월'!$B$8:$B$162,$H30,'1월'!$Q$8:$Q$162)+SUMIF('2월'!$B$8:$B$162,$H30,'2월'!$Q$8:$Q$162)+SUMIF('3월'!$B$8:$B$162,$H30,'3월'!$Q$8:$Q$162)+SUMIF('4월'!$B$8:$B$162,$H30,'4월'!$Q$8:$Q$162)+SUMIF('5월'!$B$8:$B$162,$H30,'5월'!$Q$8:$Q$162)+SUMIF('6월'!$B$8:$B$162,$H30,'6월'!$Q$8:$Q$162)+SUMIF('7월'!$B$8:$B$162,$H30,'7월'!$Q$8:$Q$162)+SUMIF('8월'!$B$8:$B$162,$H30,'8월'!$Q$8:$Q$162)+SUMIF('9월'!$B$8:$B$162,$H30,'9월'!$Q$8:$Q$162)+SUMIF('10월'!$B$8:$B$162,$H30,'10월'!$Q$8:$Q$162)+SUMIF('11월'!$B$8:$B$162,$H30,'11월'!$Q$8:$Q$162)+SUMIF('12월'!$B$8:$B$162,$H30,'12월'!$Q$8:$Q$162)
H31: 몬길 | I31: =COUNTIF('1월'!$B$8:$B$162,$H31)+COUNTIF('2월'!$B$8:$B$162,$H31)+COUNTIF('3월'!$B$8:$B$162,$H31)+COUNTIF('4월'!$B$8:$B$162,$H31)+COUNTIF('5월'!$B$8:$B$162,$H31)+COUNTIF('6월'!$B$8:$B$162,$H31)+COUNTIF('7월'!$B$8:$B$162,$H31)+COUNTIF('8월'!$B$8:$B$162,$H31)+COUNTIF('9월'!$B$8:$B$162,$H31)+COUNTIF('10월'!$B$8:$B$162,$H31)+COUNTIF('11월'!$B$8:$B$162,$H31)+COUNTIF('12월'!$B$8:$B$162,$H31) | J31: =SUMIF('1월'!$B$8:$B$162,$H31,'1월'!$Q$8:$Q$162)+SUMIF('2월'!$B$8:$B$162,$H31,'2월'!$Q$8:$Q$162)+SUMIF('3월'!$B$8:$B$162,$H31,'3월'!$Q$8:$Q$162)+SUMIF('4월'!$B$8:$B$162,$H31,'4월'!$Q$8:$Q$162)+SUMIF('5월'!$B$8:$B$162,$H31,'5월'!$Q$8:$Q$162)+SUMIF('6월'!$B$8:$B$162,$H31,'6월'!$Q$8:$Q$162)+SUMIF('7월'!$B$8:$B$162,$H31,'7월'!$Q$8:$Q$162)+SUMIF('8월'!$B$8:$B$162,$H31,'8월'!$Q$8:$Q$162)+SUMIF('9월'!$B$8:$B$162,$H31,'9월'!$Q$8:$Q$162)+SUMIF('10월'!$B$8:$B$162,$H31,'10월'!$Q$8:$Q$162)+SUMIF('11월'!$B$8:$B$162,$H31,'11월'!$Q$8:$Q$162)+SUMIF('12월'!$B$8:$B$162,$H31,'12월'!$Q$8:$Q$162)
H32: 왕겜(GOT) | I32: =COUNTIF('1월'!$B$8:$B$162,$H32)+COUNTIF('2월'!$B$8:$B$162,$H32)+COUNTIF('3월'!$B$8:$B$162,$H32)+COUNTIF('4월'!$B$8:$B$162,$H32)+COUNTIF('5월'!$B$8:$B$162,$H32)+COUNTIF('6월'!$B$8:$B$162,$H32)+COUNTIF('7월'!$B$8:$B$162,$H32)+COUNTIF('8월'!$B$8:$B$162,$H32)+COUNTIF('9월'!$B$8:$B$162,$H32)+COUNTIF('10월'!$B$8:$B$162,$H32)+COUNTIF('11월'!$B$8:$B$162,$H32)+COUNTIF('12월'!$B$8:$B$162,$H32) | J32: =SUMIF('1월'!$B$8:$B$162,$H32,'1월'!$Q$8:$Q$162)+SUMIF('2월'!$B$8:$B$162,$H32,'2월'!$Q$8:$Q$162)+SUMIF('3월'!$B$8:$B$162,$H32,'3월'!$Q$8:$Q$162)+SUMIF('4월'!$B$8:$B$162,$H32,'4월'!$Q$8:$Q$162)+SUMIF('5월'!$B$8:$B$162,$H32,'5월'!$Q$8:$Q$162)+SUMIF('6월'!$B$8:$B$162,$H32,'6월'!$Q$8:$Q$162)+SUMIF('7월'!$B$8:$B$162,$H32,'7월'!$Q$8:$Q$162)+SUMIF('8월'!$B$8:$B$162,$H32,'8월'!$Q$8:$Q$162)+SUMIF('9월'!$B$8:$B$162,$H32,'9월'!$Q$8:$Q$162)+SUMIF('10월'!$B$8:$B$162,$H32,'10월'!$Q$8:$Q$162)+SUMIF('11월'!$B$8:$B$162,$H32,'11월'!$Q$8:$Q$162)+SUMIF('12월'!$B$8:$B$162,$H32,'12월'!$Q$8:$Q$162)
H33: 몬스터길들이기 | I33: =COUNTIF('1월'!$B$8:$B$162,$H33)+COUNTIF('2월'!$B$8:$B$162,$H33)+COUNTIF('3월'!$B$8:$B$162,$H33)+COUNTIF('4월'!$B$8:$B$162,$H33)+COUNTIF('5월'!$B$8:$B$162,$H33)+COUNTIF('6월'!$B$8:$B$162,$H33)+COUNTIF('7월'!$B$8:$B$162,$H33)+COUNTIF('8월'!$B$8:$B$162,$H33)+COUNTIF('9월'!$B$8:$B$162,$H33)+COUNTIF('10월'!$B$8:$B$162,$H33)+COUNTIF('11월'!$B$8:$B$162,$H33)+COUNTIF('12월'!$B$8:$B$162,$H33) | J33: =SUMIF('1월'!$B$8:$B$162,$H33,'1월'!$Q$8:$Q$162)+SUMIF('2월'!$B$8:$B$162,$H33,'2월'!$Q$8:$Q$162)+SUMIF('3월'!$B$8:$B$162,$H33,'3월'!$Q$8:$Q$162)+SUMIF('4월'!$B$8:$B$162,$H33,'4월'!$Q$8:$Q$162)+SUMIF('5월'!$B$8:$B$162,$H33,'5월'!$Q$8:$Q$162)+SUMIF('6월'!$B$8:$B$162,$H33,'6월'!$Q$8:$Q$162)+SUMIF('7월'!$B$8:$B$162,$H33,'7월'!$Q$8:$Q$162)+SUMIF('8월'!$B$8:$B$162,$H33,'8월'!$Q$8:$Q$162)+SUMIF('9월'!$B$8:$B$162,$H33,'9월'!$Q$8:$Q$162)+SUMIF('10월'!$B$8:$B$162,$H33,'10월'!$Q$8:$Q$162)+SUMIF('11월'!$B$8:$B$162,$H33,'11월'!$Q$8:$Q$162)+SUMIF('12월'!$B$8:$B$162,$H33,'12월'!$Q$8:$Q$162)
H34: 라이즈오브 | I34: =COUNTIF('1월'!$B$8:$B$162,$H34)+COUNTIF('2월'!$B$8:$B$162,$H34)+COUNTIF('3월'!$B$8:$B$162,$H34)+COUNTIF('4월'!$B$8:$B$162,$H34)+COUNTIF('5월'!$B$8:$B$162,$H34)+COUNTIF('6월'!$B$8:$B$162,$H34)+COUNTIF('7월'!$B$8:$B$162,$H34)+COUNTIF('8월'!$B$8:$B$162,$H34)+COUNTIF('9월'!$B$8:$B$162,$H34)+COUNTIF('10월'!$B$8:$B$162,$H34)+COUNTIF('11월'!$B$8:$B$162,$H34)+COUNTIF('12월'!$B$8:$B$162,$H34) | J34: =SUMIF('1월'!$B$8:$B$162,$H34,'1월'!$Q$8:$Q$162)+SUMIF('2월'!$B$8:$B$162,$H34,'2월'!$Q$8:$Q$162)+SUMIF('3월'!$B$8:$B$162,$H34,'3월'!$Q$8:$Q$162)+SUMIF('4월'!$B$8:$B$162,$H34,'4월'!$Q$8:$Q$162)+SUMIF('5월'!$B$8:$B$162,$H34,'5월'!$Q$8:$Q$162)+SUMIF('6월'!$B$8:$B$162,$H34,'6월'!$Q$8:$Q$162)+SUMIF('7월'!$B$8:$B$162,$H34,'7월'!$Q$8:$Q$162)+SUMIF('8월'!$B$8:$B$162,$H34,'8월'!$Q$8:$Q$162)+SUMIF('9월'!$B$8:$B$162,$H34,'9월'!$Q$8:$Q$162)+SUMIF('10월'!$B$8:$B$162,$H34,'10월'!$Q$8:$Q$162)+SUMIF('11월'!$B$8:$B$162,$H34,'11월'!$Q$8:$Q$162)+SUMIF('12월'!$B$8:$B$162,$H34,'12월'!$Q$8:$Q$162)

Sheet 1월
A1: 1월 업무 정보 (소재명 / 요청일) | H1: 수량 | K1: 영상 (본체) | M1: 이미지 | O1: 기획(SB) | Q1: 집계 / 일정 / 자동 | Z1: 1월 간트 (MD 숫자 분산 / 주말+공휴일 회색) 상단 4줄=일자별 직군 TO 상태
A2: No | B2: 게임 타이틀명 | C2: 고객팀 | D2: 유형 | E2: 소재명(업무명) | F2: 요청일 | G2: 완료일 | H2: 영상 수 | I2: 사이즈 베리 | J2: 다국어 베리 | K2: 영상 담당 | L2: 영상 MD | M2: 이미지 담당 | N2: 이미지 MD | O2: 기획 담당 | P2: 기획 MD | Q2: 합계 MD | R2: 투입 직군 | S2: 주차 | T2: 상태 | U2: 소요일 | V2: 예상완료 | W2: 여유 | X2: 비고 | Z2: =DATE('마스터'!$J$3,1,1) | AA2: =Z2+1 | AB2: =AA2+1 | AC2: =AB2+1 | AD2: =AC2+1 | AE2: =AD2+1 | AF2: =AE2+1 | AG2: =AF2+1 | AH2: =AG2+1 | ... BD2: =BC2+1
A3: 전체 TO (일자별 부하) | G3: 정원 | H3: =SUM('마스터'!$J$8:$J$10) | Z3: =SUMPRODUCT(($F$8:$F$162<>"")*($F$8:$F$162<=Z$2)*($V$8:$V$162>=Z$2)*(WEEKDAY(Z$2,2)<6)*(COUNTIF('마스터'!$J$13:$J$27,Z$2)=0)*($L$8:$L$162+$N$8:$N$162+$P$8:$P$162)/($U$8:$U$162+($U$8:$U$162=0))) | AA3: =SUMPRODUCT(($F$8:$F$162<>"")*($F$8:$F$162<=AA$2)*($V$8:$V$162>=AA$2)*(WEEKDAY(AA$2,2)<6)*(COUNTIF('마스터'!$J$13:$J$27,AA$2)=0)*($L$8:$L$162+$N$8:$N$162+$P$8:$P$162)/($U$8:$U$162+($U$8:$U$162=0))) | AB3: =SUMPRODUCT(($F$8:$F$162<>"")*($F$8:$F$162<=AB$2)*($V$8:$V$162>=AB$2)*(WEEKDAY(AB$2,2)<6)*(COUNTIF('마스터'!$J$13:$J$27,AB$2)=0)*($L$8:$L$162+$N$8:$N$162+$P$8:$P$162)/($U$8:$U$162+($U$8:$U$162=0))) | AC3: =SUMPRODUCT(($F$8:$F$162<>"")*($F$8:$F$162<=AC$2)*($V$8:$V$162>=AC$2)*(WEEKDAY(AC$2,2)<6)*(COUNTIF('마스터'!$J$13:$J$27,AC$2)=0)*($L$8:$L$162+$N$8:$N$162+$P$8:$P$162)/($U$8:$U$162+($U$8:$U$162=0))) | AD3: =SUMPRODUCT(($F$8:$F$162<>"")*($F$8:$F$162<=AD$2)*($V$8:$V$162>=AD$2)*(WEEKDAY(AD$2,2)<6)*(COUNTIF('마스터'!$J$13:$J$27,AD$2)=0)*($L$8:$L$162+$N$8:$N$162+$P$8:$P$162)/($U$8:$U$162+($U$8:$U$162=0))) | AE3: =SUMPRODUCT(($F$8:$F$162<>"")*($F$8:$F$162<=AE$2)*($V$8:$V$162>=AE$2)*(WEEKDAY(AE$2,2)<6)*(COUNTIF('마스터'!$J$13:$J$27,AE$2)=0)*($L$8:$L$162+$N$8:$N$162+$P$8:$P$162)/($U$8:$U$162+($U$8:$U$162=0))) | AF3: =SUMPRODUCT(($F$8:$F$162<>"")*($F$8:$F$162<=AF$2)*($V$8:$V$162>=AF$2)*(WEEKDAY(AF$2,2)<6)*(COUNTIF('마스터'!$J$13:$J$27,AF$2)=0)*($L$8:$L$162+$N$8:$N$162+$P$8:$P$162)/($U$8:$U$162+($U$8:$U$162=0))) | AG3: =SUMPRODUCT(($F$8:$F$162<>"")*($F$8:$F$162<=AG$2)*($V$8:$V$162>=AG$2)*(WEEKDAY(AG$2,2)<6)*(COUNTIF('마스터'!$J$13:$J$27,AG$2)=0)*($L$8:$L$162+$N$8:$N$162+$P$8:$P$162)/($U$8:$U$162+($U$8:$U$162=0))) | ... BD3: =SUMPRODUCT(($F$8:$F$162<>"")*($F$8:$F$162<=BD$2)*($V$8:$V$162>=BD$2)*(WEEKDAY(BD$2,2)<6)*(COUNTIF('마스터'!$J$13:$J$27,BD$2)=0)*($L$8:$L$162+$N$8:$N$162+$P$8:$P$162)/($U$8:$U$162+($U$8:$U$162=0)))
A4: 영상 TO | G4: 정원 | H4: ='마스터'!$J$8 | Z4: =SUMPRODUCT(($F$8:$F$162<>"")*($F$8:$F$162<=Z$2)*($V$8:$V$162>=Z$2)*(WEEKDAY(Z$2,2)<6)*(COUNTIF('마스터'!$J$13:$J$27,Z$2)=0)*($L$8:$L$162)/($U$8:$U$162+($U$8:$U$162=0))) | AA4: =SUMPRODUCT(($F$8:$F$162<>"")*($F$8:$F$162<=AA$2)*($V$8:$V$162>=AA$2)*(WEEKDAY(AA$2,2)<6)*(COUNTIF('마스터'!$J$13:$J$27,AA$2)=0)*($L$8:$L$162)/($U$8:$U$162+($U$8:$U$162=0))) | AB4: =SUMPRODUCT(($F$8:$F$162<>"")*($F$8:$F$162<=AB$2)*($V$8:$V$162>=AB$2)*(WEEKDAY(AB$2,2)<6)*(COUNTIF('마스터'!$J$13:$J$27,AB$2)=0)*($L$8:$L$162)/($U$8:$U$162+($U$8:$U$162=0))) | AC4: =SUMPRODUCT(($F$8:$F$162<>"")*($F$8:$F$162<=AC$2)*($V$8:$V$162>=AC$2)*(WEEKDAY(AC$2,2)<6)*(COUNTIF('마스터'!$J$13:$J$27,AC$2)=0)*($L$8:$L$162)/($U$8:$U$162+($U$8:$U$162=0))) | AD4: =SUMPRODUCT(($F$8:$F$162<>"")*($F$8:$F$162<=AD$2)*($V$8:$V$162>=AD$2)*(WEEKDAY(AD$2,2)<6)*(COUNTIF('마스터'!$J$13:$J$27,AD$2)=0)*($L$8:$L$162)/($U$8:$U$162+($U$8:$U$162=0))) | AE4: =SUMPRODUCT(($F$8:$F$162<>"")*($F$8:$F$162<=AE$2)*($V$8:$V$162>=AE$2)*(WEEKDAY(AE$2,2)<6)*(COUNTIF('마스터'!$J$13:$J$27,AE$2)=0)*($L$8:$L$162)/($U$8:$U$162+($U$8:$U$162=0))) | AF4: =SUMPRODUCT(($F$8:$F$162<>"")*($F$8:$F$162<=AF$2)*($V$8:$V$162>=AF$2)*(WEEKDAY(AF$2,2)<6)*(COUNTIF('마스터'!$J$13:$J$27,AF$2)=0)*($L$8:$L$162)/($U$8:$U$162+($U$8:$U$162=0))) | AG4: =SUMPRODUCT(($F$8:$F$162<>"")*($F$8:$F$162<=AG$2)*($V$8:$V$162>=AG$2)*(WEEKDAY(AG$2,2)<6)*(COUNTIF('마스터'!$J$13:$J$27,AG$2)=0)*($L$8:$L$162)/($U$8:$U$162+($U$8:$U$162=0))) | ... BD4: =SUMPRODUCT(($F$8:$F$162<>"")*($F$8:$F$162<=BD$2)*($V$8:$V$162>=BD$2)*(WEEKDAY(BD$2,2)<6)*(COUNTIF('마스터'!$J$13:$J$27,BD$2)=0)*($L$8:$L$162)/($U$8:$U$162+($U$8:$U$162=0)))
A5: 이미지 TO | G5: 정원 | H5: ='마스터'!$J$9 | Z5: =SUMPRODUCT(($F$8:$F$162<>"")*($F$8:$F$162<=Z$2)*($V$8:$V$162>=Z$2)*(WEEKDAY(Z$2,2)<6)*(COUNTIF('마스터'!$J$13:$J$27,Z$2)=0)*($N$8:$N$162)/($U$8:$U$162+($U$8:$U$162=0))) | AA5: =SUMPRODUCT(($F$8:$F$162<>"")*($F$8:$F$162<=AA$2)*($V$8:$V$162>=AA$2)*(WEEKDAY(AA$2,2)<6)*(COUNTIF('마스터'!$J$13:$J$27,AA$2)=0)*($N$8:$N$162)/($U$8:$U$162+($U$8:$U$162=0))) | AB5: =SUMPRODUCT(($F$8:$F$162<>"")*($F$8:$F$162<=AB$2)*($V$8:$V$162>=AB$2)*(WEEKDAY(AB$2,2)<6)*(COUNTIF('마스터'!$J$13:$J$27,AB$2)=0)*($N$8:$N$162)/($U$8:$U$162+($U$8:$U$162=0))) | AC5: =SUMPRODUCT(($F$8:$F$162<>"")*($F$8:$F$162<=AC$2)*($V$8:$V$162>=AC$2)*(WEEKDAY(AC$2,2)<6)*(COUNTIF('마스터'!$J$13:$J$27,AC$2)=0)*($N$8:$N$162)/($U$8:$U$162+($U$8:$U$162=0))) | AD5: =SUMPRODUCT(($F$8:$F$162<>"")*($F$8:$F$162<=AD$2)*($V$8:$V$162>=AD$2)*(WEEKDAY(AD$2,2)<6)*(COUNTIF('마스터'!$J$13:$J$27,AD$2)=0)*($N$8:$N$162)/($U$8:$U$162+($U$8:$U$162=0))) | AE5: =SUMPRODUCT(($F$8:$F$162<>"")*($F$8:$F$162<=AE$2)*($V$8:$V$162>=AE$2)*(WEEKDAY(AE$2,2)<6)*(COUNTIF('마스터'!$J$13:$J$27,AE$2)=0)*($N$8:$N$162)/($U$8:$U$162+($U$8:$U$162=0))) | AF5: =SUMPRODUCT(($F$8:$F$162<>"")*($F$8:$F$162<=AF$2)*($V$8:$V$162>=AF$2)*(WEEKDAY(AF$2,2)<6)*(COUNTIF('마스터'!$J$13:$J$27,AF$2)=0)*($N$8:$N$162)/($U$8:$U$162+($U$8:$U$162=0))) | AG5: =SUMPRODUCT(($F$8:$F$162<>"")*($F$8:$F$162<=AG$2)*($V$8:$V$162>=AG$2)*(WEEKDAY(AG$2,2)<6)*(COUNTIF('마스터'!$J$13:$J$27,AG$2)=0)*($N$8:$N$162)/($U$8:$U$162+($U$8:$U$162=0))) | ... BD5: =SUMPRODUCT(($F$8:$F$162<>"")*($F$8:$F$162<=BD$2)*($V$8:$V$162>=BD$2)*(WEEKDAY(BD$2,2)<6)*(COUNTIF('마스터'!$J$13:$J$27,BD$2)=0)*($N$8:$N$162)/($U$8:$U$162+($U$8:$U$162=0)))
A6: 기획 TO | G6: 정원 | H6: ='마스터'!$J$10 | Z6: =SUMPRODUCT(($F$8:$F$162<>"")*($F$8:$F$162<=Z$2)*($V$8:$V$162>=Z$2)*(WEEKDAY(Z$2,2)<6)*(COUNTIF('마스터'!$J$13:$J$27,Z$2)=0)*($P$8:$P$162)/($U$8:$U$162+($U$8:$U$162=0))) | AA6: =SUMPRODUCT(($F$8:$F$162<>"")*($F$8:$F$162<=AA$2)*($V$8:$V$162>=AA$2)*(WEEKDAY(AA$2,2)<6)*(COUNTIF('마스터'!$J$13:$J$27,AA$2)=0)*($P$8:$P$162)/($U$8:$U$162+($U$8:$U$162=0))) | AB6: =SUMPRODUCT(($F$8:$F$162<>"")*($F$8:$F$162<=AB$2)*($V$8:$V$162>=AB$2)*(WEEKDAY(AB$2,2)<6)*(COUNTIF('마스터'!$J$13:$J$27,AB$2)=0)*($P$8:$P$162)/($U$8:$U$162+($U$8:$U$162=0))) | AC6: =SUMPRODUCT(($F$8:$F$162<>"")*($F$8:$F$162<=AC$2)*($V$8:$V$162>=AC$2)*(WEEKDAY(AC$2,2)<6)*(COUNTIF('마스터'!$J$13:$J$27,AC$2)=0)*($P$8:$P$162)/($U$8:$U$162+($U$8:$U$162=0))) | AD6: =SUMPRODUCT(($F$8:$F$162<>"")*($F$8:$F$162<=AD$2)*($V$8:$V$162>=AD$2)*(WEEKDAY(AD$2,2)<6)*(COUNTIF('마스터'!$J$13:$J$27,AD$2)=0)*($P$8:$P$162)/($U$8:$U$162+($U$8:$U$162=0))) | AE6: =SUMPRODUCT(($F$8:$F$162<>"")*($F$8:$F$162<=AE$2)*($V$8:$V$162>=AE$2)*(WEEKDAY(AE$2,2)<6)*(COUNTIF('마스터'!$J$13:$J$27,AE$2)=0)*($P$8:$P$162)/($U$8:$U$162+($U$8:$U$162=0))) | AF6: =SUMPRODUCT(($F$8:$F$162<>"")*($F$8:$F$162<=AF$2)*($V$8:$V$162>=AF$2)*(WEEKDAY(AF$2,2)<6)*(COUNTIF('마스터'!$J$13:$J$27,AF$2)=0)*($P$8:$P$162)/($U$8:$U$162+($U$8:$U$162=0))) | AG6: =SUMPRODUCT(($F$8:$F$162<>"")*($F$8:$F$162<=AG$2)*($V$8:$V$162>=AG$2)*(WEEKDAY(AG$2,2)<6)*(COUNTIF('마스터'!$J$13:$J$27,AG$2)=0)*($P$8:$P$162)/($U$8:$U$162+($U$8:$U$162=0))) | ... BD6: =SUMPRODUCT(($F$8:$F$162<>"")*($F$8:$F$162<=BD$2)*($V$8:$V$162>=BD$2)*(WEEKDAY(BD$2,2)<6)*(COUNTIF('마스터'!$J$13:$J$27,BD$2)=0)*($P$8:$P$162)/($U$8:$U$162+($U$8:$U$162=0)))
A8: 마케팅1팀 (9~38행)
A9: =IF(E9="","",COUNTA($E$9:E9)) | C9: 마케팅1팀 | Q9: =IF(SUM(L9,N9,P9)=0,"",SUM(L9,N9,P9)) | R9: =IF(L9>0,"영 ","")&IF(N9>0,"이 ","")&IF(P9>0,"기 ","") | S9: =IF(F9="","","W"&ROUNDUP(DAY(F9)/7,0)) | U9: =IF(Q9="",0,ROUNDUP(MAX(L9,N9,P9)/'마스터'!$J$5,0)) | V9: =IF(OR(F9="",U9=0),"",WORKDAY(F9,U9-1,'마스터'!$J$13:$J$27)) | W9: =IF(OR(G9="",V9=""),"",G9-V9) | Z9: =IF(AND($F9<>"",$V9<>"",Z$2>=$F9,Z$2<=$V9,WEEKDAY(Z$2,2)<6,COUNTIF('마스터'!$J$13:$J$27,Z$2)=0),$Q9/$U9,"") | AA9: =IF(AND($F9<>"",$V9<>"",AA$2>=$F9,AA$2<=$V9,WEEKDAY(AA$2,2)<6,COUNTIF('마스터'!$J$13:$J$27,AA$2)=0),$Q9/$U9,"") | AB9: =IF(AND($F9<>"",$V9<>"",AB$2>=$F9,AB$2<=$V9,WEEKDAY(AB$2,2)<6,COUNTIF('마스터'!$J$13:$J$27,AB$2)=0),$Q9/$U9,"") | AC9: =IF(AND($F9<>"",$V9<>"",AC$2>=$F9,AC$2<=$V9,WEEKDAY(AC$2,2)<6,COUNTIF('마스터'!$J$13:$J$27,AC$2)=0),$Q9/$U9,"") | AD9: =IF(AND($F9<>"",$V9<>"",AD$2>=$F9,AD$2<=$V9,WEEKDAY(AD$2,2)<6,COUNTIF('마스터'!$J$13:$J$27,AD$2)=0),$Q9/$U9,"") | AE9: =IF(AND($F9<>"",$V9<>"",AE$2>=$F9,AE$2<=$V9,WEEKDAY(AE$2,2)<6,COUNTIF('마스터'!$J$13:$J$27,AE$2)=0),$Q9/$U9,"") | AF9: =IF(AND($F9<>"",$V9<>"",AF$2>=$F9,AF$2<=$V9,WEEKDAY(AF$2,2)<6,COUNTIF('마스터'!$J$13:$J$27,AF$2)=0),$Q9/$U9,"") | AG9: =IF(AND($F9<>"",$V9<>"",AG$2>=$F9,AG$2<=$V9,WEEKDAY(AG$2,2)<6,COUNTIF('마스터'!$J$13:$J$27,AG$2)=0),$Q9/$U9,"") | ... BD9: =IF(AND($F9<>"",$V9<>"",BD$2>=$F9,BD$2<=$V9,WEEKDAY(BD$2,2)<6,COUNTIF('마스터'!$J$13:$J$27,BD$2)=0),$Q9/$U9,"")
A10: =IF(E10="","",COUNTA($E$9:E10)) | C10: 마케팅1팀 | Q10: =IF(SUM(L10,N10,P10)=0,"",SUM(L10,N10,P10)) | R10: =IF(L10>0,"영 ","")&IF(N10>0,"이 ","")&IF(P10>0,"기 ","") | S10: =IF(F10="","","W"&ROUNDUP(DAY(F10)/7,0)) | U10: =IF(Q10="",0,ROUNDUP(MAX(L10,N10,P10)/'마스터'!$J$5,0)) | V10: =IF(OR(F10="",U10=0),"",WORKDAY(F10,U10-1,'마스터'!$J$13:$J$27)) | W10: =IF(OR(G10="",V10=""),"",G10-V10) | Z10: =IF(AND($F10<>"",$V10<>"",Z$2>=$F10,Z$2<=$V10,WEEKDAY(Z$2,2)<6,COUNTIF('마스터'!$J$13:$J$27,Z$2)=0),$Q10/$U10,"") | AA10: =IF(AND($F10<>"",$V10<>"",AA$2>=$F10,AA$2<=$V10,WEEKDAY(AA$2,2)<6,COUNTIF('마스터'!$J$13:$J$27,AA$2)=0),$Q10/$U10,"") | AB10: =IF(AND($F10<>"",$V10<>"",AB$2>=$F10,AB$2<=$V10,WEEKDAY(AB$2,2)<6,COUNTIF('마스터'!$J$13:$J$27,AB$2)=0),$Q10/$U10,"") | AC10: =IF(AND($F10<>"",$V10<>"",AC$2>=$F10,AC$2<=$V10,WEEKDAY(AC$2,2)<6,COUNTIF('마스터'!$J$13:$J$27,AC$2)=0),$Q10/$U10,"") | AD10: =IF(AND($F10<>"",$V10<>"",AD$2>=$F10,AD$2<=$V10,WEEKDAY(AD$2,2)<6,COUNTIF('마스터'!$J$13:$J$27,AD$2)=0),$Q10/$U10,"") | AE10: =IF(AND($F10<>"",$V10<>"",AE$2>=$F10,AE$2<=$V10,WEEKDAY(AE$2,2)<6,COUNTIF('마스터'!$J$13:$J$27,AE$2)=0),$Q10/$U10,"") | AF10: =IF(AND($F10<>"",$V10<>"",AF$2>=$F10,AF$2<=$V10,WEEKDAY(AF$2,2)<6,COUNTIF('마스터'!$J$13:$J$27,AF$2)=0),$Q10/$U10,"") | AG10: =IF(AND($F10<>"",$V10<>"",AG$2>=$F10,AG$2<=$V10,WEEKDAY(AG$2,2)<6,COUNTIF('마스터'!$J$13:$J$27,AG$2)=0),$Q10/$U10,"") | ... BD10: =IF(AND($F10<>"",$V10<>"",BD$2>=$F10,BD$2<=$V10,WEEKDAY(BD$2,2)<6,COUNTIF('마스터'!$J$13:$J$27,BD$2)=0),$Q10/$U10,"")
A11: =IF(E11="","",COUNTA($E$9:E11)) | C11: 마케팅1팀 | Q11: =IF(SUM(L11,N11,P11)=0,"",SUM(L11,N11,P11)) | R11: =IF(L11>0,"영 ","")&IF(N11>0,"이 ","")&IF(P11>0,"기 ","") | S11: =IF(F11="","","W"&ROUNDUP(DAY(F11)/7,0)) | U11: =IF(Q11="",0,ROUNDUP(MAX(L11,N11,P11)/'마스터'!$J$5,0)) | V11: =IF(OR(F11="",U11=0),"",WORKDAY(F11,U11-1,'마스터'!$J$13:$J$27)) | W11: =IF(OR(G11="",V11=""),"",G11-V11) | Z11: =IF(AND($F11<>"",$V11<>"",Z$2>=$F11,Z$2<=$V11,WEEKDAY(Z$2,2)<6,COUNTIF('마스터'!$J$13:$J$27,Z$2)=0),$Q11/$U11,"") | AA11: =IF(AND($F11<>"",$V11<>"",AA$2>=$F11,AA$2<=$V11,WEEKDAY(AA$2,2)<6,COUNTIF('마스터'!$J$13:$J$27,AA$2)=0),$Q11/$U11,"") | AB11: =IF(AND($F11<>"",$V11<>"",AB$2>=$F11,AB$2<=$V11,WEEKDAY(AB$2,2)<6,COUNTIF('마스터'!$J$13:$J$27,AB$2)=0),$Q11/$U11,"") | AC11: =IF(AND($F11<>"",$V11<>"",AC$2>=$F11,AC$2<=$V11,WEEKDAY(AC$2,2)<6,COUNTIF('마스터'!$J$13:$J$27,AC$2)=0),$Q11/$U11,"") | AD11: =IF(AND($F11<>"",$V11<>"",AD$2>=$F11,AD$2<=$V11,WEEKDAY(AD$2,2)<6,COUNTIF('마스터'!$J$13:$J$27,AD$2)=0),$Q11/$U11,"") | AE11: =IF(AND($F11<>"",$V11<>"",AE$2>=$F11,AE$2<=$V11,WEEKDAY(AE$2,2)<6,COUNTIF('마스터'!$J$13:$J$27,AE$2)=0),$Q11/$U11,"") | AF11: =IF(AND($F11<>"",$V11<>"",AF$2>=$F11,AF$2<=$V11,WEEKDAY(AF$2,2)<6,COUNTIF('마스터'!$J$13:$J$27,AF$2)=0),$Q11/$U11,"") | AG11: =IF(AND($F11<>"",$V11<>"",AG$2>=$F11,AG$2<=$V11,WEEKDAY(AG$2,2)<6,COUNTIF('마스터'!$J$13:$J$27,AG$2)=0),$Q11/$U11,"") | ... BD11: =IF(AND($F11<>"",$V11<>"",BD$2>=$F11,BD$2<=$V11,WEEKDAY(BD$2,2)<6,COUNTIF('마스터'!$J$13:$J$27,BD$2)=0),$Q11/$U11,"")
A12: =IF(E12="","",COUNTA($E$9:E12)) | C12: 마케팅1팀 | Q12: =IF(SUM(L12,N12,P12)=0,"",SUM(L12,N12,P12)) | R12: =IF(L12>0,"영 ","")&IF(N12>0,"이 ","")&IF(P12>0,"기 ","") | S12: =IF(F12="","","W"&ROUNDUP(DAY(F12)/7,0)) | U12: =IF(Q12="",0,ROUNDUP(MAX(L12,N12,P12)/'마스터'!$J$5,0)) | V12: =IF(OR(F12="",U12=0),"",WORKDAY(F12,U12-1,'마스터'!$J$13:$J$27)) | W12: =IF(OR(G12="",V12=""),"",G12-V12) | Z12: =IF(AND($F12<>"",$V12<>"",Z$2>=$F12,Z$2<=$V12,WEEKDAY(Z$2,2)<6,COUNTIF('마스터'!$J$13:$J$27,Z$2)=0),$Q12/$U12,"") | AA12: =IF(AND($F12<>"",$V12<>"",AA$2>=$F12,AA$2<=$V12,WEEKDAY(AA$2,2)<6,COUNTIF('마스터'!$J$13:$J$27,AA$2)=0),$Q12/$U12,"") | AB12: =IF(AND($F12<>"",$V12<>"",AB$2>=$F12,AB$2<=$V12,WEEKDAY(AB$2,2)<6,COUNTIF('마스터'!$J$13:$J$27,AB$2)=0),$Q12/$U12,"") | AC12: =IF(AND($F12<>"",$V12<>"",AC$2>=$F12,AC$2<=$V12,WEEKDAY(AC$2,2)<6,COUNTIF('마스터'!$J$13:$J$27,AC$2)=0),$Q12/$U12,"") | AD12: =IF(AND($F12<>"",$V12<>"",AD$2>=$F12,AD$2<=$V12,WEEKDAY(AD$2,2)<6,COUNTIF('마스터'!$J$13:$J$27,AD$2)=0),$Q12/$U12,"") | AE12: =IF(AND($F12<>"",$V12<>"",AE$2>=$F12,AE$2<=$V12,WEEKDAY(AE$2,2)<6,COUNTIF('마스터'!$J$13:$J$27,AE$2)=0),$Q12/$U12,"") | AF12: =IF(AND($F12<>"",$V12<>"",AF$2>=$F12,AF$2<=$V12,WEEKDAY(AF$2,2)<6,COUNTIF('마스터'!$J$13:$J$27,AF$2)=0),$Q12/$U12,"") | AG12: =IF(AND($F12<>"",$V12<>"",AG$2>=$F12,AG$2<=$V12,WEEKDAY(AG$2,2)<6,COUNTIF('마스터'!$J$13:$J$27,AG$2)=0),$Q12/$U12,"") | ... BD12: =IF(AND($F12<>"",$V12<>"",BD$2>=$F12,BD$2<=$V12,WEEKDAY(BD$2,2)<6,COUNTIF('마스터'!$J$13:$J$27,BD$2)=0),$Q12/$U12,"")
A13: =IF(E13="","",COUNTA($E$9:E13)) | C13: 마케팅1팀 | Q13: =IF(SUM(L13,N13,P13)=0,"",SUM(L13,N13,P13)) | R13: =IF(L13>0,"영 ","")&IF(N13>0,"이 ","")&IF(P13>0,"기 ","") | S13: =IF(F13="","","W"&ROUNDUP(DAY(F13)/7,0)) | U13: =IF(Q13="",0,ROUNDUP(MAX(L13,N13,P13)/'마스터'!$J$5,0)) | V13: =IF(OR(F13="",U13=0),"",WORKDAY(F13,U13-1,'마스터'!$J$13:$J$27)) | W13: =IF(OR(G13="",V13=""),"",G13-V13) | Z13: =IF(AND($F13<>"",$V13<>"",Z$2>=$F13,Z$2<=$V13,WEEKDAY(Z$2,2)<6,COUNTIF('마스터'!$J$13:$J$27,Z$2)=0),$Q13/$U13,"") | AA13: =IF(AND($F13<>"",$V13<>"",AA$2>=$F13,AA$2<=$V13,WEEKDAY(AA$2,2)<6,COUNTIF('마스터'!$J$13:$J$27,AA$2)=0),$Q13/$U13,"") | AB13: =IF(AND($F13<>"",$V13<>"",AB$2>=$F13,AB$2<=$V13,WEEKDAY(AB$2,2)<6,COUNTIF('마스터'!$J$13:$J$27,AB$2)=0),$Q13/$U13,"") | AC13: =IF(AND($F13<>"",$V13<>"",AC$2>=$F13,AC$2<=$V13,WEEKDAY(AC$2,2)<6,COUNTIF('마스터'!$J$13:$J$27,AC$2)=0),$Q13/$U13,"") | AD13: =IF(AND($F13<>"",$V13<>"",AD$2>=$F13,AD$2<=$V13,WEEKDAY(AD$2,2)<6,COUNTIF('마스터'!$J$13:$J$27,AD$2)=0),$Q13/$U13,"") | AE13: =IF(AND($F13<>"",$V13<>"",AE$2>=$F13,AE$2<=$V13,WEEKDAY(AE$2,2)<6,COUNTIF('마스터'!$J$13:$J$27,AE$2)=0),$Q13/$U13,"") | AF13: =IF(AND($F13<>"",$V13<>"",AF$2>=$F13,AF$2<=$V13,WEEKDAY(AF$2,2)<6,COUNTIF('마스터'!$J$13:$J$27,AF$2)=0),$Q13/$U13,"") | AG13: =IF(AND($F13<>"",$V13<>"",AG$2>=$F13,AG$2<=$V13,WEEKDAY(AG$2,2)<6,COUNTIF('마스터'!$J$13:$J$27,AG$2)=0),$Q13/$U13,"") | ... BD13: =IF(AND($F13<>"",$V13<>"",BD$2>=$F13,BD$2<=$V13,WEEKDAY(BD$2,2)<6,COUNTIF('마스터'!$J$13:$J$27,BD$2)=0),$Q13/$U13,"")
A14: =IF(E14="","",COUNTA($E$9:E14)) | C14: 마케팅1팀 | Q14: =IF(SUM(L14,N14,P14)=0,"",SUM(L14,N14,P14)) | R14: =IF(L14>0,"영 ","")&IF(N14>0,"이 ","")&IF(P14>0,"기 ","") | S14: =IF(F14="","","W"&ROUNDUP(DAY(F14)/7,0)) | U14: =IF(Q14="",0,ROUNDUP(MAX(L14,N14,P14)/'마스터'!$J$5,0)) | V14: =IF(OR(F14="",U14=0),"",WORKDAY(F14,U14-1,'마스터'!$J$13:$J$27)) | W14: =IF(OR(G14="",V14=""),"",G14-V14) | Z14: =IF(AND($F14<>"",$V14<>"",Z$2>=$F14,Z$2<=$V14,WEEKDAY(Z$2,2)<6,COUNTIF('마스터'!$J$13:$J$27,Z$2)=0),$Q14/$U14,"") | AA14: =IF(AND($F14<>"",$V14<>"",AA$2>=$F14,AA$2<=$V14,WEEKDAY(AA$2,2)<6,COUNTIF('마스터'!$J$13:$J$27,AA$2)=0),$Q14/$U14,"") | AB14: =IF(AND($F14<>"",$V14<>"",AB$2>=$F14,AB$2<=$V14,WEEKDAY(AB$2,2)<6,COUNTIF('마스터'!$J$13:$J$27,AB$2)=0),$Q14/$U14,"") | AC14: =IF(AND($F14<>"",$V14<>"",AC$2>=$F14,AC$2<=$V14,WEEKDAY(AC$2,2)<6,COUNTIF('마스터'!$J$13:$J$27,AC$2)=0),$Q14/$U14,"") | AD14: =IF(AND($F14<>"",$V14<>"",AD$2>=$F14,AD$2<=$V14,WEEKDAY(AD$2,2)<6,COUNTIF('마스터'!$J$13:$J$27,AD$2)=0),$Q14/$U14,"") | AE14: =IF(AND($F14<>"",$V14<>"",AE$2>=$F14,AE$2<=$V14,WEEKDAY(AE$2,2)<6,COUNTIF('마스터'!$J$13:$J$27,AE$2)=0),$Q14/$U14,"") | AF14: =IF(AND($F14<>"",$V14<>"",AF$2>=$F14,AF$2<=$V14,WEEKDAY(AF$2,2)<6,COUNTIF('마스터'!$J$13:$J$27,AF$2)=0),$Q14/$U14,"") | AG14: =IF(AND($F14<>"",$V14<>"",AG$2>=$F14,AG$2<=$V14,WEEKDAY(AG$2,2)<6,COUNTIF('마스터'!$J$13:$J$27,AG$2)=0),$Q14/$U14,"") | ... BD14: =IF(AND($F14<>"",$V14<>"",BD$2>=$F14,BD$2<=$V14,WEEKDAY(BD$2,2)<6,COUNTIF('마스터'!$J$13:$J$27,BD$2)=0),$Q14/$U14,"")
A15: =IF(E15="","",COUNTA($E$9:E15)) | C15: 마케팅1팀 | Q15: =IF(SUM(L15,N15,P15)=0,"",SUM(L15,N15,P15)) | R15: =IF(L15>0,"영 ","")&IF(N15>0,"이 ","")&IF(P15>0,"기 ","") | S15: =IF(F15="","","W"&ROUNDUP(DAY(F15)/7,0)) | U15: =IF(Q15="",0,ROUNDUP(MAX(L15,N15,P15)/'마스터'!$J$5,0)) | V15: =IF(OR(F15="",U15=0),"",WORKDAY(F15,U15-1,'마스터'!$J$13:$J$27)) | W15: =IF(OR(G15="",V15=""),"",G15-V15) | Z15: =IF(AND($F15<>"",$V15<>"",Z$2>=$F15,Z$2<=$V15,WEEKDAY(Z$2,2)<6,COUNTIF('마스터'!$J$13:$J$27,Z$2)=0),$Q15/$U15,"") | AA15: =IF(AND($F15<>"",$V15<>"",AA$2>=$F15,AA$2<=$V15,WEEKDAY(AA$2,2)<6,COUNTIF('마스터'!$J$13:$J$27,AA$2)=0),$Q15/$U15,"") | AB15: =IF(AND($F15<>"",$V15<>"",AB$2>=$F15,AB$2<=$V15,WEEKDAY(AB$2,2)<6,COUNTIF('마스터'!$J$13:$J$27,AB$2)=0),$Q15/$U15,"") | AC15: =IF(AND($F15<>"",$V15<>"",AC$2>=$F15,AC$2<=$V15,WEEKDAY(AC$2,2)<6,COUNTIF('마스터'!$J$13:$J$27,AC$2)=0),$Q15/$U15,"") | AD15: =IF(AND($F15<>"",$V15<>"",AD$2>=$F15,AD$2<=$V15,WEEKDAY(AD$2,2)<6,COUNTIF('마스터'!$J$13:$J$27,AD$2)=0),$Q15/$U15,"") | AE15: =IF(AND($F15<>"",$V15<>"",AE$2>=$F15,AE$2<=$V15,WEEKDAY(AE$2,2)<6,COUNTIF('마스터'!$J$13:$J$27,AE$2)=0),$Q15/$U15,"") | AF15: =IF(AND($F15<>"",$V15<>"",AF$2>=$F15,AF$2<=$V15,WEEKDAY(AF$2,2)<6,COUNTIF('마스터'!$J$13:$J$27,AF$2)=0),$Q15/$U15,"") | AG15: =IF(AND($F15<>"",$V15<>"",AG$2>=$F15,AG$2<=$V15,WEEKDAY(AG$2,2)<6,COUNTIF('마스터'!$J$13:$J$27,AG$2)=0),$Q15/$U15,"") | ... BD15: =IF(AND($F15<>"",$V15<>"",BD$2>=$F15,BD$2<=$V15,WEEKDAY(BD$2,2)<6,COUNTIF('마스터'!$J$13:$J$27,BD$2)=0),$Q15/$U15,"")
A16: =IF(E16="","",COUNTA($E$9:E16)) | C16: 마케팅1팀 | Q16: =IF(SUM(L16,N16,P16)=0,"",SUM(L16,N16,P16)) | R16: =IF(L16>0,"영 ","")&IF(N16>0,"이 ","")&IF(P16>0,"기 ","") | S16: =IF(F16="","","W"&ROUNDUP(DAY(F16)/7,0)) | U16: =IF(Q16="",0,ROUNDUP(MAX(L16,N16,P16)/'마스터'!$J$5,0)) | V16: =IF(OR(F16="",U16=0),"",WORKDAY(F16,U16-1,'마스터'!$J$13:$J$27)) | W16: =IF(OR(G16="",V16=""),"",G16-V16) | Z16: =IF(AND($F16<>"",$V16<>"",Z$2>=$F16,Z$2<=$V16,WEEKDAY(Z$2,2)<6,COUNTIF('마스터'!$J$13:$J$27,Z$2)=0),$Q16/$U16,"") | AA16: =IF(AND($F16<>"",$V16<>"",AA$2>=$F16,AA$2<=$V16,WEEKDAY(AA$2,2)<6,COUNTIF('마스터'!$J$13:$J$27,AA$2)=0),$Q16/$U16,"") | AB16: =IF(AND($F16<>"",$V16<>"",AB$2>=$F16,AB$2<=$V16,WEEKDAY(AB$2,2)<6,COUNTIF('마스터'!$J$13:$J$27,AB$2)=0),$Q16/$U16,"") | AC16: =IF(AND($F16<>"",$V16<>"",AC$2>=$F16,AC$2<=$V16,WEEKDAY(AC$2,2)<6,COUNTIF('마스터'!$J$13:$J$27,AC$2)=0),$Q16/$U16,"") | AD16: =IF(AND($F16<>"",$V16<>"",AD$2>=$F16,AD$2<=$V16,WEEKDAY(AD$2,2)<6,COUNTIF('마스터'!$J$13:$J$27,AD$2)=0),$Q16/$U16,"") | AE16: =IF(AND($F16<>"",$V16<>"",AE$2>=$F16,AE$2<=$V16,WEEKDAY(AE$2,2)<6,COUNTIF('마스터'!$J$13:$J$27,AE$2)=0),$Q16/$U16,"") | AF16: =IF(AND($F16<>"",$V16<>"",AF$2>=$F16,AF$2<=$V16,WEEKDAY(AF$2,2)<6,COUNTIF('마스터'!$J$13:$J$27,AF$2)=0),$Q16/$U16,"") | AG16: =IF(AND($F16<>"",$V16<>"",AG$2>=$F16,AG$2<=$V16,WEEKDAY(AG$2,2)<6,COUNTIF('마스터'!$J$13:$J$27,AG$2)=0),$Q16/$U16,"") | ... BD16: =IF(AND($F16<>"",$V16<>"",BD$2>=$F16,BD$2<=$V16,WEEKDAY(BD$2,2)<6,COUNTIF('마스터'!$J$13:$J$27,BD$2)=0),$Q16/$U16,"")
A17: =IF(E17="","",COUNTA($E$9:E17)) | C17: 마케팅1팀 | Q17: =IF(SUM(L17,N17,P17)=0,"",SUM(L17,N17,P17)) | R17: =IF(L17>0,"영 ","")&IF(N17>0,"이 ","")&IF(P17>0,"기 ","") | S17: =IF(F17="","","W"&ROUNDUP(DAY(F17)/7,0)) | U17: =IF(Q17="",0,ROUNDUP(MAX(L17,N17,P17)/'마스터'!$J$5,0)) | V17: =IF(OR(F17="",U17=0),"",WORKDAY(F17,U17-1,'마스터'!$J$13:$J$27)) | W17: =IF(OR(G17="",V17=""),"",G17-V17) | Z17: =IF(AND($F17<>"",$V17<>"",Z$2>=$F17,Z$2<=$V17,WEEKDAY(Z$2,2)<6,COUNTIF('마스터'!$J$13:$J$27,Z$2)=0),$Q17/$U17,"") | AA17: =IF(AND($F17<>"",$V17<>"",AA$2>=$F17,AA$2<=$V17,WEEKDAY(AA$2,2)<6,COUNTIF('마스터'!$J$13:$J$27,AA$2)=0),$Q17/$U17,"") | AB17: =IF(AND($F17<>"",$V17<>"",AB$2>=$F17,AB$2<=$V17,WEEKDAY(AB$2,2)<6,COUNTIF('마스터'!$J$13:$J$27,AB$2)=0),$Q17/$U17,"") | AC17: =IF(AND($F17<>"",$V17<>"",AC$2>=$F17,AC$2<=$V17,WEEKDAY(AC$2,2)<6,COUNTIF('마스터'!$J$13:$J$27,AC$2)=0),$Q17/$U17,"") | AD17: =IF(AND($F17<>"",$V17<>"",AD$2>=$F17,AD$2<=$V17,WEEKDAY(AD$2,2)<6,COUNTIF('마스터'!$J$13:$J$27,AD$2)=0),$Q17/$U17,"") | AE17: =IF(AND($F17<>"",$V17<>"",AE$2>=$F17,AE$2<=$V17,WEEKDAY(AE$2,2)<6,COUNTIF('마스터'!$J$13:$J$27,AE$2)=0),$Q17/$U17,"") | AF17: =IF(AND($F17<>"",$V17<>"",AF$2>=$F17,AF$2<=$V17,WEEKDAY(AF$2,2)<6,COUNTIF('마스터'!$J$13:$J$27,AF$2)=0),$Q17/$U17,"") | AG17: =IF(AND($F17<>"",$V17<>"",AG$2>=$F17,AG$2<=$V17,WEEKDAY(AG$2,2)<6,COUNTIF('마스터'!$J$13:$J$27,AG$2)=0),$Q17/$U17,"") | ... BD17: =IF(AND($F17<>"",$V17<>"",BD$2>=$F17,BD$2<=$V17,WEEKDAY(BD$2,2)<6,COUNTIF('마스터'!$J$13:$J$27,BD$2)=0),$Q17/$U17,"")
A18: =IF(E18="","",COUNTA($E$9:E18)) | C18: 마케팅1팀 | Q18: =IF(SUM(L18,N18,P18)=0,"",SUM(L18,N18,P18)) | R18: =IF(L18>0,"영 ","")&IF(N18>0,"이 ","")&IF(P18>0,"기 ","") | S18: =IF(F18="","","W"&ROUNDUP(DAY(F18)/7,0)) | U18: =IF(Q18="",0,ROUNDUP(MAX(L18,N18,P18)/'마스터'!$J$5,0)) | V18: =IF(OR(F18="",U18=0),"",WORKDAY(F18,U18-1,'마스터'!$J$13:$J$27)) | W18: =IF(OR(G18="",V18=""),"",G18-V18) | Z18: =IF(AND($F18<>"",$V18<>"",Z$2>=$F18,Z$2<=$V18,WEEKDAY(Z$2,2)<6,COUNTIF('마스터'!$J$13:$J$27,Z$2)=0),$Q18/$U18,"") | AA18: =IF(AND($F18<>"",$V18<>"",AA$2>=$F18,AA$2<=$V18,WEEKDAY(AA$2,2)<6,COUNTIF('마스터'!$J$13:$J$27,AA$2)=0),$Q18/$U18,"") | AB18: =IF(AND($F18<>"",$V18<>"",AB$2>=$F18,AB$2<=$V18,WEEKDAY(AB$2,2)<6,COUNTIF('마스터'!$J$13:$J$27,AB$2)=0),$Q18/$U18,"") | AC18: =IF(AND($F18<>"",$V18<>"",AC$2>=$F18,AC$2<=$V18,WEEKDAY(AC$2,2)<6,COUNTIF('마스터'!$J$13:$J$27,AC$2)=0),$Q18/$U18,"") | AD18: =IF(AND($F18<>"",$V18<>"",AD$2>=$F18,AD$2<=$V18,WEEKDAY(AD$2,2)<6,COUNTIF('마스터'!$J$13:$J$27,AD$2)=0),$Q18/$U18,"") | AE18: =IF(AND($F18<>"",$V18<>"",AE$2>=$F18,AE$2<=$V18,WEEKDAY(AE$2,2)<6,COUNTIF('마스터'!$J$13:$J$27,AE$2)=0),$Q18/$U18,"") | AF18: =IF(AND($F18<>"",$V18<>"",AF$2>=$F18,AF$2<=$V18,WEEKDAY(AF$2,2)<6,COUNTIF('마스터'!$J$13:$J$27,AF$2)=0),$Q18/$U18,"") | AG18: =IF(AND($F18<>"",$V18<>"",AG$2>=$F18,AG$2<=$V18,WEEKDAY(AG$2,2)<6,COUNTIF('마스터'!$J$13:$J$27,AG$2)=0),$Q18/$U18,"") | ... BD18: =IF(AND($F18<>"",$V18<>"",BD$2>=$F18,BD$2<=$V18,WEEKDAY(BD$2,2)<6,COUNTIF('마스터'!$J$13:$J$27,BD$2)=0),$Q18/$U18,"")
A19: =IF(E19="","",COUNTA($E$9:E19)) | C19: 마케팅1팀 | Q19: =IF(SUM(L19,N19,P19)=0,"",SUM(L19,N19,P19)) | R19: =IF(L19>0,"영 ","")&IF(N19>0,"이 ","")&IF(P19>0,"기 ","") | S19: =IF(F19="","","W"&ROUNDUP(DAY(F19)/7,0)) | U19: =IF(Q19="",0,ROUNDUP(MAX(L19,N19,P19)/'마스터'!$J$5,0)) | V19: =IF(OR(F19="",U19=0),"",WORKDAY(F19,U19-1,'마스터'!$J$13:$J$27)) | W19: =IF(OR(G19="",V19=""),"",G19-V19) | Z19: =IF(AND($F19<>"",$V19<>"",Z$2>=$F19,Z$2<=$V19,WEEKDAY(Z$2,2)<6,COUNTIF('마스터'!$J$13:$J$27,Z$2)=0),$Q19/$U19,"") | AA19: =IF(AND($F19<>"",$V19<>"",AA$2>=$F19,AA$2<=$V19,WEEKDAY(AA$2,2)<6,COUNTIF('마스터'!$J$13:$J$27,AA$2)=0),$Q19/$U19,"") | AB19: =IF(AND($F19<>"",$V19<>"",AB$2>=$F19,AB$2<=$V19,WEEKDAY(AB$2,2)<6,COUNTIF('마스터'!$J$13:$J$27,AB$2)=0),$Q19/$U19,"") | AC19: =IF(AND($F19<>"",$V19<>"",AC$2>=$F19,AC$2<=$V19,WEEKDAY(AC$2,2)<6,COUNTIF('마스터'!$J$13:$J$27,AC$2)=0),$Q19/$U19,"") | AD19: =IF(AND($F19<>"",$V19<>"",AD$2>=$F19,AD$2<=$V19,WEEKDAY(AD$2,2)<6,COUNTIF('마스터'!$J$13:$J$27,AD$2)=0),$Q19/$U19,"") | AE19: =IF(AND($F19<>"",$V19<>"",AE$2>=$F19,AE$2<=$V19,WEEKDAY(AE$2,2)<6,COUNTIF('마스터'!$J$13:$J$27,AE$2)=0),$Q19/$U19,"") | AF19: =IF(AND($F19<>"",$V19<>"",AF$2>=$F19,AF$2<=$V19,WEEKDAY(AF$2,2)<6,COUNTIF('마스터'!$J$13:$J$27,AF$2)=0),$Q19/$U19,"") | AG19: =IF(AND($F19<>"",$V19<>"",AG$2>=$F19,AG$2<=$V19,WEEKDAY(AG$2,2)<6,COUNTIF('마스터'!$J$13:$J$27,AG$2)=0),$Q19/$U19,"") | ... BD19: =IF(AND($F19<>"",$V19<>"",BD$2>=$F19,BD$2<=$V19,WEEKDAY(BD$2,2)<6,COUNTIF('마스터'!$J$13:$J$27,BD$2)=0),$Q19/$U19,"")
A20: =IF(E20="","",COUNTA($E$9:E20)) | C20: 마케팅1팀 | Q20: =IF(SUM(L20,N20,P20)=0,"",SUM(L20,N20,P20)) | R20: =IF(L20>0,"영 ","")&IF(N20>0,"이 ","")&IF(P20>0,"기 ","") | S20: =IF(F20="","","W"&ROUNDUP(DAY(F20)/7,0)) | U20: =IF(Q20="",0,ROUNDUP(MAX(L20,N20,P20)/'마스터'!$J$5,0)) | V20: =IF(OR(F20="",U20=0),"",WORKDAY(F20,U20-1,'마스터'!$J$13:$J$27)) | W20: =IF(OR(G20="",V20=""),"",G20-V20) | Z20: =IF(AND($F20<>"",$V20<>"",Z$2>=$F20,Z$2<=$V20,WEEKDAY(Z$2,2)<6,COUNTIF('마스터'!$J$13:$J$27,Z$2)=0),$Q20/$U20,"") | AA20: =IF(AND($F20<>"",$V20<>"",AA$2>=$F20,AA$2<=$V20,WEEKDAY(AA$2,2)<6,COUNTIF('마스터'!$J$13:$J$27,AA$2)=0),$Q20/$U20,"") | AB20: =IF(AND($F20<>"",$V20<>"",AB$2>=$F20,AB$2<=$V20,WEEKDAY(AB$2,2)<6,COUNTIF('마스터'!$J$13:$J$27,AB$2)=0),$Q20/$U20,"") | AC20: =IF(AND($F20<>"",$V20<>"",AC$2>=$F20,AC$2<=$V20,WEEKDAY(AC$2,2)<6,COUNTIF('마스터'!$J$13:$J$27,AC$2)=0),$Q20/$U20,"") | AD20: =IF(AND($F20<>"",$V20<>"",AD$2>=$F20,AD$2<=$V20,WEEKDAY(AD$2,2)<6,COUNTIF('마스터'!$J$13:$J$27,AD$2)=0),$Q20/$U20,"") | AE20: =IF(AND($F20<>"",$V20<>"",AE$2>=$F20,AE$2<=$V20,WEEKDAY(AE$2,2)<6,COUNTIF('마스터'!$J$13:$J$27,AE$2)=0),$Q20/$U20,"") | AF20: =IF(AND($F20<>"",$V20<>"",AF$2>=$F20,AF$2<=$V20,WEEKDAY(AF$2,2)<6,COUNTIF('마스터'!$J$13:$J$27,AF$2)=0),$Q20/$U20,"") | AG20: =IF(AND($F20<>"",$V20<>"",AG$2>=$F20,AG$2<=$V20,WEEKDAY(AG$2,2)<6,COUNTIF('마스터'!$J$13:$J$27,AG$2)=0),$Q20/$U20,"") | ... BD20: =IF(AND($F20<>"",$V20<>"",BD$2>=$F20,BD$2<=$V20,WEEKDAY(BD$2,2)<6,COUNTIF('마스터'!$J$13:$J$27,BD$2)=0),$Q20/$U20,"")
... A38: =IF(E38="","",COUNTA($E$9:E38)) | C38: 마케팅1팀 | Q38: =IF(SUM(L38,N38,P38)=0,"",SUM(L38,N38,P38)) | R38: =IF(L38>0,"영 ","")&IF(N38>0,"이 ","")&IF(P38>0,"기 ","") | S38: =IF(F38="","","W"&ROUNDUP(DAY(F38)/7,0)) | U38: =IF(Q38="",0,ROUNDUP(MAX(L38,N38,P38)/'마스터'!$J$5,0)) | V38: =IF(OR(F38="",U38=0),"",WORKDAY(F38,U38-1,'마스터'!$J$13:$J$27)) | W38: =IF(OR(G38="",V38=""),"",G38-V38) | Z38: =IF(AND($F38<>"",$V38<>"",Z$2>=$F38,Z$2<=$V38,WEEKDAY(Z$2,2)<6,COUNTIF('마스터'!$J$13:$J$27,Z$2)=0),$Q38/$U38,"") | AA38: =IF(AND($F38<>"",$V38<>"",AA$2>=$F38,AA$2<=$V38,WEEKDAY(AA$2,2)<6,COUNTIF('마스터'!$J$13:$J$27,AA$2)=0),$Q38/$U38,"") | AB38: =IF(AND($F38<>"",$V38<>"",AB$2>=$F38,AB$2<=$V38,WEEKDAY(AB$2,2)<6,COUNTIF('마스터'!$J$13:$J$27,AB$2)=0),$Q38/$U38,"") | AC38: =IF(AND($F38<>"",$V38<>"",AC$2>=$F38,AC$2<=$V38,WEEKDAY(AC$2,2)<6,COUNTIF('마스터'!$J$13:$J$27,AC$2)=0),$Q38/$U38,"") | AD38: =IF(AND($F38<>"",$V38<>"",AD$2>=$F38,AD$2<=$V38,WEEKDAY(AD$2,2)<6,COUNTIF('마스터'!$J$13:$J$27,AD$2)=0),$Q38/$U38,"") | AE38: =IF(AND($F38<>"",$V38<>"",AE$2>=$F38,AE$2<=$V38,WEEKDAY(AE$2,2)<6,COUNTIF('마스터'!$J$13:$J$27,AE$2)=0),$Q38/$U38,"") | AF38: =IF(AND($F38<>"",$V38<>"",AF$2>=$F38,AF$2<=$V38,WEEKDAY(AF$2,2)<6,COUNTIF('마스터'!$J$13:$J$27,AF$2)=0),$Q38/$U38,"") | AG38: =IF(AND($F38<>"",$V38<>"",AG$2>=$F38,AG$2<=$V38,WEEKDAY(AG$2,2)<6,COUNTIF('마스터'!$J$13:$J$27,AG$2)=0),$Q38/$U38,"") | ... BD38: =IF(AND($F38<>"",$V38<>"",BD$2>=$F38,BD$2<=$V38,WEEKDAY(BD$2,2)<6,COUNTIF('마스터'!$J$13:$J$27,BD$2)=0),$Q38/$U38,"")
A39: 마케팅2팀 (40~69행)
A40: =IF(E40="","",COUNTA($E$40:E40)) | C40: 마케팅2팀 | Q40: =IF(SUM(L40,N40,P40)=0,"",SUM(L40,N40,P40)) | R40: =IF(L40>0,"영 ","")&IF(N40>0,"이 ","")&IF(P40>0,"기 ","") | S40: =IF(F40="","","W"&ROUNDUP(DAY(F40)/7,0)) | U40: =IF(Q40="",0,ROUNDUP(MAX(L40,N40,P40)/'마스터'!$J$5,0)) | V40: =IF(OR(F40="",U40=0),"",WORKDAY(F40,U40-1,'마스터'!$J$13:$J$27)) | W40: =IF(OR(G40="",V40=""),"",G40-V40) | Z40: =IF(AND($F40<>"",$V40<>"",Z$2>=$F40,Z$2<=$V40,WEEKDAY(Z$2,2)<6,COUNTIF('마스터'!$J$13:$J$27,Z$2)=0),$Q40/$U40,"") | AA40: =IF(AND($F40<>"",$V40<>"",AA$2>=$F40,AA$2<=$V40,WEEKDAY(AA$2,2)<6,COUNTIF('마스터'!$J$13:$J$27,AA$2)=0),$Q40/$U40,"") | AB40: =IF(AND($F40<>"",$V40<>"",AB$2>=$F40,AB$2<=$V40,WEEKDAY(AB$2,2)<6,COUNTIF('마스터'!$J$13:$J$27,AB$2)=0),$Q40/$U40,"") | AC40: =IF(AND($F40<>"",$V40<>"",AC$2>=$F40,AC$2<=$V40,WEEKDAY(AC$2,2)<6,COUNTIF('마스터'!$J$13:$J$27,AC$2)=0),$Q40/$U40,"") | AD40: =IF(AND($F40<>"",$V40<>"",AD$2>=$F40,AD$2<=$V40,WEEKDAY(AD$2,2)<6,COUNTIF('마스터'!$J$13:$J$27,AD$2)=0),$Q40/$U40,"") | AE40: =IF(AND($F40<>"",$V40<>"",AE$2>=$F40,AE$2<=$V40,WEEKDAY(AE$2,2)<6,COUNTIF('마스터'!$J$13:$J$27,AE$2)=0),$Q40/$U40,"") | AF40: =IF(AND($F40<>"",$V40<>"",AF$2>=$F40,AF$2<=$V40,WEEKDAY(AF$2,2)<6,COUNTIF('마스터'!$J$13:$J$27,AF$2)=0),$Q40/$U40,"") | AG40: =IF(AND($F40<>"",$V40<>"",AG$2>=$F40,AG$2<=$V40,WEEKDAY(AG$2,2)<6,COUNTIF('마스터'!$J$13:$J$27,AG$2)=0),$Q40/$U40,"") | ... BD40: =IF(AND($F40<>"",$V40<>"",BD$2>=$F40,BD$2<=$V40,WEEKDAY(BD$2,2)<6,COUNTIF('마스터'!$J$13:$J$27,BD$2)=0),$Q40/$U40,"")
A41: =IF(E41="","",COUNTA($E$40:E41)) | C41: 마케팅2팀 | Q41: =IF(SUM(L41,N41,P41)=0,"",SUM(L41,N41,P41)) | R41: =IF(L41>0,"영 ","")&IF(N41>0,"이 ","")&IF(P41>0,"기 ","") | S41: =IF(F41="","","W"&ROUNDUP(DAY(F41)/7,0)) | U41: =IF(Q41="",0,ROUNDUP(MAX(L41,N41,P41)/'마스터'!$J$5,0)) | V41: =IF(OR(F41="",U41=0),"",WORKDAY(F41,U41-1,'마스터'!$J$13:$J$27)) | W41: =IF(OR(G41="",V41=""),"",G41-V41) | Z41: =IF(AND($F41<>"",$V41<>"",Z$2>=$F41,Z$2<=$V41,WEEKDAY(Z$2,2)<6,COUNTIF('마스터'!$J$13:$J$27,Z$2)=0),$Q41/$U41,"") | AA41: =IF(AND($F41<>"",$V41<>"",AA$2>=$F41,AA$2<=$V41,WEEKDAY(AA$2,2)<6,COUNTIF('마스터'!$J$13:$J$27,AA$2)=0),$Q41/$U41,"") | AB41: =IF(AND($F41<>"",$V41<>"",AB$2>=$F41,AB$2<=$V41,WEEKDAY(AB$2,2)<6,COUNTIF('마스터'!$J$13:$J$27,AB$2)=0),$Q41/$U41,"") | AC41: =IF(AND($F41<>"",$V41<>"",AC$2>=$F41,AC$2<=$V41,WEEKDAY(AC$2,2)<6,COUNTIF('마스터'!$J$13:$J$27,AC$2)=0),$Q41/$U41,"") | AD41: =IF(AND($F41<>"",$V41<>"",AD$2>=$F41,AD$2<=$V41,WEEKDAY(AD$2,2)<6,COUNTIF('마스터'!$J$13:$J$27,AD$2)=0),$Q41/$U41,"") | AE41: =IF(AND($F41<>"",$V41<>"",AE$2>=$F41,AE$2<=$V41,WEEKDAY(AE$2,2)<6,COUNTIF('마스터'!$J$13:$J$27,AE$2)=0),$Q41/$U41,"") | AF41: =IF(AND($F41<>"",$V41<>"",AF$2>=$F41,AF$2<=$V41,WEEKDAY(AF$2,2)<6,COUNTIF('마스터'!$J$13:$J$27,AF$2)=0),$Q41/$U41,"") | AG41: =IF(AND($F41<>"",$V41<>"",AG$2>=$F41,AG$2<=$V41,WEEKDAY(AG$2,2)<6,COUNTIF('마스터'!$J$13:$J$27,AG$2)=0),$Q41/$U41,"") | ... BD41: =IF(AND($F41<>"",$V41<>"",BD$2>=$F41,BD$2<=$V41,WEEKDAY(BD$2,2)<6,COUNTIF('마스터'!$J$13:$J$27,BD$2)=0),$Q41/$U41,"")
A42: =IF(E42="","",COUNTA($E$40:E42)) | C42: 마케팅2팀 | Q42: =IF(SUM(L42,N42,P42)=0,"",SUM(L42,N42,P42)) | R42: =IF(L42>0,"영 ","")&IF(N42>0,"이 ","")&IF(P42>0,"기 ","") | S42: =IF(F42="","","W"&ROUNDUP(DAY(F42)/7,0)) | U42: =IF(Q42="",0,ROUNDUP(MAX(L42,N42,P42)/'마스터'!$J$5,0)) | V42: =IF(OR(F42="",U42=0),"",WORKDAY(F42,U42-1,'마스터'!$J$13:$J$27)) | W42: =IF(OR(G42="",V42=""),"",G42-V42) | Z42: =IF(AND($F42<>"",$V42<>"",Z$2>=$F42,Z$2<=$V42,WEEKDAY(Z$2,2)<6,COUNTIF('마스터'!$J$13:$J$27,Z$2)=0),$Q42/$U42,"") | AA42: =IF(AND($F42<>"",$V42<>"",AA$2>=$F42,AA$2<=$V42,WEEKDAY(AA$2,2)<6,COUNTIF('마스터'!$J$13:$J$27,AA$2)=0),$Q42/$U42,"") | AB42: =IF(AND($F42<>"",$V42<>"",AB$2>=$F42,AB$2<=$V42,WEEKDAY(AB$2,2)<6,COUNTIF('마스터'!$J$13:$J$27,AB$2)=0),$Q42/$U42,"") | AC42: =IF(AND($F42<>"",$V42<>"",AC$2>=$F42,AC$2<=$V42,WEEKDAY(AC$2,2)<6,COUNTIF('마스터'!$J$13:$J$27,AC$2)=0),$Q42/$U42,"") | AD42: =IF(AND($F42<>"",$V42<>"",AD$2>=$F42,AD$2<=$V42,WEEKDAY(AD$2,2)<6,COUNTIF('마스터'!$J$13:$J$27,AD$2)=0),$Q42/$U42,"") | AE42: =IF(AND($F42<>"",$V42<>"",AE$2>=$F42,AE$2<=$V42,WEEKDAY(AE$2,2)<6,COUNTIF('마스터'!$J$13:$J$27,AE$2)=0),$Q42/$U42,"") | AF42: =IF(AND($F42<>"",$V42<>"",AF$2>=$F42,AF$2<=$V42,WEEKDAY(AF$2,2)<6,COUNTIF('마스터'!$J$13:$J$27,AF$2)=0),$Q42/$U42,"") | AG42: =IF(AND($F42<>"",$V42<>"",AG$2>=$F42,AG$2<=$V42,WEEKDAY(AG$2,2)<6,COUNTIF('마스터'!$J$13:$J$27,AG$2)=0),$Q42/$U42,"") | ... BD42: =IF(AND($F42<>"",$V42<>"",BD$2>=$F42,BD$2<=$V42,WEEKDAY(BD$2,2)<6,COUNTIF('마스터'!$J$13:$J$27,BD$2)=0),$Q42/$U42,"")
A43: =IF(E43="","",COUNTA($E$40:E43)) | C43: 마케팅2팀 | Q43: =IF(SUM(L43,N43,P43)=0,"",SUM(L43,N43,P43)) | R43: =IF(L43>0,"영 ","")&IF(N43>0,"이 ","")&IF(P43>0,"기 ","") | S43: =IF(F43="","","W"&ROUNDUP(DAY(F43)/7,0)) | U43: =IF(Q43="",0,ROUNDUP(MAX(L43,N43,P43)/'마스터'!$J$5,0)) | V43: =IF(OR(F43="",U43=0),"",WORKDAY(F43,U43-1,'마스터'!$J$13:$J$27)) | W43: =IF(OR(G43="",V43=""),"",G43-V43) | Z43: =IF(AND($F43<>"",$V43<>"",Z$2>=$F43,Z$2<=$V43,WEEKDAY(Z$2,2)<6,COUNTIF('마스터'!$J$13:$J$27,Z$2)=0),$Q43/$U43,"") | AA43: =IF(AND($F43<>"",$V43<>"",AA$2>=$F43,AA$2<=$V43,WEEKDAY(AA$2,2)<6,COUNTIF('마스터'!$J$13:$J$27,AA$2)=0),$Q43/$U43,"") | AB43: =IF(AND($F43<>"",$V43<>"",AB$2>=$F43,AB$2<=$V43,WEEKDAY(AB$2,2)<6,COUNTIF('마스터'!$J$13:$J$27,AB$2)=0),$Q43/$U43,"") | AC43: =IF(AND($F43<>"",$V43<>"",AC$2>=$F43,AC$2<=$V43,WEEKDAY(AC$2,2)<6,COUNTIF('마스터'!$J$13:$J$27,AC$2)=0),$Q43/$U43,"") | AD43: =IF(AND($F43<>"",$V43<>"",AD$2>=$F43,AD$2<=$V43,WEEKDAY(AD$2,2)<6,COUNTIF('마스터'!$J$13:$J$27,AD$2)=0),$Q43/$U43,"") | AE43: =IF(AND($F43<>"",$V43<>"",AE$2>=$F43,AE$2<=$V43,WEEKDAY(AE$2,2)<6,COUNTIF('마스터'!$J$13:$J$27,AE$2)=0),$Q43/$U43,"") | AF43: =IF(AND($F43<>"",$V43<>"",AF$2>=$F43,AF$2<=$V43,WEEKDAY(AF$2,2)<6,COUNTIF('마스터'!$J$13:$J$27,AF$2)=0),$Q43/$U43,"") | AG43: =IF(AND($F43<>"",$V43<>"",AG$2>=$F43,AG$2<=$V43,WEEKDAY(AG$2,2)<6,COUNTIF('마스터'!$J$13:$J$27,AG$2)=0),$Q43/$U43,"") | ... BD43: =IF(AND($F43<>"",$V43<>"",BD$2>=$F43,BD$2<=$V43,WEEKDAY(BD$2,2)<6,COUNTIF('마스터'!$J$13:$J$27,BD$2)=0),$Q43/$U43,"")
A44: =IF(E44="","",COUNTA($E$40:E44)) | C44: 마케팅2팀 | Q44: =IF(SUM(L44,N44,P44)=0,"",SUM(L44,N44,P44)) | R44: =IF(L44>0,"영 ","")&IF(N44>0,"이 ","")&IF(P44>0,"기 ","") | S44: =IF(F44="","","W"&ROUNDUP(DAY(F44)/7,0)) | U44: =IF(Q44="",0,ROUNDUP(MAX(L44,N44,P44)/'마스터'!$J$5,0)) | V44: =IF(OR(F44="",U44=0),"",WORKDAY(F44,U44-1,'마스터'!$J$13:$J$27)) | W44: =IF(OR(G44="",V44=""),"",G44-V44) | Z44: =IF(AND($F44<>"",$V44<>"",Z$2>=$F44,Z$2<=$V44,WEEKDAY(Z$2,2)<6,COUNTIF('마스터'!$J$13:$J$27,Z$2)=0),$Q44/$U44,"") | AA44: =IF(AND($F44<>"",$V44<>"",AA$2>=$F44,AA$2<=$V44,WEEKDAY(AA$2,2)<6,COUNTIF('마스터'!$J$13:$J$27,AA$2)=0),$Q44/$U44,"") | AB44: =IF(AND($F44<>"",$V44<>"",AB$2>=$F44,AB$2<=$V44,WEEKDAY(AB$2,2)<6,COUNTIF('마스터'!$J$13:$J$27,AB$2)=0),$Q44/$U44,"") | AC44: =IF(AND($F44<>"",$V44<>"",AC$2>=$F44,AC$2<=$V44,WEEKDAY(AC$2,2)<6,COUNTIF('마스터'!$J$13:$J$27,AC$2)=0),$Q44/$U44,"") | AD44: =IF(AND($F44<>"",$V44<>"",AD$2>=$F44,AD$2<=$V44,WEEKDAY(AD$2,2)<6,COUNTIF('마스터'!$J$13:$J$27,AD$2)=0),$Q44/$U44,"") | AE44: =IF(AND($F44<>"",$V44<>"",AE$2>=$F44,AE$2<=$V44,WEEKDAY(AE$2,2)<6,COUNTIF('마스터'!$J$13:$J$27,AE$2)=0),$Q44/$U44,"") | AF44: =IF(AND($F44<>"",$V44<>"",AF$2>=$F44,AF$2<=$V44,WEEKDAY(AF$2,2)<6,COUNTIF('마스터'!$J$13:$J$27,AF$2)=0),$Q44/$U44,"") | AG44: =IF(AND($F44<>"",$V44<>"",AG$2>=$F44,AG$2<=$V44,WEEKDAY(AG$2,2)<6,COUNTIF('마스터'!$J$13:$J$27,AG$2)=0),$Q44/$U44,"") | ... BD44: =IF(AND($F44<>"",$V44<>"",BD$2>=$F44,BD$2<=$V44,WEEKDAY(BD$2,2)<6,COUNTIF('마스터'!$J$13:$J$27,BD$2)=0),$Q44/$U44,"")
A45: =IF(E45="","",COUNTA($E$40:E45)) | C45: 마케팅2팀 | Q45: =IF(SUM(L45,N45,P45)=0,"",SUM(L45,N45,P45)) | R45: =IF(L45>0,"영 ","")&IF(N45>0,"이 ","")&IF(P45>0,"기 ","") | S45: =IF(F45="","","W"&ROUNDUP(DAY(F45)/7,0)) | U45: =IF(Q45="",0,ROUNDUP(MAX(L45,N45,P45)/'마스터'!$J$5,0)) | V45: =IF(OR(F45="",U45=0),"",WORKDAY(F45,U45-1,'마스터'!$J$13:$J$27)) | W45: =IF(OR(G45="",V45=""),"",G45-V45) | Z45: =IF(AND($F45<>"",$V45<>"",Z$2>=$F45,Z$2<=$V45,WEEKDAY(Z$2,2)<6,COUNTIF('마스터'!$J$13:$J$27,Z$2)=0),$Q45/$U45,"") | AA45: =IF(AND($F45<>"",$V45<>"",AA$2>=$F45,AA$2<=$V45,WEEKDAY(AA$2,2)<6,COUNTIF('마스터'!$J$13:$J$27,AA$2)=0),$Q45/$U45,"") | AB45: =IF(AND($F45<>"",$V45<>"",AB$2>=$F45,AB$2<=$V45,WEEKDAY(AB$2,2)<6,COUNTIF('마스터'!$J$13:$J$27,AB$2)=0),$Q45/$U45,"") | AC45: =IF(AND($F45<>"",$V45<>"",AC$2>=$F45,AC$2<=$V45,WEEKDAY(AC$2,2)<6,COUNTIF('마스터'!$J$13:$J$27,AC$2)=0),$Q45/$U45,"") | AD45: =IF(AND($F45<>"",$V45<>"",AD$2>=$F45,AD$2<=$V45,WEEKDAY(AD$2,2)<6,COUNTIF('마스터'!$J$13:$J$27,AD$2)=0),$Q45/$U45,"") | AE45: =IF(AND($F45<>"",$V45<>"",AE$2>=$F45,AE$2<=$V45,WEEKDAY(AE$2,2)<6,COUNTIF('마스터'!$J$13:$J$27,AE$2)=0),$Q45/$U45,"") | AF45: =IF(AND($F45<>"",$V45<>"",AF$2>=$F45,AF$2<=$V45,WEEKDAY(AF$2,2)<6,COUNTIF('마스터'!$J$13:$J$27,AF$2)=0),$Q45/$U45,"") | AG45: =IF(AND($F45<>"",$V45<>"",AG$2>=$F45,AG$2<=$V45,WEEKDAY(AG$2,2)<6,COUNTIF('마스터'!$J$13:$J$27,AG$2)=0),$Q45/$U45,"") | ... BD45: =IF(AND($F45<>"",$V45<>"",BD$2>=$F45,BD$2<=$V45,WEEKDAY(BD$2,2)<6,COUNTIF('마스터'!$J$13:$J$27,BD$2)=0),$Q45/$U45,"")
A46: =IF(E46="","",COUNTA($E$40:E46)) | C46: 마케팅2팀 | Q46: =IF(SUM(L46,N46,P46)=0,"",SUM(L46,N46,P46)) | R46: =IF(L46>0,"영 ","")&IF(N46>0,"이 ","")&IF(P46>0,"기 ","") | S46: =IF(F46="","","W"&ROUNDUP(DAY(F46)/7,0)) | U46: =IF(Q46="",0,ROUNDUP(MAX(L46,N46,P46)/'마스터'!$J$5,0)) | V46: =IF(OR(F46="",U46=0),"",WORKDAY(F46,U46-1,'마스터'!$J$13:$J$27)) | W46: =IF(OR(G46="",V46=""),"",G46-V46) | Z46: =IF(AND($F46<>"",$V46<>"",Z$2>=$F46,Z$2<=$V46,WEEKDAY(Z$2,2)<6,COUNTIF('마스터'!$J$13:$J$27,Z$2)=0),$Q46/$U46,"") | AA46: =IF(AND($F46<>"",$V46<>"",AA$2>=$F46,AA$2<=$V46,WEEKDAY(AA$2,2)<6,COUNTIF('마스터'!$J$13:$J$27,AA$2)=0),$Q46/$U46,"") | AB46: =IF(AND($F46<>"",$V46<>"",AB$2>=$F46,AB$2<=$V46,WEEKDAY(AB$2,2)<6,COUNTIF('마스터'!$J$13:$J$27,AB$2)=0),$Q46/$U46,"") | AC46: =IF(AND($F46<>"",$V46<>"",AC$2>=$F46,AC$2<=$V46,WEEKDAY(AC$2,2)<6,COUNTIF('마스터'!$J$13:$J$27,AC$2)=0),$Q46/$U46,"") | AD46: =IF(AND($F46<>"",$V46<>"",AD$2>=$F46,AD$2<=$V46,WEEKDAY(AD$2,2)<6,COUNTIF('마스터'!$J$13:$J$27,AD$2)=0),$Q46/$U46,"") | AE46: =IF(AND($F46<>"",$V46<>"",AE$2>=$F46,AE$2<=$V46,WEEKDAY(AE$2,2)<6,COUNTIF('마스터'!$J$13:$J$27,AE$2)=0),$Q46/$U46,"") | AF46: =IF(AND($F46<>"",$V46<>"",AF$2>=$F46,AF$2<=$V46,WEEKDAY(AF$2,2)<6,COUNTIF('마스터'!$J$13:$J$27,AF$2)=0),$Q46/$U46,"") | AG46: =IF(AND($F46<>"",$V46<>"",AG$2>=$F46,AG$2<=$V46,WEEKDAY(AG$2,2)<6,COUNTIF('마스터'!$J$13:$J$27,AG$2)=0),$Q46/$U46,"") | ... BD46: =IF(AND($F46<>"",$V46<>"",BD$2>=$F46,BD$2<=$V46,WEEKDAY(BD$2,2)<6,COUNTIF('마스터'!$J$13:$J$27,BD$2)=0),$Q46/$U46,"")
A47: =IF(E47="","",COUNTA($E$40:E47)) | C47: 마케팅2팀 | Q47: =IF(SUM(L47,N47,P47)=0,"",SUM(L47,N47,P47)) | R47: =IF(L47>0,"영 ","")&IF(N47>0,"이 ","")&IF(P47>0,"기 ","") | S47: =IF(F47="","","W"&ROUNDUP(DAY(F47)/7,0)) | U47: =IF(Q47="",0,ROUNDUP(MAX(L47,N47,P47)/'마스터'!$J$5,0)) | V47: =IF(OR(F47="",U47=0),"",WORKDAY(F47,U47-1,'마스터'!$J$13:$J$27)) | W47: =IF(OR(G47="",V47=""),"",G47-V47) | Z47: =IF(AND($F47<>"",$V47<>"",Z$2>=$F47,Z$2<=$V47,WEEKDAY(Z$2,2)<6,COUNTIF('마스터'!$J$13:$J$27,Z$2)=0),$Q47/$U47,"") | AA47: =IF(AND($F47<>"",$V47<>"",AA$2>=$F47,AA$2<=$V47,WEEKDAY(AA$2,2)<6,COUNTIF('마스터'!$J$13:$J$27,AA$2)=0),$Q47/$U47,"") | AB47: =IF(AND($F47<>"",$V47<>"",AB$2>=$F47,AB$2<=$V47,WEEKDAY(AB$2,2)<6,COUNTIF('마스터'!$J$13:$J$27,AB$2)=0),$Q47/$U47,"") | AC47: =IF(AND($F47<>"",$V47<>"",AC$2>=$F47,AC$2<=$V47,WEEKDAY(AC$2,2)<6,COUNTIF('마스터'!$J$13:$J$27,AC$2)=0),$Q47/$U47,"") | AD47: =IF(AND($F47<>"",$V47<>"",AD$2>=$F47,AD$2<=$V47,WEEKDAY(AD$2,2)<6,COUNTIF('마스터'!$J$13:$J$27,AD$2)=0),$Q47/$U47,"") | AE47: =IF(AND($F47<>"",$V47<>"",AE$2>=$F47,AE$2<=$V47,WEEKDAY(AE$2,2)<6,COUNTIF('마스터'!$J$13:$J$27,AE$2)=0),$Q47/$U47,"") | AF47: =IF(AND($F47<>"",$V47<>"",AF$2>=$F47,AF$2<=$V47,WEEKDAY(AF$2,2)<6,COUNTIF('마스터'!$J$13:$J$27,AF$2)=0),$Q47/$U47,"") | AG47: =IF(AND($F47<>"",$V47<>"",AG$2>=$F47,AG$2<=$V47,WEEKDAY(AG$2,2)<6,COUNTIF('마스터'!$J$13:$J$27,AG$2)=0),$Q47/$U47,"") | ... BD47: =IF(AND($F47<>"",$V47<>"",BD$2>=$F47,BD$2<=$V47,WEEKDAY(BD$2,2)<6,COUNTIF('마스터'!$J$13:$J$27,BD$2)=0),$Q47/$U47,"")
A48: =IF(E48="","",COUNTA($E$40:E48)) | C48: 마케팅2팀 | Q48: =IF(SUM(L48,N48,P48)=0,"",SUM(L48,N48,P48)) | R48: =IF(L48>0,"영 ","")&IF(N48>0,"이 ","")&IF(P48>0,"기 ","") | S48: =IF(F48="","","W"&ROUNDUP(DAY(F48)/7,0)) | U48: =IF(Q48="",0,ROUNDUP(MAX(L48,N48,P48)/'마스터'!$J$5,0)) | V48: =IF(OR(F48="",U48=0),"",WORKDAY(F48,U48-1,'마스터'!$J$13:$J$27)) | W48: =IF(OR(G48="",V48=""),"",G48-V48) | Z48: =IF(AND($F48<>"",$V48<>"",Z$2>=$F48,Z$2<=$V48,WEEKDAY(Z$2,2)<6,COUNTIF('마스터'!$J$13:$J$27,Z$2)=0),$Q48/$U48,"") | AA48: =IF(AND($F48<>"",$V48<>"",AA$2>=$F48,AA$2<=$V48,WEEKDAY(AA$2,2)<6,COUNTIF('마스터'!$J$13:$J$27,AA$2)=0),$Q48/$U48,"") | AB48: =IF(AND($F48<>"",$V48<>"",AB$2>=$F48,AB$2<=$V48,WEEKDAY(AB$2,2)<6,COUNTIF('마스터'!$J$13:$J$27,AB$2)=0),$Q48/$U48,"") | AC48: =IF(AND($F48<>"",$V48<>"",AC$2>=$F48,AC$2<=$V48,WEEKDAY(AC$2,2)<6,COUNTIF('마스터'!$J$13:$J$27,AC$2)=0),$Q48/$U48,"") | AD48: =IF(AND($F48<>"",$V48<>"",AD$2>=$F48,AD$2<=$V48,WEEKDAY(AD$2,2)<6,COUNTIF('마스터'!$J$13:$J$27,AD$2)=0),$Q48/$U48,"") | AE48: =IF(AND($F48<>"",$V48<>"",AE$2>=$F48,AE$2<=$V48,WEEKDAY(AE$2,2)<6,COUNTIF('마스터'!$J$13:$J$27,AE$2)=0),$Q48/$U48,"") | AF48: =IF(AND($F48<>"",$V48<>"",AF$2>=$F48,AF$2<=$V48,WEEKDAY(AF$2,2)<6,COUNTIF('마스터'!$J$13:$J$27,AF$2)=0),$Q48/$U48,"") | AG48: =IF(AND($F48<>"",$V48<>"",AG$2>=$F48,AG$2<=$V48,WEEKDAY(AG$2,2)<6,COUNTIF('마스터'!$J$13:$J$27,AG$2)=0),$Q48/$U48,"") | ... BD48: =IF(AND($F48<>"",$V48<>"",BD$2>=$F48,BD$2<=$V48,WEEKDAY(BD$2,2)<6,COUNTIF('마스터'!$J$13:$J$27,BD$2)=0),$Q48/$U48,"")
A49: =IF(E49="","",COUNTA($E$40:E49)) | C49: 마케팅2팀 | Q49: =IF(SUM(L49,N49,P49)=0,"",SUM(L49,N49,P49)) | R49: =IF(L49>0,"영 ","")&IF(N49>0,"이 ","")&IF(P49>0,"기 ","") | S49: =IF(F49="","","W"&ROUNDUP(DAY(F49)/7,0)) | U49: =IF(Q49="",0,ROUNDUP(MAX(L49,N49,P49)/'마스터'!$J$5,0)) | V49: =IF(OR(F49="",U49=0),"",WORKDAY(F49,U49-1,'마스터'!$J$13:$J$27)) | W49: =IF(OR(G49="",V49=""),"",G49-V49) | Z49: =IF(AND($F49<>"",$V49<>"",Z$2>=$F49,Z$2<=$V49,WEEKDAY(Z$2,2)<6,COUNTIF('마스터'!$J$13:$J$27,Z$2)=0),$Q49/$U49,"") | AA49: =IF(AND($F49<>"",$V49<>"",AA$2>=$F49,AA$2<=$V49,WEEKDAY(AA$2,2)<6,COUNTIF('마스터'!$J$13:$J$27,AA$2)=0),$Q49/$U49,"") | AB49: =IF(AND($F49<>"",$V49<>"",AB$2>=$F49,AB$2<=$V49,WEEKDAY(AB$2,2)<6,COUNTIF('마스터'!$J$13:$J$27,AB$2)=0),$Q49/$U49,"") | AC49: =IF(AND($F49<>"",$V49<>"",AC$2>=$F49,AC$2<=$V49,WEEKDAY(AC$2,2)<6,COUNTIF('마스터'!$J$13:$J$27,AC$2)=0),$Q49/$U49,"") | AD49: =IF(AND($F49<>"",$V49<>"",AD$2>=$F49,AD$2<=$V49,WEEKDAY(AD$2,2)<6,COUNTIF('마스터'!$J$13:$J$27,AD$2)=0),$Q49/$U49,"") | AE49: =IF(AND($F49<>"",$V49<>"",AE$2>=$F49,AE$2<=$V49,WEEKDAY(AE$2,2)<6,COUNTIF('마스터'!$J$13:$J$27,AE$2)=0),$Q49/$U49,"") | AF49: =IF(AND($F49<>"",$V49<>"",AF$2>=$F49,AF$2<=$V49,WEEKDAY(AF$2,2)<6,COUNTIF('마스터'!$J$13:$J$27,AF$2)=0),$Q49/$U49,"") | AG49: =IF(AND($F49<>"",$V49<>"",AG$2>=$F49,AG$2<=$V49,WEEKDAY(AG$2,2)<6,COUNTIF('마스터'!$J$13:$J$27,AG$2)=0),$Q49/$U49,"") | ... BD49: =IF(AND($F49<>"",$V49<>"",BD$2>=$F49,BD$2<=$V49,WEEKDAY(BD$2,2)<6,COUNTIF('마스터'!$J$13:$J$27,BD$2)=0),$Q49/$U49,"")
A50: =IF(E50="","",COUNTA($E$40:E50)) | C50: 마케팅2팀 | Q50: =IF(SUM(L50,N50,P50)=0,"",SUM(L50,N50,P50)) | R50: =IF(L50>0,"영 ","")&IF(N50>0,"이 ","")&IF(P50>0,"기 ","") | S50: =IF(F50="","","W"&ROUNDUP(DAY(F50)/7,0)) | U50: =IF(Q50="",0,ROUNDUP(MAX(L50,N50,P50)/'마스터'!$J$5,0)) | V50: =IF(OR(F50="",U50=0),"",WORKDAY(F50,U50-1,'마스터'!$J$13:$J$27)) | W50: =IF(OR(G50="",V50=""),"",G50-V50) | Z50: =IF(AND($F50<>"",$V50<>"",Z$2>=$F50,Z$2<=$V50,WEEKDAY(Z$2,2)<6,COUNTIF('마스터'!$J$13:$J$27,Z$2)=0),$Q50/$U50,"") | AA50: =IF(AND($F50<>"",$V50<>"",AA$2>=$F50,AA$2<=$V50,WEEKDAY(AA$2,2)<6,COUNTIF('마스터'!$J$13:$J$27,AA$2)=0),$Q50/$U50,"") | AB50: =IF(AND($F50<>"",$V50<>"",AB$2>=$F50,AB$2<=$V50,WEEKDAY(AB$2,2)<6,COUNTIF('마스터'!$J$13:$J$27,AB$2)=0),$Q50/$U50,"") | AC50: =IF(AND($F50<>"",$V50<>"",AC$2>=$F50,AC$2<=$V50,WEEKDAY(AC$2,2)<6,COUNTIF('마스터'!$J$13:$J$27,AC$2)=0),$Q50/$U50,"") | AD50: =IF(AND($F50<>"",$V50<>"",AD$2>=$F50,AD$2<=$V50,WEEKDAY(AD$2,2)<6,COUNTIF('마스터'!$J$13:$J$27,AD$2)=0),$Q50/$U50,"") | AE50: =IF(AND($F50<>"",$V50<>"",AE$2>=$F50,AE$2<=$V50,WEEKDAY(AE$2,2)<6,COUNTIF('마스터'!$J$13:$J$27,AE$2)=0),$Q50/$U50,"") | AF50: =IF(AND($F50<>"",$V50<>"",AF$2>=$F50,AF$2<=$V50,WEEKDAY(AF$2,2)<6,COUNTIF('마스터'!$J$13:$J$27,AF$2)=0),$Q50/$U50,"") | AG50: =IF(AND($F50<>"",$V50<>"",AG$2>=$F50,AG$2<=$V50,WEEKDAY(AG$2,2)<6,COUNTIF('마스터'!$J$13:$J$27,AG$2)=0),$Q50/$U50,"") | ... BD50: =IF(AND($F50<>"",$V50<>"",BD$2>=$F50,BD$2<=$V50,WEEKDAY(BD$2,2)<6,COUNTIF('마스터'!$J$13:$J$27,BD$2)=0),$Q50/$U50,"")
A51: =IF(E51="","",COUNTA($E$40:E51)) | C51: 마케팅2팀 | Q51: =IF(SUM(L51,N51,P51)=0,"",SUM(L51,N51,P51)) | R51: =IF(L51>0,"영 ","")&IF(N51>0,"이 ","")&IF(P51>0,"기 ","") | S51: =IF(F51="","","W"&ROUNDUP(DAY(F51)/7,0)) | U51: =IF(Q51="",0,ROUNDUP(MAX(L51,N51,P51)/'마스터'!$J$5,0)) | V51: =IF(OR(F51="",U51=0),"",WORKDAY(F51,U51-1,'마스터'!$J$13:$J$27)) | W51: =IF(OR(G51="",V51=""),"",G51-V51) | Z51: =IF(AND($F51<>"",$V51<>"",Z$2>=$F51,Z$2<=$V51,WEEKDAY(Z$2,2)<6,COUNTIF('마스터'!$J$13:$J$27,Z$2)=0),$Q51/$U51,"") | AA51: =IF(AND($F51<>"",$V51<>"",AA$2>=$F51,AA$2<=$V51,WEEKDAY(AA$2,2)<6,COUNTIF('마스터'!$J$13:$J$27,AA$2)=0),$Q51/$U51,"") | AB51: =IF(AND($F51<>"",$V51<>"",AB$2>=$F51,AB$2<=$V51,WEEKDAY(AB$2,2)<6,COUNTIF('마스터'!$J$13:$J$27,AB$2)=0),$Q51/$U51,"") | AC51: =IF(AND($F51<>"",$V51<>"",AC$2>=$F51,AC$2<=$V51,WEEKDAY(AC$2,2)<6,COUNTIF('마스터'!$J$13:$J$27,AC$2)=0),$Q51/$U51,"") | AD51: =IF(AND($F51<>"",$V51<>"",AD$2>=$F51,AD$2<=$V51,WEEKDAY(AD$2,2)<6,COUNTIF('마스터'!$J$13:$J$27,AD$2)=0),$Q51/$U51,"") | AE51: =IF(AND($F51<>"",$V51<>"",AE$2>=$F51,AE$2<=$V51,WEEKDAY(AE$2,2)<6,COUNTIF('마스터'!$J$13:$J$27,AE$2)=0),$Q51/$U51,"") | AF51: =IF(AND($F51<>"",$V51<>"",AF$2>=$F51,AF$2<=$V51,WEEKDAY(AF$2,2)<6,COUNTIF('마스터'!$J$13:$J$27,AF$2)=0),$Q51/$U51,"") | AG51: =IF(AND($F51<>"",$V51<>"",AG$2>=$F51,AG$2<=$V51,WEEKDAY(AG$2,2)<6,COUNTIF('마스터'!$J$13:$J$27,AG$2)=0),$Q51/$U51,"") | ... BD51: =IF(AND($F51<>"",$V51<>"",BD$2>=$F51,BD$2<=$V51,WEEKDAY(BD$2,2)<6,COUNTIF('마스터'!$J$13:$J$27,BD$2)=0),$Q51/$U51,"")
... A69: =IF(E69="","",COUNTA($E$40:E69)) | C69: 마케팅2팀 | Q69: =IF(SUM(L69,N69,P69)=0,"",SUM(L69,N69,P69)) | R69: =IF(L69>0,"영 ","")&IF(N69>0,"이 ","")&IF(P69>0,"기 ","") | S69: =IF(F69="","","W"&ROUNDUP(DAY(F69)/7,0)) | U69: =IF(Q69="",0,ROUNDUP(MAX(L69,N69,P69)/'마스터'!$J$5,0)) | V69: =IF(OR(F69="",U69=0),"",WORKDAY(F69,U69-1,'마스터'!$J$13:$J$27)) | W69: =IF(OR(G69="",V69=""),"",G69-V69) | Z69: =IF(AND($F69<>"",$V69<>"",Z$2>=$F69,Z$2<=$V69,WEEKDAY(Z$2,2)<6,COUNTIF('마스터'!$J$13:$J$27,Z$2)=0),$Q69/$U69,"") | AA69: =IF(AND($F69<>"",$V69<>"",AA$2>=$F69,AA$2<=$V69,WEEKDAY(AA$2,2)<6,COUNTIF('마스터'!$J$13:$J$27,AA$2)=0),$Q69/$U69,"") | AB69: =IF(AND($F69<>"",$V69<>"",AB$2>=$F69,AB$2<=$V69,WEEKDAY(AB$2,2)<6,COUNTIF('마스터'!$J$13:$J$27,AB$2)=0),$Q69/$U69,"") | AC69: =IF(AND($F69<>"",$V69<>"",AC$2>=$F69,AC$2<=$V69,WEEKDAY(AC$2,2)<6,COUNTIF('마스터'!$J$13:$J$27,AC$2)=0),$Q69/$U69,"") | AD69: =IF(AND($F69<>"",$V69<>"",AD$2>=$F69,AD$2<=$V69,WEEKDAY(AD$2,2)<6,COUNTIF('마스터'!$J$13:$J$27,AD$2)=0),$Q69/$U69,"") | AE69: =IF(AND($F69<>"",$V69<>"",AE$2>=$F69,AE$2<=$V69,WEEKDAY(AE$2,2)<6,COUNTIF('마스터'!$J$13:$J$27,AE$2)=0),$Q69/$U69,"") | AF69: =IF(AND($F69<>"",$V69<>"",AF$2>=$F69,AF$2<=$V69,WEEKDAY(AF$2,2)<6,COUNTIF('마스터'!$J$13:$J$27,AF$2)=0),$Q69/$U69,"") | AG69: =IF(AND($F69<>"",$V69<>"",AG$2>=$F69,AG$2<=$V69,WEEKDAY(AG$2,2)<6,COUNTIF('마스터'!$J$13:$J$27,AG$2)=0),$Q69/$U69,"") | ... BD69: =IF(AND($F69<>"",$V69<>"",BD$2>=$F69,BD$2<=$V69,WEEKDAY(BD$2,2)<6,COUNTIF('마스터'!$J$13:$J$27,BD$2)=0),$Q69/$U69,"")
A70: 마케팅3팀 (71~100행)
A71: =IF(E71="","",COUNTA($E$71:E71)) | C71: 마케팅3팀 | Q71: =IF(SUM(L71,N71,P71)=0,"",SUM(L71,N71,P71)) | R71: =IF(L71>0,"영 ","")&IF(N71>0,"이 ","")&IF(P71>0,"기 ","") | S71: =IF(F71="","","W"&ROUNDUP(DAY(F71)/7,0)) | U71: =IF(Q71="",0,ROUNDUP(MAX(L71,N71,P71)/'마스터'!$J$5,0)) | V71: =IF(OR(F71="",U71=0),"",WORKDAY(F71,U71-1,'마스터'!$J$13:$J$27)) | W71: =IF(OR(G71="",V71=""),"",G71-V71) | Z71: =IF(AND($F71<>"",$V71<>"",Z$2>=$F71,Z$2<=$V71,WEEKDAY(Z$2,2)<6,COUNTIF('마스터'!$J$13:$J$27,Z$2)=0),$Q71/$U71,"") | AA71: =IF(AND($F71<>"",$V71<>"",AA$2>=$F71,AA$2<=$V71,WEEKDAY(AA$2,2)<6,COUNTIF('마스터'!$J$13:$J$27,AA$2)=0),$Q71/$U71,"") | AB71: =IF(AND($F71<>"",$V71<>"",AB$2>=$F71,AB$2<=$V71,WEEKDAY(AB$2,2)<6,COUNTIF('마스터'!$J$13:$J$27,AB$2)=0),$Q71/$U71,"") | AC71: =IF(AND($F71<>"",$V71<>"",AC$2>=$F71,AC$2<=$V71,WEEKDAY(AC$2,2)<6,COUNTIF('마스터'!$J$13:$J$27,AC$2)=0),$Q71/$U71,"") | AD71: =IF(AND($F71<>"",$V71<>"",AD$2>=$F71,AD$2<=$V71,WEEKDAY(AD$2,2)<6,COUNTIF('마스터'!$J$13:$J$27,AD$2)=0),$Q71/$U71,"") | AE71: =IF(AND($F71<>"",$V71<>"",AE$2>=$F71,AE$2<=$V71,WEEKDAY(AE$2,2)<6,COUNTIF('마스터'!$J$13:$J$27,AE$2)=0),$Q71/$U71,"") | AF71: =IF(AND($F71<>"",$V71<>"",AF$2>=$F71,AF$2<=$V71,WEEKDAY(AF$2,2)<6,COUNTIF('마스터'!$J$13:$J$27,AF$2)=0),$Q71/$U71,"") | AG71: =IF(AND($F71<>"",$V71<>"",AG$2>=$F71,AG$2<=$V71,WEEKDAY(AG$2,2)<6,COUNTIF('마스터'!$J$13:$J$27,AG$2)=0),$Q71/$U71,"") | ... BD71: =IF(AND($F71<>"",$V71<>"",BD$2>=$F71,BD$2<=$V71,WEEKDAY(BD$2,2)<6,COUNTIF('마스터'!$J$13:$J$27,BD$2)=0),$Q71/$U71,"")
A72: =IF(E72="","",COUNTA($E$71:E72)) | C72: 마케팅3팀 | Q72: =IF(SUM(L72,N72,P72)=0,"",SUM(L72,N72,P72)) | R72: =IF(L72>0,"영 ","")&IF(N72>0,"이 ","")&IF(P72>0,"기 ","") | S72: =IF(F72="","","W"&ROUNDUP(DAY(F72)/7,0)) | U72: =IF(Q72="",0,ROUNDUP(MAX(L72,N72,P72)/'마스터'!$J$5,0)) | V72: =IF(OR(F72="",U72=0),"",WORKDAY(F72,U72-1,'마스터'!$J$13:$J$27)) | W72: =IF(OR(G72="",V72=""),"",G72-V72) | Z72: =IF(AND($F72<>"",$V72<>"",Z$2>=$F72,Z$2<=$V72,WEEKDAY(Z$2,2)<6,COUNTIF('마스터'!$J$13:$J$27,Z$2)=0),$Q72/$U72,"") | AA72: =IF(AND($F72<>"",$V72<>"",AA$2>=$F72,AA$2<=$V72,WEEKDAY(AA$2,2)<6,COUNTIF('마스터'!$J$13:$J$27,AA$2)=0),$Q72/$U72,"") | AB72: =IF(AND($F72<>"",$V72<>"",AB$2>=$F72,AB$2<=$V72,WEEKDAY(AB$2,2)<6,COUNTIF('마스터'!$J$13:$J$27,AB$2)=0),$Q72/$U72,"") | AC72: =IF(AND($F72<>"",$V72<>"",AC$2>=$F72,AC$2<=$V72,WEEKDAY(AC$2,2)<6,COUNTIF('마스터'!$J$13:$J$27,AC$2)=0),$Q72/$U72,"") | AD72: =IF(AND($F72<>"",$V72<>"",AD$2>=$F72,AD$2<=$V72,WEEKDAY(AD$2,2)<6,COUNTIF('마스터'!$J$13:$J$27,AD$2)=0),$Q72/$U72,"") | AE72: =IF(AND($F72<>"",$V72<>"",AE$2>=$F72,AE$2<=$V72,WEEKDAY(AE$2,2)<6,COUNTIF('마스터'!$J$13:$J$27,AE$2)=0),$Q72/$U72,"") | AF72: =IF(AND($F72<>"",$V72<>"",AF$2>=$F72,AF$2<=$V72,WEEKDAY(AF$2,2)<6,COUNTIF('마스터'!$J$13:$J$27,AF$2)=0),$Q72/$U72,"") | AG72: =IF(AND($F72<>"",$V72<>"",AG$2>=$F72,AG$2<=$V72,WEEKDAY(AG$2,2)<6,COUNTIF('마스터'!$J$13:$J$27,AG$2)=0),$Q72/$U72,"") | ... BD72: =IF(AND($F72<>"",$V72<>"",BD$2>=$F72,BD$2<=$V72,WEEKDAY(BD$2,2)<6,COUNTIF('마스터'!$J$13:$J$27,BD$2)=0),$Q72/$U72,"")
A73: =IF(E73="","",COUNTA($E$71:E73)) | C73: 마케팅3팀 | Q73: =IF(SUM(L73,N73,P73)=0,"",SUM(L73,N73,P73)) | R73: =IF(L73>0,"영 ","")&IF(N73>0,"이 ","")&IF(P73>0,"기 ","") | S73: =IF(F73="","","W"&ROUNDUP(DAY(F73)/7,0)) | U73: =IF(Q73="",0,ROUNDUP(MAX(L73,N73,P73)/'마스터'!$J$5,0)) | V73: =IF(OR(F73="",U73=0),"",WORKDAY(F73,U73-1,'마스터'!$J$13:$J$27)) | W73: =IF(OR(G73="",V73=""),"",G73-V73) | Z73: =IF(AND($F73<>"",$V73<>"",Z$2>=$F73,Z$2<=$V73,WEEKDAY(Z$2,2)<6,COUNTIF('마스터'!$J$13:$J$27,Z$2)=0),$Q73/$U73,"") | AA73: =IF(AND($F73<>"",$V73<>"",AA$2>=$F73,AA$2<=$V73,WEEKDAY(AA$2,2)<6,COUNTIF('마스터'!$J$13:$J$27,AA$2)=0),$Q73/$U73,"") | AB73: =IF(AND($F73<>"",$V73<>"",AB$2>=$F73,AB$2<=$V73,WEEKDAY(AB$2,2)<6,COUNTIF('마스터'!$J$13:$J$27,AB$2)=0),$Q73/$U73,"") | AC73: =IF(AND($F73<>"",$V73<>"",AC$2>=$F73,AC$2<=$V73,WEEKDAY(AC$2,2)<6,COUNTIF('마스터'!$J$13:$J$27,AC$2)=0),$Q73/$U73,"") | AD73: =IF(AND($F73<>"",$V73<>"",AD$2>=$F73,AD$2<=$V73,WEEKDAY(AD$2,2)<6,COUNTIF('마스터'!$J$13:$J$27,AD$2)=0),$Q73/$U73,"") | AE73: =IF(AND($F73<>"",$V73<>"",AE$2>=$F73,AE$2<=$V73,WEEKDAY(AE$2,2)<6,COUNTIF('마스터'!$J$13:$J$27,AE$2)=0),$Q73/$U73,"") | AF73: =IF(AND($F73<>"",$V73<>"",AF$2>=$F73,AF$2<=$V73,WEEKDAY(AF$2,2)<6,COUNTIF('마스터'!$J$13:$J$27,AF$2)=0),$Q73/$U73,"") | AG73: =IF(AND($F73<>"",$V73<>"",AG$2>=$F73,AG$2<=$V73,WEEKDAY(AG$2,2)<6,COUNTIF('마스터'!$J$13:$J$27,AG$2)=0),$Q73/$U73,"") | ... BD73: =IF(AND($F73<>"",$V73<>"",BD$2>=$F73,BD$2<=$V73,WEEKDAY(BD$2,2)<6,COUNTIF('마스터'!$J$13:$J$27,BD$2)=0),$Q73/$U73,"")
A74: =IF(E74="","",COUNTA($E$71:E74)) | C74: 마케팅3팀 | Q74: =IF(SUM(L74,N74,P74)=0,"",SUM(L74,N74,P74)) | R74: =IF(L74>0,"영 ","")&IF(N74>0,"이 ","")&IF(P74>0,"기 ","") | S74: =IF(F74="","","W"&ROUNDUP(DAY(F74)/7,0)) | U74: =IF(Q74="",0,ROUNDUP(MAX(L74,N74,P74)/'마스터'!$J$5,0)) | V74: =IF(OR(F74="",U74=0),"",WORKDAY(F74,U74-1,'마스터'!$J$13:$J$27)) | W74: =IF(OR(G74="",V74=""),"",G74-V74) | Z74: =IF(AND($F74<>"",$V74<>"",Z$2>=$F74,Z$2<=$V74,WEEKDAY(Z$2,2)<6,COUNTIF('마스터'!$J$13:$J$27,Z$2)=0),$Q74/$U74,"") | AA74: =IF(AND($F74<>"",$V74<>"",AA$2>=$F74,AA$2<=$V74,WEEKDAY(AA$2,2)<6,COUNTIF('마스터'!$J$13:$J$27,AA$2)=0),$Q74/$U74,"") | AB74: =IF(AND($F74<>"",$V74<>"",AB$2>=$F74,AB$2<=$V74,WEEKDAY(AB$2,2)<6,COUNTIF('마스터'!$J$13:$J$27,AB$2)=0),$Q74/$U74,"") | AC74: =IF(AND($F74<>"",$V74<>"",AC$2>=$F74,AC$2<=$V74,WEEKDAY(AC$2,2)<6,COUNTIF('마스터'!$J$13:$J$27,AC$2)=0),$Q74/$U74,"") | AD74: =IF(AND($F74<>"",$V74<>"",AD$2>=$F74,AD$2<=$V74,WEEKDAY(AD$2,2)<6,COUNTIF('마스터'!$J$13:$J$27,AD$2)=0),$Q74/$U74,"") | AE74: =IF(AND($F74<>"",$V74<>"",AE$2>=$F74,AE$2<=$V74,WEEKDAY(AE$2,2)<6,COUNTIF('마스터'!$J$13:$J$27,AE$2)=0),$Q74/$U74,"") | AF74: =IF(AND($F74<>"",$V74<>"",AF$2>=$F74,AF$2<=$V74,WEEKDAY(AF$2,2)<6,COUNTIF('마스터'!$J$13:$J$27,AF$2)=0),$Q74/$U74,"") | AG74: =IF(AND($F74<>"",$V74<>"",AG$2>=$F74,AG$2<=$V74,WEEKDAY(AG$2,2)<6,COUNTIF('마스터'!$J$13:$J$27,AG$2)=0),$Q74/$U74,"") | ... BD74: =IF(AND($F74<>"",$V74<>"",BD$2>=$F74,BD$2<=$V74,WEEKDAY(BD$2,2)<6,COUNTIF('마스터'!$J$13:$J$27,BD$2)=0),$Q74/$U74,"")
A75: =IF(E75="","",COUNTA($E$71:E75)) | C75: 마케팅3팀 | Q75: =IF(SUM(L75,N75,P75)=0,"",SUM(L75,N75,P75)) | R75: =IF(L75>0,"영 ","")&IF(N75>0,"이 ","")&IF(P75>0,"기 ","") | S75: =IF(F75="","","W"&ROUNDUP(DAY(F75)/7,0)) | U75: =IF(Q75="",0,ROUNDUP(MAX(L75,N75,P75)/'마스터'!$J$5,0)) | V75: =IF(OR(F75="",U75=0),"",WORKDAY(F75,U75-1,'마스터'!$J$13:$J$27)) | W75: =IF(OR(G75="",V75=""),"",G75-V75) | Z75: =IF(AND($F75<>"",$V75<>"",Z$2>=$F75,Z$2<=$V75,WEEKDAY(Z$2,2)<6,COUNTIF('마스터'!$J$13:$J$27,Z$2)=0),$Q75/$U75,"") | AA75: =IF(AND($F75<>"",$V75<>"",AA$2>=$F75,AA$2<=$V75,WEEKDAY(AA$2,2)<6,COUNTIF('마스터'!$J$13:$J$27,AA$2)=0),$Q75/$U75,"") | AB75: =IF(AND($F75<>"",$V75<>"",AB$2>=$F75,AB$2<=$V75,WEEKDAY(AB$2,2)<6,COUNTIF('마스터'!$J$13:$J$27,AB$2)=0),$Q75/$U75,"") | AC75: =IF(AND($F75<>"",$V75<>"",AC$2>=$F75,AC$2<=$V75,WEEKDAY(AC$2,2)<6,COUNTIF('마스터'!$J$13:$J$27,AC$2)=0),$Q75/$U75,"") | AD75: =IF(AND($F75<>"",$V75<>"",AD$2>=$F75,AD$2<=$V75,WEEKDAY(AD$2,2)<6,COUNTIF('마스터'!$J$13:$J$27,AD$2)=0),$Q75/$U75,"") | AE75: =IF(AND($F75<>"",$V75<>"",AE$2>=$F75,AE$2<=$V75,WEEKDAY(AE$2,2)<6,COUNTIF('마스터'!$J$13:$J$27,AE$2)=0),$Q75/$U75,"") | AF75: =IF(AND($F75<>"",$V75<>"",AF$2>=$F75,AF$2<=$V75,WEEKDAY(AF$2,2)<6,COUNTIF('마스터'!$J$13:$J$27,AF$2)=0),$Q75/$U75,"") | AG75: =IF(AND($F75<>"",$V75<>"",AG$2>=$F75,AG$2<=$V75,WEEKDAY(AG$2,2)<6,COUNTIF('마스터'!$J$13:$J$27,AG$2)=0),$Q75/$U75,"") | ... BD75: =IF(AND($F75<>"",$V75<>"",BD$2>=$F75,BD$2<=$V75,WEEKDAY(BD$2,2)<6,COUNTIF('마스터'!$J$13:$J$27,BD$2)=0),$Q75/$U75,"")
A76: =IF(E76="","",COUNTA($E$71:E76)) | C76: 마케팅3팀 | Q76: =IF(SUM(L76,N76,P76)=0,"",SUM(L76,N76,P76)) | R76: =IF(L76>0,"영 ","")&IF(N76>0,"이 ","")&IF(P76>0,"기 ","") | S76: =IF(F76="","","W"&ROUNDUP(DAY(F76)/7,0)) | U76: =IF(Q76="",0,ROUNDUP(MAX(L76,N76,P76)/'마스터'!$J$5,0)) | V76: =IF(OR(F76="",U76=0),"",WORKDAY(F76,U76-1,'마스터'!$J$13:$J$27)) | W76: =IF(OR(G76="",V76=""),"",G76-V76) | Z76: =IF(AND($F76<>"",$V76<>"",Z$2>=$F76,Z$2<=$V76,WEEKDAY(Z$2,2)<6,COUNTIF('마스터'!$J$13:$J$27,Z$2)=0),$Q76/$U76,"") | AA76: =IF(AND($F76<>"",$V76<>"",AA$2>=$F76,AA$2<=$V76,WEEKDAY(AA$2,2)<6,COUNTIF('마스터'!$J$13:$J$27,AA$2)=0),$Q76/$U76,"") | AB76: =IF(AND($F76<>"",$V76<>"",AB$2>=$F76,AB$2<=$V76,WEEKDAY(AB$2,2)<6,COUNTIF('마스터'!$J$13:$J$27,AB$2)=0),$Q76/$U76,"") | AC76: =IF(AND($F76<>"",$V76<>"",AC$2>=$F76,AC$2<=$V76,WEEKDAY(AC$2,2)<6,COUNTIF('마스터'!$J$13:$J$27,AC$2)=0),$Q76/$U76,"") | AD76: =IF(AND($F76<>"",$V76<>"",AD$2>=$F76,AD$2<=$V76,WEEKDAY(AD$2,2)<6,COUNTIF('마스터'!$J$13:$J$27,AD$2)=0),$Q76/$U76,"") | AE76: =IF(AND($F76<>"",$V76<>"",AE$2>=$F76,AE$2<=$V76,WEEKDAY(AE$2,2)<6,COUNTIF('마스터'!$J$13:$J$27,AE$2)=0),$Q76/$U76,"") | AF76: =IF(AND($F76<>"",$V76<>"",AF$2>=$F76,AF$2<=$V76,WEEKDAY(AF$2,2)<6,COUNTIF('마스터'!$J$13:$J$27,AF$2)=0),$Q76/$U76,"") | AG76: =IF(AND($F76<>"",$V76<>"",AG$2>=$F76,AG$2<=$V76,WEEKDAY(AG$2,2)<6,COUNTIF('마스터'!$J$13:$J$27,AG$2)=0),$Q76/$U76,"") | ... BD76: =IF(AND($F76<>"",$V76<>"",BD$2>=$F76,BD$2<=$V76,WEEKDAY(BD$2,2)<6,COUNTIF('마스터'!$J$13:$J$27,BD$2)=0),$Q76/$U76,"")
A77: =IF(E77="","",COUNTA($E$71:E77)) | C77: 마케팅3팀 | Q77: =IF(SUM(L77,N77,P77)=0,"",SUM(L77,N77,P77)) | R77: =IF(L77>0,"영 ","")&IF(N77>0,"이 ","")&IF(P77>0,"기 ","") | S77: =IF(F77="","","W"&ROUNDUP(DAY(F77)/7,0)) | U77: =IF(Q77="",0,ROUNDUP(MAX(L77,N77,P77)/'마스터'!$J$5,0)) | V77: =IF(OR(F77="",U77=0),"",WORKDAY(F77,U77-1,'마스터'!$J$13:$J$27)) | W77: =IF(OR(G77="",V77=""),"",G77-V77) | Z77: =IF(AND($F77<>"",$V77<>"",Z$2>=$F77,Z$2<=$V77,WEEKDAY(Z$2,2)<6,COUNTIF('마스터'!$J$13:$J$27,Z$2)=0),$Q77/$U77,"") | AA77: =IF(AND($F77<>"",$V77<>"",AA$2>=$F77,AA$2<=$V77,WEEKDAY(AA$2,2)<6,COUNTIF('마스터'!$J$13:$J$27,AA$2)=0),$Q77/$U77,"") | AB77: =IF(AND($F77<>"",$V77<>"",AB$2>=$F77,AB$2<=$V77,WEEKDAY(AB$2,2)<6,COUNTIF('마스터'!$J$13:$J$27,AB$2)=0),$Q77/$U77,"") | AC77: =IF(AND($F77<>"",$V77<>"",AC$2>=$F77,AC$2<=$V77,WEEKDAY(AC$2,2)<6,COUNTIF('마스터'!$J$13:$J$27,AC$2)=0),$Q77/$U77,"") | AD77: =IF(AND($F77<>"",$V77<>"",AD$2>=$F77,AD$2<=$V77,WEEKDAY(AD$2,2)<6,COUNTIF('마스터'!$J$13:$J$27,AD$2)=0),$Q77/$U77,"") | AE77: =IF(AND($F77<>"",$V77<>"",AE$2>=$F77,AE$2<=$V77,WEEKDAY(AE$2,2)<6,COUNTIF('마스터'!$J$13:$J$27,AE$2)=0),$Q77/$U77,"") | AF77: =IF(AND($F77<>"",$V77<>"",AF$2>=$F77,AF$2<=$V77,WEEKDAY(AF$2,2)<6,COUNTIF('마스터'!$J$13:$J$27,AF$2)=0),$Q77/$U77,"") | AG77: =IF(AND($F77<>"",$V77<>"",AG$2>=$F77,AG$2<=$V77,WEEKDAY(AG$2,2)<6,COUNTIF('마스터'!$J$13:$J$27,AG$2)=0),$Q77/$U77,"") | ... BD77: =IF(AND($F77<>"",$V77<>"",BD$2>=$F77,BD$2<=$V77,WEEKDAY(BD$2,2)<6,COUNTIF('마스터'!$J$13:$J$27,BD$2)=0),$Q77/$U77,"")
A78: =IF(E78="","",COUNTA($E$71:E78)) | C78: 마케팅3팀 | Q78: =IF(SUM(L78,N78,P78)=0,"",SUM(L78,N78,P78)) | R78: =IF(L78>0,"영 ","")&IF(N78>0,"이 ","")&IF(P78>0,"기 ","") | S78: =IF(F78="","","W"&ROUNDUP(DAY(F78)/7,0)) | U78: =IF(Q78="",0,ROUNDUP(MAX(L78,N78,P78)/'마스터'!$J$5,0)) | V78: =IF(OR(F78="",U78=0),"",WORKDAY(F78,U78-1,'마스터'!$J$13:$J$27)) | W78: =IF(OR(G78="",V78=""),"",G78-V78) | Z78: =IF(AND($F78<>"",$V78<>"",Z$2>=$F78,Z$2<=$V78,WEEKDAY(Z$2,2)<6,COUNTIF('마스터'!$J$13:$J$27,Z$2)=0),$Q78/$U78,"") | AA78: =IF(AND($F78<>"",$V78<>"",AA$2>=$F78,AA$2<=$V78,WEEKDAY(AA$2,2)<6,COUNTIF('마스터'!$J$13:$J$27,AA$2)=0),$Q78/$U78,"") | AB78: =IF(AND($F78<>"",$V78<>"",AB$2>=$F78,AB$2<=$V78,WEEKDAY(AB$2,2)<6,COUNTIF('마스터'!$J$13:$J$27,AB$2)=0),$Q78/$U78,"") | AC78: =IF(AND($F78<>"",$V78<>"",AC$2>=$F78,AC$2<=$V78,WEEKDAY(AC$2,2)<6,COUNTIF('마스터'!$J$13:$J$27,AC$2)=0),$Q78/$U78,"") | AD78: =IF(AND($F78<>"",$V78<>"",AD$2>=$F78,AD$2<=$V78,WEEKDAY(AD$2,2)<6,COUNTIF('마스터'!$J$13:$J$27,AD$2)=0),$Q78/$U78,"") | AE78: =IF(AND($F78<>"",$V78<>"",AE$2>=$F78,AE$2<=$V78,WEEKDAY(AE$2,2)<6,COUNTIF('마스터'!$J$13:$J$27,AE$2)=0),$Q78/$U78,"") | AF78: =IF(AND($F78<>"",$V78<>"",AF$2>=$F78,AF$2<=$V78,WEEKDAY(AF$2,2)<6,COUNTIF('마스터'!$J$13:$J$27,AF$2)=0),$Q78/$U78,"") | AG78: =IF(AND($F78<>"",$V78<>"",AG$2>=$F78,AG$2<=$V78,WEEKDAY(AG$2,2)<6,COUNTIF('마스터'!$J$13:$J$27,AG$2)=0),$Q78/$U78,"") | ... BD78: =IF(AND($F78<>"",$V78<>"",BD$2>=$F78,BD$2<=$V78,WEEKDAY(BD$2,2)<6,COUNTIF('마스터'!$J$13:$J$27,BD$2)=0),$Q78/$U78,"")
A79: =IF(E79="","",COUNTA($E$71:E79)) | C79: 마케팅3팀 | Q79: =IF(SUM(L79,N79,P79)=0,"",SUM(L79,N79,P79)) | R79: =IF(L79>0,"영 ","")&IF(N79>0,"이 ","")&IF(P79>0,"기 ","") | S79: =IF(F79="","","W"&ROUNDUP(DAY(F79)/7,0)) | U79: =IF(Q79="",0,ROUNDUP(MAX(L79,N79,P79)/'마스터'!$J$5,0)) | V79: =IF(OR(F79="",U79=0),"",WORKDAY(F79,U79-1,'마스터'!$J$13:$J$27)) | W79: =IF(OR(G79="",V79=""),"",G79-V79) | Z79: =IF(AND($F79<>"",$V79<>"",Z$2>=$F79,Z$2<=$V79,WEEKDAY(Z$2,2)<6,COUNTIF('마스터'!$J$13:$J$27,Z$2)=0),$Q79/$U79,"") | AA79: =IF(AND($F79<>"",$V79<>"",AA$2>=$F79,AA$2<=$V79,WEEKDAY(AA$2,2)<6,COUNTIF('마스터'!$J$13:$J$27,AA$2)=0),$Q79/$U79,"") | AB79: =IF(AND($F79<>"",$V79<>"",AB$2>=$F79,AB$2<=$V79,WEEKDAY(AB$2,2)<6,COUNTIF('마스터'!$J$13:$J$27,AB$2)=0),$Q79/$U79,"") | AC79: =IF(AND($F79<>"",$V79<>"",AC$2>=$F79,AC$2<=$V79,WEEKDAY(AC$2,2)<6,COUNTIF('마스터'!$J$13:$J$27,AC$2)=0),$Q79/$U79,"") | AD79: =IF(AND($F79<>"",$V79<>"",AD$2>=$F79,AD$2<=$V79,WEEKDAY(AD$2,2)<6,COUNTIF('마스터'!$J$13:$J$27,AD$2)=0),$Q79/$U79,"") | AE79: =IF(AND($F79<>"",$V79<>"",AE$2>=$F79,AE$2<=$V79,WEEKDAY(AE$2,2)<6,COUNTIF('마스터'!$J$13:$J$27,AE$2)=0),$Q79/$U79,"") | AF79: =IF(AND($F79<>"",$V79<>"",AF$2>=$F79,AF$2<=$V79,WEEKDAY(AF$2,2)<6,COUNTIF('마스터'!$J$13:$J$27,AF$2)=0),$Q79/$U79,"") | AG79: =IF(AND($F79<>"",$V79<>"",AG$2>=$F79,AG$2<=$V79,WEEKDAY(AG$2,2)<6,COUNTIF('마스터'!$J$13:$J$27,AG$2)=0),$Q79/$U79,"") | ... BD79: =IF(AND($F79<>"",$V79<>"",BD$2>=$F79,BD$2<=$V79,WEEKDAY(BD$2,2)<6,COUNTIF('마스터'!$J$13:$J$27,BD$2)=0),$Q79/$U79,"")
A80: =IF(E80="","",COUNTA($E$71:E80)) | C80: 마케팅3팀 | Q80: =IF(SUM(L80,N80,P80)=0,"",SUM(L80,N80,P80)) | R80: =IF(L80>0,"영 ","")&IF(N80>0,"이 ","")&IF(P80>0,"기 ","") | S80: =IF(F80="","","W"&ROUNDUP(DAY(F80)/7,0)) | U80: =IF(Q80="",0,ROUNDUP(MAX(L80,N80,P80)/'마스터'!$J$5,0)) | V80: =IF(OR(F80="",U80=0),"",WORKDAY(F80,U80-1,'마스터'!$J$13:$J$27)) | W80: =IF(OR(G80="",V80=""),"",G80-V80) | Z80: =IF(AND($F80<>"",$V80<>"",Z$2>=$F80,Z$2<=$V80,WEEKDAY(Z$2,2)<6,COUNTIF('마스터'!$J$13:$J$27,Z$2)=0),$Q80/$U80,"") | AA80: =IF(AND($F80<>"",$V80<>"",AA$2>=$F80,AA$2<=$V80,WEEKDAY(AA$2,2)<6,COUNTIF('마스터'!$J$13:$J$27,AA$2)=0),$Q80/$U80,"") | AB80: =IF(AND($F80<>"",$V80<>"",AB$2>=$F80,AB$2<=$V80,WEEKDAY(AB$2,2)<6,COUNTIF('마스터'!$J$13:$J$27,AB$2)=0),$Q80/$U80,"") | AC80: =IF(AND($F80<>"",$V80<>"",AC$2>=$F80,AC$2<=$V80,WEEKDAY(AC$2,2)<6,COUNTIF('마스터'!$J$13:$J$27,AC$2)=0),$Q80/$U80,"") | AD80: =IF(AND($F80<>"",$V80<>"",AD$2>=$F80,AD$2<=$V80,WEEKDAY(AD$2,2)<6,COUNTIF('마스터'!$J$13:$J$27,AD$2)=0),$Q80/$U80,"") | AE80: =IF(AND($F80<>"",$V80<>"",AE$2>=$F80,AE$2<=$V80,WEEKDAY(AE$2,2)<6,COUNTIF('마스터'!$J$13:$J$27,AE$2)=0),$Q80/$U80,"") | AF80: =IF(AND($F80<>"",$V80<>"",AF$2>=$F80,AF$2<=$V80,WEEKDAY(AF$2,2)<6,COUNTIF('마스터'!$J$13:$J$27,AF$2)=0),$Q80/$U80,"") | AG80: =IF(AND($F80<>"",$V80<>"",AG$2>=$F80,AG$2<=$V80,WEEKDAY(AG$2,2)<6,COUNTIF('마스터'!$J$13:$J$27,AG$2)=0),$Q80/$U80,"") | ... BD80: =IF(AND($F80<>"",$V80<>"",BD$2>=$F80,BD$2<=$V80,WEEKDAY(BD$2,2)<6,COUNTIF('마스터'!$J$13:$J$27,BD$2)=0),$Q80/$U80,"")
A81: =IF(E81="","",COUNTA($E$71:E81)) | C81: 마케팅3팀 | Q81: =IF(SUM(L81,N81,P81)=0,"",SUM(L81,N81,P81)) | R81: =IF(L81>0,"영 ","")&IF(N81>0,"이 ","")&IF(P81>0,"기 ","") | S81: =IF(F81="","","W"&ROUNDUP(DAY(F81)/7,0)) | U81: =IF(Q81="",0,ROUNDUP(MAX(L81,N81,P81)/'마스터'!$J$5,0)) | V81: =IF(OR(F81="",U81=0),"",WORKDAY(F81,U81-1,'마스터'!$J$13:$J$27)) | W81: =IF(OR(G81="",V81=""),"",G81-V81) | Z81: =IF(AND($F81<>"",$V81<>"",Z$2>=$F81,Z$2<=$V81,WEEKDAY(Z$2,2)<6,COUNTIF('마스터'!$J$13:$J$27,Z$2)=0),$Q81/$U81,"") | AA81: =IF(AND($F81<>"",$V81<>"",AA$2>=$F81,AA$2<=$V81,WEEKDAY(AA$2,2)<6,COUNTIF('마스터'!$J$13:$J$27,AA$2)=0),$Q81/$U81,"") | AB81: =IF(AND($F81<>"",$V81<>"",AB$2>=$F81,AB$2<=$V81,WEEKDAY(AB$2,2)<6,COUNTIF('마스터'!$J$13:$J$27,AB$2)=0),$Q81/$U81,"") | AC81: =IF(AND($F81<>"",$V81<>"",AC$2>=$F81,AC$2<=$V81,WEEKDAY(AC$2,2)<6,COUNTIF('마스터'!$J$13:$J$27,AC$2)=0),$Q81/$U81,"") | AD81: =IF(AND($F81<>"",$V81<>"",AD$2>=$F81,AD$2<=$V81,WEEKDAY(AD$2,2)<6,COUNTIF('마스터'!$J$13:$J$27,AD$2)=0),$Q81/$U81,"") | AE81: =IF(AND($F81<>"",$V81<>"",AE$2>=$F81,AE$2<=$V81,WEEKDAY(AE$2,2)<6,COUNTIF('마스터'!$J$13:$J$27,AE$2)=0),$Q81/$U81,"") | AF81: =IF(AND($F81<>"",$V81<>"",AF$2>=$F81,AF$2<=$V81,WEEKDAY(AF$2,2)<6,COUNTIF('마스터'!$J$13:$J$27,AF$2)=0),$Q81/$U81,"") | AG81: =IF(AND($F81<>"",$V81<>"",AG$2>=$F81,AG$2<=$V81,WEEKDAY(AG$2,2)<6,COUNTIF('마스터'!$J$13:$J$27,AG$2)=0),$Q81/$U81,"") | ... BD81: =IF(AND($F81<>"",$V81<>"",BD$2>=$F81,BD$2<=$V81,WEEKDAY(BD$2,2)<6,COUNTIF('마스터'!$J$13:$J$27,BD$2)=0),$Q81/$U81,"")
A82: =IF(E82="","",COUNTA($E$71:E82)) | C82: 마케팅3팀 | Q82: =IF(SUM(L82,N82,P82)=0,"",SUM(L82,N82,P82)) | R82: =IF(L82>0,"영 ","")&IF(N82>0,"이 ","")&IF(P82>0,"기 ","") | S82: =IF(F82="","","W"&ROUNDUP(DAY(F82)/7,0)) | U82: =IF(Q82="",0,ROUNDUP(MAX(L82,N82,P82)/'마스터'!$J$5,0)) | V82: =IF(OR(F82="",U82=0),"",WORKDAY(F82,U82-1,'마스터'!$J$13:$J$27)) | W82: =IF(OR(G82="",V82=""),"",G82-V82) | Z82: =IF(AND($F82<>"",$V82<>"",Z$2>=$F82,Z$2<=$V82,WEEKDAY(Z$2,2)<6,COUNTIF('마스터'!$J$13:$J$27,Z$2)=0),$Q82/$U82,"") | AA82: =IF(AND($F82<>"",$V82<>"",AA$2>=$F82,AA$2<=$V82,WEEKDAY(AA$2,2)<6,COUNTIF('마스터'!$J$13:$J$27,AA$2)=0),$Q82/$U82,"") | AB82: =IF(AND($F82<>"",$V82<>"",AB$2>=$F82,AB$2<=$V82,WEEKDAY(AB$2,2)<6,COUNTIF('마스터'!$J$13:$J$27,AB$2)=0),$Q82/$U82,"") | AC82: =IF(AND($F82<>"",$V82<>"",AC$2>=$F82,AC$2<=$V82,WEEKDAY(AC$2,2)<6,COUNTIF('마스터'!$J$13:$J$27,AC$2)=0),$Q82/$U82,"") | AD82: =IF(AND($F82<>"",$V82<>"",AD$2>=$F82,AD$2<=$V82,WEEKDAY(AD$2,2)<6,COUNTIF('마스터'!$J$13:$J$27,AD$2)=0),$Q82/$U82,"") | AE82: =IF(AND($F82<>"",$V82<>"",AE$2>=$F82,AE$2<=$V82,WEEKDAY(AE$2,2)<6,COUNTIF('마스터'!$J$13:$J$27,AE$2)=0),$Q82/$U82,"") | AF82: =IF(AND($F82<>"",$V82<>"",AF$2>=$F82,AF$2<=$V82,WEEKDAY(AF$2,2)<6,COUNTIF('마스터'!$J$13:$J$27,AF$2)=0),$Q82/$U82,"") | AG82: =IF(AND($F82<>"",$V82<>"",AG$2>=$F82,AG$2<=$V82,WEEKDAY(AG$2,2)<6,COUNTIF('마스터'!$J$13:$J$27,AG$2)=0),$Q82/$U82,"") | ... BD82: =IF(AND($F82<>"",$V82<>"",BD$2>=$F82,BD$2<=$V82,WEEKDAY(BD$2,2)<6,COUNTIF('마스터'!$J$13:$J$27,BD$2)=0),$Q82/$U82,"")
... A100: =IF(E100="","",COUNTA($E$71:E100)) | C100: 마케팅3팀 | Q100: =IF(SUM(L100,N100,P100)=0,"",SUM(L100,N100,P100)) | R100: =IF(L100>0,"영 ","")&IF(N100>0,"이 ","")&IF(P100>0,"기 ","") | S100: =IF(F100="","","W"&ROUNDUP(DAY(F100)/7,0)) | U100: =IF(Q100="",0,ROUNDUP(MAX(L100,N100,P100)/'마스터'!$J$5,0)) | V100: =IF(OR(F100="",U100=0),"",WORKDAY(F100,U100-1,'마스터'!$J$13:$J$27)) | W100: =IF(OR(G100="",V100=""),"",G100-V100) | Z100: =IF(AND($F100<>"",$V100<>"",Z$2>=$F100,Z$2<=$V100,WEEKDAY(Z$2,2)<6,COUNTIF('마스터'!$J$13:$J$27,Z$2)=0),$Q100/$U100,"") | AA100: =IF(AND($F100<>"",$V100<>"",AA$2>=$F100,AA$2<=$V100,WEEKDAY(AA$2,2)<6,COUNTIF('마스터'!$J$13:$J$27,AA$2)=0),$Q100/$U100,"") | AB100: =IF(AND($F100<>"",$V100<>"",AB$2>=$F100,AB$2<=$V100,WEEKDAY(AB$2,2)<6,COUNTIF('마스터'!$J$13:$J$27,AB$2)=0),$Q100/$U100,"") | AC100: =IF(AND($F100<>"",$V100<>"",AC$2>=$F100,AC$2<=$V100,WEEKDAY(AC$2,2)<6,COUNTIF('마스터'!$J$13:$J$27,AC$2)=0),$Q100/$U100,"") | AD100: =IF(AND($F100<>"",$V100<>"",AD$2>=$F100,AD$2<=$V100,WEEKDAY(AD$2,2)<6,COUNTIF('마스터'!$J$13:$J$27,AD$2)=0),$Q100/$U100,"") | AE100: =IF(AND($F100<>"",$V100<>"",AE$2>=$F100,AE$2<=$V100,WEEKDAY(AE$2,2)<6,COUNTIF('마스터'!$J$13:$J$27,AE$2)=0),$Q100/$U100,"") | AF100: =IF(AND($F100<>"",$V100<>"",AF$2>=$F100,AF$2<=$V100,WEEKDAY(AF$2,2)<6,COUNTIF('마스터'!$J$13:$J$27,AF$2)=0),$Q100/$U100,"") | AG100: =IF(AND($F100<>"",$V100<>"",AG$2>=$F100,AG$2<=$V100,WEEKDAY(AG$2,2)<6,COUNTIF('마스터'!$J$13:$J$27,AG$2)=0),$Q100/$U100,"") | ... BD100: =IF(AND($F100<>"",$V100<>"",BD$2>=$F100,BD$2<=$V100,WEEKDAY(BD$2,2)<6,COUNTIF('마스터'!$J$13:$J$27,BD$2)=0),$Q100/$U100,"")
A101: 마케팅4팀 (102~131행)
A102: =IF(E102="","",COUNTA($E$102:E102)) | C102: 마케팅4팀 | Q102: =IF(SUM(L102,N102,P102)=0,"",SUM(L102,N102,P102)) | R102: =IF(L102>0,"영 ","")&IF(N102>0,"이 ","")&IF(P102>0,"기 ","") | S102: =IF(F102="","","W"&ROUNDUP(DAY(F102)/7,0)) | U102: =IF(Q102="",0,ROUNDUP(MAX(L102,N102,P102)/'마스터'!$J$5,0)) | V102: =IF(OR(F102="",U102=0),"",WORKDAY(F102,U102-1,'마스터'!$J$13:$J$27)) | W102: =IF(OR(G102="",V102=""),"",G102-V102) | Z102: =IF(AND($F102<>"",$V102<>"",Z$2>=$F102,Z$2<=$V102,WEEKDAY(Z$2,2)<6,COUNTIF('마스터'!$J$13:$J$27,Z$2)=0),$Q102/$U102,"") | AA102: =IF(AND($F102<>"",$V102<>"",AA$2>=$F102,AA$2<=$V102,WEEKDAY(AA$2,2)<6,COUNTIF('마스터'!$J$13:$J$27,AA$2)=0),$Q102/$U102,"") | AB102: =IF(AND($F102<>"",$V102<>"",AB$2>=$F102,AB$2<=$V102,WEEKDAY(AB$2,2)<6,COUNTIF('마스터'!$J$13:$J$27,AB$2)=0),$Q102/$U102,"") | AC102: =IF(AND($F102<>"",$V102<>"",AC$2>=$F102,AC$2<=$V102,WEEKDAY(AC$2,2)<6,COUNTIF('마스터'!$J$13:$J$27,AC$2)=0),$Q102/$U102,"") | AD102: =IF(AND($F102<>"",$V102<>"",AD$2>=$F102,AD$2<=$V102,WEEKDAY(AD$2,2)<6,COUNTIF('마스터'!$J$13:$J$27,AD$2)=0),$Q102/$U102,"") | AE102: =IF(AND($F102<>"",$V102<>"",AE$2>=$F102,AE$2<=$V102,WEEKDAY(AE$2,2)<6,COUNTIF('마스터'!$J$13:$J$27,AE$2)=0),$Q102/$U102,"") | AF102: =IF(AND($F102<>"",$V102<>"",AF$2>=$F102,AF$2<=$V102,WEEKDAY(AF$2,2)<6,COUNTIF('마스터'!$J$13:$J$27,AF$2)=0),$Q102/$U102,"") | AG102: =IF(AND($F102<>"",$V102<>"",AG$2>=$F102,AG$2<=$V102,WEEKDAY(AG$2,2)<6,COUNTIF('마스터'!$J$13:$J$27,AG$2)=0),$Q102/$U102,"") | ... BD102: =IF(AND($F102<>"",$V102<>"",BD$2>=$F102,BD$2<=$V102,WEEKDAY(BD$2,2)<6,COUNTIF('마스터'!$J$13:$J$27,BD$2)=0),$Q102/$U102,"")
A103: =IF(E103="","",COUNTA($E$102:E103)) | C103: 마케팅4팀 | Q103: =IF(SUM(L103,N103,P103)=0,"",SUM(L103,N103,P103)) | R103: =IF(L103>0,"영 ","")&IF(N103>0,"이 ","")&IF(P103>0,"기 ","") | S103: =IF(F103="","","W"&ROUNDUP(DAY(F103)/7,0)) | U103: =IF(Q103="",0,ROUNDUP(MAX(L103,N103,P103)/'마스터'!$J$5,0)) | V103: =IF(OR(F103="",U103=0),"",WORKDAY(F103,U103-1,'마스터'!$J$13:$J$27)) | W103: =IF(OR(G103="",V103=""),"",G103-V103) | Z103: =IF(AND($F103<>"",$V103<>"",Z$2>=$F103,Z$2<=$V103,WEEKDAY(Z$2,2)<6,COUNTIF('마스터'!$J$13:$J$27,Z$2)=0),$Q103/$U103,"") | AA103: =IF(AND($F103<>"",$V103<>"",AA$2>=$F103,AA$2<=$V103,WEEKDAY(AA$2,2)<6,COUNTIF('마스터'!$J$13:$J$27,AA$2)=0),$Q103/$U103,"") | AB103: =IF(AND($F103<>"",$V103<>"",AB$2>=$F103,AB$2<=$V103,WEEKDAY(AB$2,2)<6,COUNTIF('마스터'!$J$13:$J$27,AB$2)=0),$Q103/$U103,"") | AC103: =IF(AND($F103<>"",$V103<>"",AC$2>=$F103,AC$2<=$V103,WEEKDAY(AC$2,2)<6,COUNTIF('마스터'!$J$13:$J$27,AC$2)=0),$Q103/$U103,"") | AD103: =IF(AND($F103<>"",$V103<>"",AD$2>=$F103,AD$2<=$V103,WEEKDAY(AD$2,2)<6,COUNTIF('마스터'!$J$13:$J$27,AD$2)=0),$Q103/$U103,"") | AE103: =IF(AND($F103<>"",$V103<>"",AE$2>=$F103,AE$2<=$V103,WEEKDAY(AE$2,2)<6,COUNTIF('마스터'!$J$13:$J$27,AE$2)=0),$Q103/$U103,"") | AF103: =IF(AND($F103<>"",$V103<>"",AF$2>=$F103,AF$2<=$V103,WEEKDAY(AF$2,2)<6,COUNTIF('마스터'!$J$13:$J$27,AF$2)=0),$Q103/$U103,"") | AG103: =IF(AND($F103<>"",$V103<>"",AG$2>=$F103,AG$2<=$V103,WEEKDAY(AG$2,2)<6,COUNTIF('마스터'!$J$13:$J$27,AG$2)=0),$Q103/$U103,"") | ... BD103: =IF(AND($F103<>"",$V103<>"",BD$2>=$F103,BD$2<=$V103,WEEKDAY(BD$2,2)<6,COUNTIF('마스터'!$J$13:$J$27,BD$2)=0),$Q103/$U103,"")
A104: =IF(E104="","",COUNTA($E$102:E104)) | C104: 마케팅4팀 | Q104: =IF(SUM(L104,N104,P104)=0,"",SUM(L104,N104,P104)) | R104: =IF(L104>0,"영 ","")&IF(N104>0,"이 ","")&IF(P104>0,"기 ","") | S104: =IF(F104="","","W"&ROUNDUP(DAY(F104)/7,0)) | U104: =IF(Q104="",0,ROUNDUP(MAX(L104,N104,P104)/'마스터'!$J$5,0)) | V104: =IF(OR(F104="",U104=0),"",WORKDAY(F104,U104-1,'마스터'!$J$13:$J$27)) | W104: =IF(OR(G104="",V104=""),"",G104-V104) | Z104: =IF(AND($F104<>"",$V104<>"",Z$2>=$F104,Z$2<=$V104,WEEKDAY(Z$2,2)<6,COUNTIF('마스터'!$J$13:$J$27,Z$2)=0),$Q104/$U104,"") | AA104: =IF(AND($F104<>"",$V104<>"",AA$2>=$F104,AA$2<=$V104,WEEKDAY(AA$2,2)<6,COUNTIF('마스터'!$J$13:$J$27,AA$2)=0),$Q104/$U104,"") | AB104: =IF(AND($F104<>"",$V104<>"",AB$2>=$F104,AB$2<=$V104,WEEKDAY(AB$2,2)<6,COUNTIF('마스터'!$J$13:$J$27,AB$2)=0),$Q104/$U104,"") | AC104: =IF(AND($F104<>"",$V104<>"",AC$2>=$F104,AC$2<=$V104,WEEKDAY(AC$2,2)<6,COUNTIF('마스터'!$J$13:$J$27,AC$2)=0),$Q104/$U104,"") | AD104: =IF(AND($F104<>"",$V104<>"",AD$2>=$F104,AD$2<=$V104,WEEKDAY(AD$2,2)<6,COUNTIF('마스터'!$J$13:$J$27,AD$2)=0),$Q104/$U104,"") | AE104: =IF(AND($F104<>"",$V104<>"",AE$2>=$F104,AE$2<=$V104,WEEKDAY(AE$2,2)<6,COUNTIF('마스터'!$J$13:$J$27,AE$2)=0),$Q104/$U104,"") | AF104: =IF(AND($F104<>"",$V104<>"",AF$2>=$F104,AF$2<=$V104,WEEKDAY(AF$2,2)<6,COUNTIF('마스터'!$J$13:$J$27,AF$2)=0),$Q104/$U104,"") | AG104: =IF(AND($F104<>"",$V104<>"",AG$2>=$F104,AG$2<=$V104,WEEKDAY(AG$2,2)<6,COUNTIF('마스터'!$J$13:$J$27,AG$2)=0),$Q104/$U104,"") | ... BD104: =IF(AND($F104<>"",$V104<>"",BD$2>=$F104,BD$2<=$V104,WEEKDAY(BD$2,2)<6,COUNTIF('마스터'!$J$13:$J$27,BD$2)=0),$Q104/$U104,"")
A105: =IF(E105="","",COUNTA($E$102:E105)) | C105: 마케팅4팀 | Q105: =IF(SUM(L105,N105,P105)=0,"",SUM(L105,N105,P105)) | R105: =IF(L105>0,"영 ","")&IF(N105>0,"이 ","")&IF(P105>0,"기 ","") | S105: =IF(F105="","","W"&ROUNDUP(DAY(F105)/7,0)) | U105: =IF(Q105="",0,ROUNDUP(MAX(L105,N105,P105)/'마스터'!$J$5,0)) | V105: =IF(OR(F105="",U105=0),"",WORKDAY(F105,U105-1,'마스터'!$J$13:$J$27)) | W105: =IF(OR(G105="",V105=""),"",G105-V105) | Z105: =IF(AND($F105<>"",$V105<>"",Z$2>=$F105,Z$2<=$V105,WEEKDAY(Z$2,2)<6,COUNTIF('마스터'!$J$13:$J$27,Z$2)=0),$Q105/$U105,"") | AA105: =IF(AND($F105<>"",$V105<>"",AA$2>=$F105,AA$2<=$V105,WEEKDAY(AA$2,2)<6,COUNTIF('마스터'!$J$13:$J$27,AA$2)=0),$Q105/$U105,"") | AB105: =IF(AND($F105<>"",$V105<>"",AB$2>=$F105,AB$2<=$V105,WEEKDAY(AB$2,2)<6,COUNTIF('마스터'!$J$13:$J$27,AB$2)=0),$Q105/$U105,"") | AC105: =IF(AND($F105<>"",$V105<>"",AC$2>=$F105,AC$2<=$V105,WEEKDAY(AC$2,2)<6,COUNTIF('마스터'!$J$13:$J$27,AC$2)=0),$Q105/$U105,"") | AD105: =IF(AND($F105<>"",$V105<>"",AD$2>=$F105,AD$2<=$V105,WEEKDAY(AD$2,2)<6,COUNTIF('마스터'!$J$13:$J$27,AD$2)=0),$Q105/$U105,"") | AE105: =IF(AND($F105<>"",$V105<>"",AE$2>=$F105,AE$2<=$V105,WEEKDAY(AE$2,2)<6,COUNTIF('마스터'!$J$13:$J$27,AE$2)=0),$Q105/$U105,"") | AF105: =IF(AND($F105<>"",$V105<>"",AF$2>=$F105,AF$2<=$V105,WEEKDAY(AF$2,2)<6,COUNTIF('마스터'!$J$13:$J$27,AF$2)=0),$Q105/$U105,"") | AG105: =IF(AND($F105<>"",$V105<>"",AG$2>=$F105,AG$2<=$V105,WEEKDAY(AG$2,2)<6,COUNTIF('마스터'!$J$13:$J$27,AG$2)=0),$Q105/$U105,"") | ... BD105: =IF(AND($F105<>"",$V105<>"",BD$2>=$F105,BD$2<=$V105,WEEKDAY(BD$2,2)<6,COUNTIF('마스터'!$J$13:$J$27,BD$2)=0),$Q105/$U105,"")
A106: =IF(E106="","",COUNTA($E$102:E106)) | C106: 마케팅4팀 | Q106: =IF(SUM(L106,N106,P106)=0,"",SUM(L106,N106,P106)) | R106: =IF(L106>0,"영 ","")&IF(N106>0,"이 ","")&IF(P106>0,"기 ","") | S106: =IF(F106="","","W"&ROUNDUP(DAY(F106)/7,0)) | U106: =IF(Q106="",0,ROUNDUP(MAX(L106,N106,P106)/'마스터'!$J$5,0)) | V106: =IF(OR(F106="",U106=0),"",WORKDAY(F106,U106-1,'마스터'!$J$13:$J$27)) | W106: =IF(OR(G106="",V106=""),"",G106-V106) | Z106: =IF(AND($F106<>"",$V106<>"",Z$2>=$F106,Z$2<=$V106,WEEKDAY(Z$2,2)<6,COUNTIF('마스터'!$J$13:$J$27,Z$2)=0),$Q106/$U106,"") | AA106: =IF(AND($F106<>"",$V106<>"",AA$2>=$F106,AA$2<=$V106,WEEKDAY(AA$2,2)<6,COUNTIF('마스터'!$J$13:$J$27,AA$2)=0),$Q106/$U106,"") | AB106: =IF(AND($F106<>"",$V106<>"",AB$2>=$F106,AB$2<=$V106,WEEKDAY(AB$2,2)<6,COUNTIF('마스터'!$J$13:$J$27,AB$2)=0),$Q106/$U106,"") | AC106: =IF(AND($F106<>"",$V106<>"",AC$2>=$F106,AC$2<=$V106,WEEKDAY(AC$2,2)<6,COUNTIF('마스터'!$J$13:$J$27,AC$2)=0),$Q106/$U106,"") | AD106: =IF(AND($F106<>"",$V106<>"",AD$2>=$F106,AD$2<=$V106,WEEKDAY(AD$2,2)<6,COUNTIF('마스터'!$J$13:$J$27,AD$2)=0),$Q106/$U106,"") | AE106: =IF(AND($F106<>"",$V106<>"",AE$2>=$F106,AE$2<=$V106,WEEKDAY(AE$2,2)<6,COUNTIF('마스터'!$J$13:$J$27,AE$2)=0),$Q106/$U106,"") | AF106: =IF(AND($F106<>"",$V106<>"",AF$2>=$F106,AF$2<=$V106,WEEKDAY(AF$2,2)<6,COUNTIF('마스터'!$J$13:$J$27,AF$2)=0),$Q106/$U106,"") | AG106: =IF(AND($F106<>"",$V106<>"",AG$2>=$F106,AG$2<=$V106,WEEKDAY(AG$2,2)<6,COUNTIF('마스터'!$J$13:$J$27,AG$2)=0),$Q106/$U106,"") | ... BD106: =IF(AND($F106<>"",$V106<>"",BD$2>=$F106,BD$2<=$V106,WEEKDAY(BD$2,2)<6,COUNTIF('마스터'!$J$13:$J$27,BD$2)=0),$Q106/$U106,"")
A107: =IF(E107="","",COUNTA($E$102:E107)) | C107: 마케팅4팀 | Q107: =IF(SUM(L107,N107,P107)=0,"",SUM(L107,N107,P107)) | R107: =IF(L107>0,"영 ","")&IF(N107>0,"이 ","")&IF(P107>0,"기 ","") | S107: =IF(F107="","","W"&ROUNDUP(DAY(F107)/7,0)) | U107: =IF(Q107="",0,ROUNDUP(MAX(L107,N107,P107)/'마스터'!$J$5,0)) | V107: =IF(OR(F107="",U107=0),"",WORKDAY(F107,U107-1,'마스터'!$J$13:$J$27)) | W107: =IF(OR(G107="",V107=""),"",G107-V107) | Z107: =IF(AND($F107<>"",$V107<>"",Z$2>=$F107,Z$2<=$V107,WEEKDAY(Z$2,2)<6,COUNTIF('마스터'!$J$13:$J$27,Z$2)=0),$Q107/$U107,"") | AA107: =IF(AND($F107<>"",$V107<>"",AA$2>=$F107,AA$2<=$V107,WEEKDAY(AA$2,2)<6,COUNTIF('마스터'!$J$13:$J$27,AA$2)=0),$Q107/$U107,"") | AB107: =IF(AND($F107<>"",$V107<>"",AB$2>=$F107,AB$2<=$V107,WEEKDAY(AB$2,2)<6,COUNTIF('마스터'!$J$13:$J$27,AB$2)=0),$Q107/$U107,"") | AC107: =IF(AND($F107<>"",$V107<>"",AC$2>=$F107,AC$2<=$V107,WEEKDAY(AC$2,2)<6,COUNTIF('마스터'!$J$13:$J$27,AC$2)=0),$Q107/$U107,"") | AD107: =IF(AND($F107<>"",$V107<>"",AD$2>=$F107,AD$2<=$V107,WEEKDAY(AD$2,2)<6,COUNTIF('마스터'!$J$13:$J$27,AD$2)=0),$Q107/$U107,"") | AE107: =IF(AND($F107<>"",$V107<>"",AE$2>=$F107,AE$2<=$V107,WEEKDAY(AE$2,2)<6,COUNTIF('마스터'!$J$13:$J$27,AE$2)=0),$Q107/$U107,"") | AF107: =IF(AND($F107<>"",$V107<>"",AF$2>=$F107,AF$2<=$V107,WEEKDAY(AF$2,2)<6,COUNTIF('마스터'!$J$13:$J$27,AF$2)=0),$Q107/$U107,"") | AG107: =IF(AND($F107<>"",$V107<>"",AG$2>=$F107,AG$2<=$V107,WEEKDAY(AG$2,2)<6,COUNTIF('마스터'!$J$13:$J$27,AG$2)=0),$Q107/$U107,"") | ... BD107: =IF(AND($F107<>"",$V107<>"",BD$2>=$F107,BD$2<=$V107,WEEKDAY(BD$2,2)<6,COUNTIF('마스터'!$J$13:$J$27,BD$2)=0),$Q107/$U107,"")
A108: =IF(E108="","",COUNTA($E$102:E108)) | C108: 마케팅4팀 | Q108: =IF(SUM(L108,N108,P108)=0,"",SUM(L108,N108,P108)) | R108: =IF(L108>0,"영 ","")&IF(N108>0,"이 ","")&IF(P108>0,"기 ","") | S108: =IF(F108="","","W"&ROUNDUP(DAY(F108)/7,0)) | U108: =IF(Q108="",0,ROUNDUP(MAX(L108,N108,P108)/'마스터'!$J$5,0)) | V108: =IF(OR(F108="",U108=0),"",WORKDAY(F108,U108-1,'마스터'!$J$13:$J$27)) | W108: =IF(OR(G108="",V108=""),"",G108-V108) | Z108: =IF(AND($F108<>"",$V108<>"",Z$2>=$F108,Z$2<=$V108,WEEKDAY(Z$2,2)<6,COUNTIF('마스터'!$J$13:$J$27,Z$2)=0),$Q108/$U108,"") | AA108: =IF(AND($F108<>"",$V108<>"",AA$2>=$F108,AA$2<=$V108,WEEKDAY(AA$2,2)<6,COUNTIF('마스터'!$J$13:$J$27,AA$2)=0),$Q108/$U108,"") | AB108: =IF(AND($F108<>"",$V108<>"",AB$2>=$F108,AB$2<=$V108,WEEKDAY(AB$2,2)<6,COUNTIF('마스터'!$J$13:$J$27,AB$2)=0),$Q108/$U108,"") | AC108: =IF(AND($F108<>"",$V108<>"",AC$2>=$F108,AC$2<=$V108,WEEKDAY(AC$2,2)<6,COUNTIF('마스터'!$J$13:$J$27,AC$2)=0),$Q108/$U108,"") | AD108: =IF(AND($F108<>"",$V108<>"",AD$2>=$F108,AD$2<=$V108,WEEKDAY(AD$2,2)<6,COUNTIF('마스터'!$J$13:$J$27,AD$2)=0),$Q108/$U108,"") | AE108: =IF(AND($F108<>"",$V108<>"",AE$2>=$F108,AE$2<=$V108,WEEKDAY(AE$2,2)<6,COUNTIF('마스터'!$J$13:$J$27,AE$2)=0),$Q108/$U108,"") | AF108: =IF(AND($F108<>"",$V108<>"",AF$2>=$F108,AF$2<=$V108,WEEKDAY(AF$2,2)<6,COUNTIF('마스터'!$J$13:$J$27,AF$2)=0),$Q108/$U108,"") | AG108: =IF(AND($F108<>"",$V108<>"",AG$2>=$F108,AG$2<=$V108,WEEKDAY(AG$2,2)<6,COUNTIF('마스터'!$J$13:$J$27,AG$2)=0),$Q108/$U108,"") | ... BD108: =IF(AND($F108<>"",$V108<>"",BD$2>=$F108,BD$2<=$V108,WEEKDAY(BD$2,2)<6,COUNTIF('마스터'!$J$13:$J$27,BD$2)=0),$Q108/$U108,"")
A109: =IF(E109="","",COUNTA($E$102:E109)) | C109: 마케팅4팀 | Q109: =IF(SUM(L109,N109,P109)=0,"",SUM(L109,N109,P109)) | R109: =IF(L109>0,"영 ","")&IF(N109>0,"이 ","")&IF(P109>0,"기 ","") | S109: =IF(F109="","","W"&ROUNDUP(DAY(F109)/7,0)) | U109: =IF(Q109="",0,ROUNDUP(MAX(L109,N109,P109)/'마스터'!$J$5,0)) | V109: =IF(OR(F109="",U109=0),"",WORKDAY(F109,U109-1,'마스터'!$J$13:$J$27)) | W109: =IF(OR(G109="",V109=""),"",G109-V109) | Z109: =IF(AND($F109<>"",$V109<>"",Z$2>=$F109,Z$2<=$V109,WEEKDAY(Z$2,2)<6,COUNTIF('마스터'!$J$13:$J$27,Z$2)=0),$Q109/$U109,"") | AA109: =IF(AND($F109<>"",$V109<>"",AA$2>=$F109,AA$2<=$V109,WEEKDAY(AA$2,2)<6,COUNTIF('마스터'!$J$13:$J$27,AA$2)=0),$Q109/$U109,"") | AB109: =IF(AND($F109<>"",$V109<>"",AB$2>=$F109,AB$2<=$V109,WEEKDAY(AB$2,2)<6,COUNTIF('마스터'!$J$13:$J$27,AB$2)=0),$Q109/$U109,"") | AC109: =IF(AND($F109<>"",$V109<>"",AC$2>=$F109,AC$2<=$V109,WEEKDAY(AC$2,2)<6,COUNTIF('마스터'!$J$13:$J$27,AC$2)=0),$Q109/$U109,"") | AD109: =IF(AND($F109<>"",$V109<>"",AD$2>=$F109,AD$2<=$V109,WEEKDAY(AD$2,2)<6,COUNTIF('마스터'!$J$13:$J$27,AD$2)=0),$Q109/$U109,"") | AE109: =IF(AND($F109<>"",$V109<>"",AE$2>=$F109,AE$2<=$V109,WEEKDAY(AE$2,2)<6,COUNTIF('마스터'!$J$13:$J$27,AE$2)=0),$Q109/$U109,"") | AF109: =IF(AND($F109<>"",$V109<>"",AF$2>=$F109,AF$2<=$V109,WEEKDAY(AF$2,2)<6,COUNTIF('마스터'!$J$13:$J$27,AF$2)=0),$Q109/$U109,"") | AG109: =IF(AND($F109<>"",$V109<>"",AG$2>=$F109,AG$2<=$V109,WEEKDAY(AG$2,2)<6,COUNTIF('마스터'!$J$13:$J$27,AG$2)=0),$Q109/$U109,"") | ... BD109: =IF(AND($F109<>"",$V109<>"",BD$2>=$F109,BD$2<=$V109,WEEKDAY(BD$2,2)<6,COUNTIF('마스터'!$J$13:$J$27,BD$2)=0),$Q109/$U109,"")
A110: =IF(E110="","",COUNTA($E$102:E110)) | C110: 마케팅4팀 | Q110: =IF(SUM(L110,N110,P110)=0,"",SUM(L110,N110,P110)) | R110: =IF(L110>0,"영 ","")&IF(N110>0,"이 ","")&IF(P110>0,"기 ","") | S110: =IF(F110="","","W"&ROUNDUP(DAY(F110)/7,0)) | U110: =IF(Q110="",0,ROUNDUP(MAX(L110,N110,P110)/'마스터'!$J$5,0)) | V110: =IF(OR(F110="",U110=0),"",WORKDAY(F110,U110-1,'마스터'!$J$13:$J$27)) | W110: =IF(OR(G110="",V110=""),"",G110-V110) | Z110: =IF(AND($F110<>"",$V110<>"",Z$2>=$F110,Z$2<=$V110,WEEKDAY(Z$2,2)<6,COUNTIF('마스터'!$J$13:$J$27,Z$2)=0),$Q110/$U110,"") | AA110: =IF(AND($F110<>"",$V110<>"",AA$2>=$F110,AA$2<=$V110,WEEKDAY(AA$2,2)<6,COUNTIF('마스터'!$J$13:$J$27,AA$2)=0),$Q110/$U110,"") | AB110: =IF(AND($F110<>"",$V110<>"",AB$2>=$F110,AB$2<=$V110,WEEKDAY(AB$2,2)<6,COUNTIF('마스터'!$J$13:$J$27,AB$2)=0),$Q110/$U110,"") | AC110: =IF(AND($F110<>"",$V110<>"",AC$2>=$F110,AC$2<=$V110,WEEKDAY(AC$2,2)<6,COUNTIF('마스터'!$J$13:$J$27,AC$2)=0),$Q110/$U110,"") | AD110: =IF(AND($F110<>"",$V110<>"",AD$2>=$F110,AD$2<=$V110,WEEKDAY(AD$2,2)<6,COUNTIF('마스터'!$J$13:$J$27,AD$2)=0),$Q110/$U110,"") | AE110: =IF(AND($F110<>"",$V110<>"",AE$2>=$F110,AE$2<=$V110,WEEKDAY(AE$2,2)<6,COUNTIF('마스터'!$J$13:$J$27,AE$2)=0),$Q110/$U110,"") | AF110: =IF(AND($F110<>"",$V110<>"",AF$2>=$F110,AF$2<=$V110,WEEKDAY(AF$2,2)<6,COUNTIF('마스터'!$J$13:$J$27,AF$2)=0),$Q110/$U110,"") | AG110: =IF(AND($F110<>"",$V110<>"",AG$2>=$F110,AG$2<=$V110,WEEKDAY(AG$2,2)<6,COUNTIF('마스터'!$J$13:$J$27,AG$2)=0),$Q110/$U110,"") | ... BD110: =IF(AND($F110<>"",$V110<>"",BD$2>=$F110,BD$2<=$V110,WEEKDAY(BD$2,2)<6,COUNTIF('마스터'!$J$13:$J$27,BD$2)=0),$Q110/$U110,"")
A111: =IF(E111="","",COUNTA($E$102:E111)) | C111: 마케팅4팀 | Q111: =IF(SUM(L111,N111,P111)=0,"",SUM(L111,N111,P111)) | R111: =IF(L111>0,"영 ","")&IF(N111>0,"이 ","")&IF(P111>0,"기 ","") | S111: =IF(F111="","","W"&ROUNDUP(DAY(F111)/7,0)) | U111: =IF(Q111="",0,ROUNDUP(MAX(L111,N111,P111)/'마스터'!$J$5,0)) | V111: =IF(OR(F111="",U111=0),"",WORKDAY(F111,U111-1,'마스터'!$J$13:$J$27)) | W111: =IF(OR(G111="",V111=""),"",G111-V111) | Z111: =IF(AND($F111<>"",$V111<>"",Z$2>=$F111,Z$2<=$V111,WEEKDAY(Z$2,2)<6,COUNTIF('마스터'!$J$13:$J$27,Z$2)=0),$Q111/$U111,"") | AA111: =IF(AND($F111<>"",$V111<>"",AA$2>=$F111,AA$2<=$V111,WEEKDAY(AA$2,2)<6,COUNTIF('마스터'!$J$13:$J$27,AA$2)=0),$Q111/$U111,"") | AB111: =IF(AND($F111<>"",$V111<>"",AB$2>=$F111,AB$2<=$V111,WEEKDAY(AB$2,2)<6,COUNTIF('마스터'!$J$13:$J$27,AB$2)=0),$Q111/$U111,"") | AC111: =IF(AND($F111<>"",$V111<>"",AC$2>=$F111,AC$2<=$V111,WEEKDAY(AC$2,2)<6,COUNTIF('마스터'!$J$13:$J$27,AC$2)=0),$Q111/$U111,"") | AD111: =IF(AND($F111<>"",$V111<>"",AD$2>=$F111,AD$2<=$V111,WEEKDAY(AD$2,2)<6,COUNTIF('마스터'!$J$13:$J$27,AD$2)=0),$Q111/$U111,"") | AE111: =IF(AND($F111<>"",$V111<>"",AE$2>=$F111,AE$2<=$V111,WEEKDAY(AE$2,2)<6,COUNTIF('마스터'!$J$13:$J$27,AE$2)=0),$Q111/$U111,"") | AF111: =IF(AND($F111<>"",$V111<>"",AF$2>=$F111,AF$2<=$V111,WEEKDAY(AF$2,2)<6,COUNTIF('마스터'!$J$13:$J$27,AF$2)=0),$Q111/$U111,"") | AG111: =IF(AND($F111<>"",$V111<>"",AG$2>=$F111,AG$2<=$V111,WEEKDAY(AG$2,2)<6,COUNTIF('마스터'!$J$13:$J$27,AG$2)=0),$Q111/$U111,"") | ... BD111: =IF(AND($F111<>"",$V111<>"",BD$2>=$F111,BD$2<=$V111,WEEKDAY(BD$2,2)<6,COUNTIF('마스터'!$J$13:$J$27,BD$2)=0),$Q111/$U111,"")
A112: =IF(E112="","",COUNTA($E$102:E112)) | C112: 마케팅4팀 | Q112: =IF(SUM(L112,N112,P112)=0,"",SUM(L112,N112,P112)) | R112: =IF(L112>0,"영 ","")&IF(N112>0,"이 ","")&IF(P112>0,"기 ","") | S112: =IF(F112="","","W"&ROUNDUP(DAY(F112)/7,0)) | U112: =IF(Q112="",0,ROUNDUP(MAX(L112,N112,P112)/'마스터'!$J$5,0)) | V112: =IF(OR(F112="",U112=0),"",WORKDAY(F112,U112-1,'마스터'!$J$13:$J$27)) | W112: =IF(OR(G112="",V112=""),"",G112-V112) | Z112: =IF(AND($F112<>"",$V112<>"",Z$2>=$F112,Z$2<=$V112,WEEKDAY(Z$2,2)<6,COUNTIF('마스터'!$J$13:$J$27,Z$2)=0),$Q112/$U112,"") | AA112: =IF(AND($F112<>"",$V112<>"",AA$2>=$F112,AA$2<=$V112,WEEKDAY(AA$2,2)<6,COUNTIF('마스터'!$J$13:$J$27,AA$2)=0),$Q112/$U112,"") | AB112: =IF(AND($F112<>"",$V112<>"",AB$2>=$F112,AB$2<=$V112,WEEKDAY(AB$2,2)<6,COUNTIF('마스터'!$J$13:$J$27,AB$2)=0),$Q112/$U112,"") | AC112: =IF(AND($F112<>"",$V112<>"",AC$2>=$F112,AC$2<=$V112,WEEKDAY(AC$2,2)<6,COUNTIF('마스터'!$J$13:$J$27,AC$2)=0),$Q112/$U112,"") | AD112: =IF(AND($F112<>"",$V112<>"",AD$2>=$F112,AD$2<=$V112,WEEKDAY(AD$2,2)<6,COUNTIF('마스터'!$J$13:$J$27,AD$2)=0),$Q112/$U112,"") | AE112: =IF(AND($F112<>"",$V112<>"",AE$2>=$F112,AE$2<=$V112,WEEKDAY(AE$2,2)<6,COUNTIF('마스터'!$J$13:$J$27,AE$2)=0),$Q112/$U112,"") | AF112: =IF(AND($F112<>"",$V112<>"",AF$2>=$F112,AF$2<=$V112,WEEKDAY(AF$2,2)<6,COUNTIF('마스터'!$J$13:$J$27,AF$2)=0),$Q112/$U112,"") | AG112: =IF(AND($F112<>"",$V112<>"",AG$2>=$F112,AG$2<=$V112,WEEKDAY(AG$2,2)<6,COUNTIF('마스터'!$J$13:$J$27,AG$2)=0),$Q112/$U112,"") | ... BD112: =IF(AND($F112<>"",$V112<>"",BD$2>=$F112,BD$2<=$V112,WEEKDAY(BD$2,2)<6,COUNTIF('마스터'!$J$13:$J$27,BD$2)=0),$Q112/$U112,"")
A113: =IF(E113="","",COUNTA($E$102:E113)) | C113: 마케팅4팀 | Q113: =IF(SUM(L113,N113,P113)=0,"",SUM(L113,N113,P113)) | R113: =IF(L113>0,"영 ","")&IF(N113>0,"이 ","")&IF(P113>0,"기 ","") | S113: =IF(F113="","","W"&ROUNDUP(DAY(F113)/7,0)) | U113: =IF(Q113="",0,ROUNDUP(MAX(L113,N113,P113)/'마스터'!$J$5,0)) | V113: =IF(OR(F113="",U113=0),"",WORKDAY(F113,U113-1,'마스터'!$J$13:$J$27)) | W113: =IF(OR(G113="",V113=""),"",G113-V113) | Z113: =IF(AND($F113<>"",$V113<>"",Z$2>=$F113,Z$2<=$V113,WEEKDAY(Z$2,2)<6,COUNTIF('마스터'!$J$13:$J$27,Z$2)=0),$Q113/$U113,"") | AA113: =IF(AND($F113<>"",$V113<>"",AA$2>=$F113,AA$2<=$V113,WEEKDAY(AA$2,2)<6,COUNTIF('마스터'!$J$13:$J$27,AA$2)=0),$Q113/$U113,"") | AB113: =IF(AND($F113<>"",$V113<>"",AB$2>=$F113,AB$2<=$V113,WEEKDAY(AB$2,2)<6,COUNTIF('마스터'!$J$13:$J$27,AB$2)=0),$Q113/$U113,"") | AC113: =IF(AND($F113<>"",$V113<>"",AC$2>=$F113,AC$2<=$V113,WEEKDAY(AC$2,2)<6,COUNTIF('마스터'!$J$13:$J$27,AC$2)=0),$Q113/$U113,"") | AD113: =IF(AND($F113<>"",$V113<>"",AD$2>=$F113,AD$2<=$V113,WEEKDAY(AD$2,2)<6,COUNTIF('마스터'!$J$13:$J$27,AD$2)=0),$Q113/$U113,"") | AE113: =IF(AND($F113<>"",$V113<>"",AE$2>=$F113,AE$2<=$V113,WEEKDAY(AE$2,2)<6,COUNTIF('마스터'!$J$13:$J$27,AE$2)=0),$Q113/$U113,"") | AF113: =IF(AND($F113<>"",$V113<>"",AF$2>=$F113,AF$2<=$V113,WEEKDAY(AF$2,2)<6,COUNTIF('마스터'!$J$13:$J$27,AF$2)=0),$Q113/$U113,"") | AG113: =IF(AND($F113<>"",$V113<>"",AG$2>=$F113,AG$2<=$V113,WEEKDAY(AG$2,2)<6,COUNTIF('마스터'!$J$13:$J$27,AG$2)=0),$Q113/$U113,"") | ... BD113: =IF(AND($F113<>"",$V113<>"",BD$2>=$F113,BD$2<=$V113,WEEKDAY(BD$2,2)<6,COUNTIF('마스터'!$J$13:$J$27,BD$2)=0),$Q113/$U113,"")
... A131: =IF(E131="","",COUNTA($E$102:E131)) | C131: 마케팅4팀 | Q131: =IF(SUM(L131,N131,P131)=0,"",SUM(L131,N131,P131)) | R131: =IF(L131>0,"영 ","")&IF(N131>0,"이 ","")&IF(P131>0,"기 ","") | S131: =IF(F131="","","W"&ROUNDUP(DAY(F131)/7,0)) | U131: =IF(Q131="",0,ROUNDUP(MAX(L131,N131,P131)/'마스터'!$J$5,0)) | V131: =IF(OR(F131="",U131=0),"",WORKDAY(F131,U131-1,'마스터'!$J$13:$J$27)) | W131: =IF(OR(G131="",V131=""),"",G131-V131) | Z131: =IF(AND($F131<>"",$V131<>"",Z$2>=$F131,Z$2<=$V131,WEEKDAY(Z$2,2)<6,COUNTIF('마스터'!$J$13:$J$27,Z$2)=0),$Q131/$U131,"") | AA131: =IF(AND($F131<>"",$V131<>"",AA$2>=$F131,AA$2<=$V131,WEEKDAY(AA$2,2)<6,COUNTIF('마스터'!$J$13:$J$27,AA$2)=0),$Q131/$U131,"") | AB131: =IF(AND($F131<>"",$V131<>"",AB$2>=$F131,AB$2<=$V131,WEEKDAY(AB$2,2)<6,COUNTIF('마스터'!$J$13:$J$27,AB$2)=0),$Q131/$U131,"") | AC131: =IF(AND($F131<>"",$V131<>"",AC$2>=$F131,AC$2<=$V131,WEEKDAY(AC$2,2)<6,COUNTIF('마스터'!$J$13:$J$27,AC$2)=0),$Q131/$U131,"") | AD131: =IF(AND($F131<>"",$V131<>"",AD$2>=$F131,AD$2<=$V131,WEEKDAY(AD$2,2)<6,COUNTIF('마스터'!$J$13:$J$27,AD$2)=0),$Q131/$U131,"") | AE131: =IF(AND($F131<>"",$V131<>"",AE$2>=$F131,AE$2<=$V131,WEEKDAY(AE$2,2)<6,COUNTIF('마스터'!$J$13:$J$27,AE$2)=0),$Q131/$U131,"") | AF131: =IF(AND($F131<>"",$V131<>"",AF$2>=$F131,AF$2<=$V131,WEEKDAY(AF$2,2)<6,COUNTIF('마스터'!$J$13:$J$27,AF$2)=0),$Q131/$U131,"") | AG131: =IF(AND($F131<>"",$V131<>"",AG$2>=$F131,AG$2<=$V131,WEEKDAY(AG$2,2)<6,COUNTIF('마스터'!$J$13:$J$27,AG$2)=0),$Q131/$U131,"") | ... BD131: =IF(AND($F131<>"",$V131<>"",BD$2>=$F131,BD$2<=$V131,WEEKDAY(BD$2,2)<6,COUNTIF('마스터'!$J$13:$J$27,BD$2)=0),$Q131/$U131,"")
A132: 기타 (133~162행)
A133: =IF(E133="","",COUNTA($E$133:E133)) | C133: 기타 | Q133: =IF(SUM(L133,N133,P133)=0,"",SUM(L133,N133,P133)) | R133: =IF(L133>0,"영 ","")&IF(N133>0,"이 ","")&IF(P133>0,"기 ","") | S133: =IF(F133="","","W"&ROUNDUP(DAY(F133)/7,0)) | U133: =IF(Q133="",0,ROUNDUP(MAX(L133,N133,P133)/'마스터'!$J$5,0)) | V133: =IF(OR(F133="",U133=0),"",WORKDAY(F133,U133-1,'마스터'!$J$13:$J$27)) | W133: =IF(OR(G133="",V133=""),"",G133-V133) | Z133: =IF(AND($F133<>"",$V133<>"",Z$2>=$F133,Z$2<=$V133,WEEKDAY(Z$2,2)<6,COUNTIF('마스터'!$J$13:$J$27,Z$2)=0),$Q133/$U133,"") | AA133: =IF(AND($F133<>"",$V133<>"",AA$2>=$F133,AA$2<=$V133,WEEKDAY(AA$2,2)<6,COUNTIF('마스터'!$J$13:$J$27,AA$2)=0),$Q133/$U133,"") | AB133: =IF(AND($F133<>"",$V133<>"",AB$2>=$F133,AB$2<=$V133,WEEKDAY(AB$2,2)<6,COUNTIF('마스터'!$J$13:$J$27,AB$2)=0),$Q133/$U133,"") | AC133: =IF(AND($F133<>"",$V133<>"",AC$2>=$F133,AC$2<=$V133,WEEKDAY(AC$2,2)<6,COUNTIF('마스터'!$J$13:$J$27,AC$2)=0),$Q133/$U133,"") | AD133: =IF(AND($F133<>"",$V133<>"",AD$2>=$F133,AD$2<=$V133,WEEKDAY(AD$2,2)<6,COUNTIF('마스터'!$J$13:$J$27,AD$2)=0),$Q133/$U133,"") | AE133: =IF(AND($F133<>"",$V133<>"",AE$2>=$F133,AE$2<=$V133,WEEKDAY(AE$2,2)<6,COUNTIF('마스터'!$J$13:$J$27,AE$2)=0),$Q133/$U133,"") | AF133: =IF(AND($F133<>"",$V133<>"",AF$2>=$F133,AF$2<=$V133,WEEKDAY(AF$2,2)<6,COUNTIF('마스터'!$J$13:$J$27,AF$2)=0),$Q133/$U133,"") | AG133: =IF(AND($F133<>"",$V133<>"",AG$2>=$F133,AG$2<=$V133,WEEKDAY(AG$2,2)<6,COUNTIF('마스터'!$J$13:$J$27,AG$2)=0),$Q133/$U133,"") | ... BD133: =IF(AND($F133<>"",$V133<>"",BD$2>=$F133,BD$2<=$V133,WEEKDAY(BD$2,2)<6,COUNTIF('마스터'!$J$13:$J$27,BD$2)=0),$Q133/$U133,"")
A134: =IF(E134="","",COUNTA($E$133:E134)) | C134: 기타 | Q134: =IF(SUM(L134,N134,P134)=0,"",SUM(L134,N134,P134)) | R134: =IF(L134>0,"영 ","")&IF(N134>0,"이 ","")&IF(P134>0,"기 ","") | S134: =IF(F134="","","W"&ROUNDUP(DAY(F134)/7,0)) | U134: =IF(Q134="",0,ROUNDUP(MAX(L134,N134,P134)/'마스터'!$J$5,0)) | V134: =IF(OR(F134="",U134=0),"",WORKDAY(F134,U134-1,'마스터'!$J$13:$J$27)) | W134: =IF(OR(G134="",V134=""),"",G134-V134) | Z134: =IF(AND($F134<>"",$V134<>"",Z$2>=$F134,Z$2<=$V134,WEEKDAY(Z$2,2)<6,COUNTIF('마스터'!$J$13:$J$27,Z$2)=0),$Q134/$U134,"") | AA134: =IF(AND($F134<>"",$V134<>"",AA$2>=$F134,AA$2<=$V134,WEEKDAY(AA$2,2)<6,COUNTIF('마스터'!$J$13:$J$27,AA$2)=0),$Q134/$U134,"") | AB134: =IF(AND($F134<>"",$V134<>"",AB$2>=$F134,AB$2<=$V134,WEEKDAY(AB$2,2)<6,COUNTIF('마스터'!$J$13:$J$27,AB$2)=0),$Q134/$U134,"") | AC134: =IF(AND($F134<>"",$V134<>"",AC$2>=$F134,AC$2<=$V134,WEEKDAY(AC$2,2)<6,COUNTIF('마스터'!$J$13:$J$27,AC$2)=0),$Q134/$U134,"") | AD134: =IF(AND($F134<>"",$V134<>"",AD$2>=$F134,AD$2<=$V134,WEEKDAY(AD$2,2)<6,COUNTIF('마스터'!$J$13:$J$27,AD$2)=0),$Q134/$U134,"") | AE134: =IF(AND($F134<>"",$V134<>"",AE$2>=$F134,AE$2<=$V134,WEEKDAY(AE$2,2)<6,COUNTIF('마스터'!$J$13:$J$27,AE$2)=0),$Q134/$U134,"") | AF134: =IF(AND($F134<>"",$V134<>"",AF$2>=$F134,AF$2<=$V134,WEEKDAY(AF$2,2)<6,COUNTIF('마스터'!$J$13:$J$27,AF$2)=0),$Q134/$U134,"") | AG134: =IF(AND($F134<>"",$V134<>"",AG$2>=$F134,AG$2<=$V134,WEEKDAY(AG$2,2)<6,COUNTIF('마스터'!$J$13:$J$27,AG$2)=0),$Q134/$U134,"") | ... BD134: =IF(AND($F134<>"",$V134<>"",BD$2>=$F134,BD$2<=$V134,WEEKDAY(BD$2,2)<6,COUNTIF('마스터'!$J$13:$J$27,BD$2)=0),$Q134/$U134,"")
A135: =IF(E135="","",COUNTA($E$133:E135)) | C135: 기타 | Q135: =IF(SUM(L135,N135,P135)=0,"",SUM(L135,N135,P135)) | R135: =IF(L135>0,"영 ","")&IF(N135>0,"이 ","")&IF(P135>0,"기 ","") | S135: =IF(F135="","","W"&ROUNDUP(DAY(F135)/7,0)) | U135: =IF(Q135="",0,ROUNDUP(MAX(L135,N135,P135)/'마스터'!$J$5,0)) | V135: =IF(OR(F135="",U135=0),"",WORKDAY(F135,U135-1,'마스터'!$J$13:$J$27)) | W135: =IF(OR(G135="",V135=""),"",G135-V135) | Z135: =IF(AND($F135<>"",$V135<>"",Z$2>=$F135,Z$2<=$V135,WEEKDAY(Z$2,2)<6,COUNTIF('마스터'!$J$13:$J$27,Z$2)=0),$Q135/$U135,"") | AA135: =IF(AND($F135<>"",$V135<>"",AA$2>=$F135,AA$2<=$V135,WEEKDAY(AA$2,2)<6,COUNTIF('마스터'!$J$13:$J$27,AA$2)=0),$Q135/$U135,"") | AB135: =IF(AND($F135<>"",$V135<>"",AB$2>=$F135,AB$2<=$V135,WEEKDAY(AB$2,2)<6,COUNTIF('마스터'!$J$13:$J$27,AB$2)=0),$Q135/$U135,"") | AC135: =IF(AND($F135<>"",$V135<>"",AC$2>=$F135,AC$2<=$V135,WEEKDAY(AC$2,2)<6,COUNTIF('마스터'!$J$13:$J$27,AC$2)=0),$Q135/$U135,"") | AD135: =IF(AND($F135<>"",$V135<>"",AD$2>=$F135,AD$2<=$V135,WEEKDAY(AD$2,2)<6,COUNTIF('마스터'!$J$13:$J$27,AD$2)=0),$Q135/$U135,"") | AE135: =IF(AND($F135<>"",$V135<>"",AE$2>=$F135,AE$2<=$V135,WEEKDAY(AE$2,2)<6,COUNTIF('마스터'!$J$13:$J$27,AE$2)=0),$Q135/$U135,"") | AF135: =IF(AND($F135<>"",$V135<>"",AF$2>=$F135,AF$2<=$V135,WEEKDAY(AF$2,2)<6,COUNTIF('마스터'!$J$13:$J$27,AF$2)=0),$Q135/$U135,"") | AG135: =IF(AND($F135<>"",$V135<>"",AG$2>=$F135,AG$2<=$V135,WEEKDAY(AG$2,2)<6,COUNTIF('마스터'!$J$13:$J$27,AG$2)=0),$Q135/$U135,"") | ... BD135: =IF(AND($F135<>"",$V135<>"",BD$2>=$F135,BD$2<=$V135,WEEKDAY(BD$2,2)<6,COUNTIF('마스터'!$J$13:$J$27,BD$2)=0),$Q135/$U135,"")
A136: =IF(E136="","",COUNTA($E$133:E136)) | C136: 기타 | Q136: =IF(SUM(L136,N136,P136)=0,"",SUM(L136,N136,P136)) | R136: =IF(L136>0,"영 ","")&IF(N136>0,"이 ","")&IF(P136>0,"기 ","") | S136: =IF(F136="","","W"&ROUNDUP(DAY(F136)/7,0)) | U136: =IF(Q136="",0,ROUNDUP(MAX(L136,N136,P136)/'마스터'!$J$5,0)) | V136: =IF(OR(F136="",U136=0),"",WORKDAY(F136,U136-1,'마스터'!$J$13:$J$27)) | W136: =IF(OR(G136="",V136=""),"",G136-V136) | Z136: =IF(AND($F136<>"",$V136<>"",Z$2>=$F136,Z$2<=$V136,WEEKDAY(Z$2,2)<6,COUNTIF('마스터'!$J$13:$J$27,Z$2)=0),$Q136/$U136,"") | AA136: =IF(AND($F136<>"",$V136<>"",AA$2>=$F136,AA$2<=$V136,WEEKDAY(AA$2,2)<6,COUNTIF('마스터'!$J$13:$J$27,AA$2)=0),$Q136/$U136,"") | AB136: =IF(AND($F136<>"",$V136<>"",AB$2>=$F136,AB$2<=$V136,WEEKDAY(AB$2,2)<6,COUNTIF('마스터'!$J$13:$J$27,AB$2)=0),$Q136/$U136,"") | AC136: =IF(AND($F136<>"",$V136<>"",AC$2>=$F136,AC$2<=$V136,WEEKDAY(AC$2,2)<6,COUNTIF('마스터'!$J$13:$J$27,AC$2)=0),$Q136/$U136,"") | AD136: =IF(AND($F136<>"",$V136<>"",AD$2>=$F136,AD$2<=$V136,WEEKDAY(AD$2,2)<6,COUNTIF('마스터'!$J$13:$J$27,AD$2)=0),$Q136/$U136,"") | AE136: =IF(AND($F136<>"",$V136<>"",AE$2>=$F136,AE$2<=$V136,WEEKDAY(AE$2,2)<6,COUNTIF('마스터'!$J$13:$J$27,AE$2)=0),$Q136/$U136,"") | AF136: =IF(AND($F136<>"",$V136<>"",AF$2>=$F136,AF$2<=$V136,WEEKDAY(AF$2,2)<6,COUNTIF('마스터'!$J$13:$J$27,AF$2)=0),$Q136/$U136,"") | AG136: =IF(AND($F136<>"",$V136<>"",AG$2>=$F136,AG$2<=$V136,WEEKDAY(AG$2,2)<6,COUNTIF('마스터'!$J$13:$J$27,AG$2)=0),$Q136/$U136,"") | ... BD136: =IF(AND($F136<>"",$V136<>"",BD$2>=$F136,BD$2<=$V136,WEEKDAY(BD$2,2)<6,COUNTIF('마스터'!$J$13:$J$27,BD$2)=0),$Q136/$U136,"")
A137: =IF(E137="","",COUNTA($E$133:E137)) | C137: 기타 | Q137: =IF(SUM(L137,N137,P137)=0,"",SUM(L137,N137,P137)) | R137: =IF(L137>0,"영 ","")&IF(N137>0,"이 ","")&IF(P137>0,"기 ","") | S137: =IF(F137="","","W"&ROUNDUP(DAY(F137)/7,0)) | U137: =IF(Q137="",0,ROUNDUP(MAX(L137,N137,P137)/'마스터'!$J$5,0)) | V137: =IF(OR(F137="",U137=0),"",WORKDAY(F137,U137-1,'마스터'!$J$13:$J$27)) | W137: =IF(OR(G137="",V137=""),"",G137-V137) | Z137: =IF(AND($F137<>"",$V137<>"",Z$2>=$F137,Z$2<=$V137,WEEKDAY(Z$2,2)<6,COUNTIF('마스터'!$J$13:$J$27,Z$2)=0),$Q137/$U137,"") | AA137: =IF(AND($F137<>"",$V137<>"",AA$2>=$F137,AA$2<=$V137,WEEKDAY(AA$2,2)<6,COUNTIF('마스터'!$J$13:$J$27,AA$2)=0),$Q137/$U137,"") | AB137: =IF(AND($F137<>"",$V137<>"",AB$2>=$F137,AB$2<=$V137,WEEKDAY(AB$2,2)<6,COUNTIF('마스터'!$J$13:$J$27,AB$2)=0),$Q137/$U137,"") | AC137: =IF(AND($F137<>"",$V137<>"",AC$2>=$F137,AC$2<=$V137,WEEKDAY(AC$2,2)<6,COUNTIF('마스터'!$J$13:$J$27,AC$2)=0),$Q137/$U137,"") | AD137: =IF(AND($F137<>"",$V137<>"",AD$2>=$F137,AD$2<=$V137,WEEKDAY(AD$2,2)<6,COUNTIF('마스터'!$J$13:$J$27,AD$2)=0),$Q137/$U137,"") | AE137: =IF(AND($F137<>"",$V137<>"",AE$2>=$F137,AE$2<=$V137,WEEKDAY(AE$2,2)<6,COUNTIF('마스터'!$J$13:$J$27,AE$2)=0),$Q137/$U137,"") | AF137: =IF(AND($F137<>"",$V137<>"",AF$2>=$F137,AF$2<=$V137,WEEKDAY(AF$2,2)<6,COUNTIF('마스터'!$J$13:$J$27,AF$2)=0),$Q137/$U137,"") | AG137: =IF(AND($F137<>"",$V137<>"",AG$2>=$F137,AG$2<=$V137,WEEKDAY(AG$2,2)<6,COUNTIF('마스터'!$J$13:$J$27,AG$2)=0),$Q137/$U137,"") | ... BD137: =IF(AND($F137<>"",$V137<>"",BD$2>=$F137,BD$2<=$V137,WEEKDAY(BD$2,2)<6,COUNTIF('마스터'!$J$13:$J$27,BD$2)=0),$Q137/$U137,"")
A138: =IF(E138="","",COUNTA($E$133:E138)) | C138: 기타 | Q138: =IF(SUM(L138,N138,P138)=0,"",SUM(L138,N138,P138)) | R138: =IF(L138>0,"영 ","")&IF(N138>0,"이 ","")&IF(P138>0,"기 ","") | S138: =IF(F138="","","W"&ROUNDUP(DAY(F138)/7,0)) | U138: =IF(Q138="",0,ROUNDUP(MAX(L138,N138,P138)/'마스터'!$J$5,0)) | V138: =IF(OR(F138="",U138=0),"",WORKDAY(F138,U138-1,'마스터'!$J$13:$J$27)) | W138: =IF(OR(G138="",V138=""),"",G138-V138) | Z138: =IF(AND($F138<>"",$V138<>"",Z$2>=$F138,Z$2<=$V138,WEEKDAY(Z$2,2)<6,COUNTIF('마스터'!$J$13:$J$27,Z$2)=0),$Q138/$U138,"") | AA138: =IF(AND($F138<>"",$V138<>"",AA$2>=$F138,AA$2<=$V138,WEEKDAY(AA$2,2)<6,COUNTIF('마스터'!$J$13:$J$27,AA$2)=0),$Q138/$U138,"") | AB138: =IF(AND($F138<>"",$V138<>"",AB$2>=$F138,AB$2<=$V138,WEEKDAY(AB$2,2)<6,COUNTIF('마스터'!$J$13:$J$27,AB$2)=0),$Q138/$U138,"") | AC138: =IF(AND($F138<>"",$V138<>"",AC$2>=$F138,AC$2<=$V138,WEEKDAY(AC$2,2)<6,COUNTIF('마스터'!$J$13:$J$27,AC$2)=0),$Q138/$U138,"") | AD138: =IF(AND($F138<>"",$V138<>"",AD$2>=$F138,AD$2<=$V138,WEEKDAY(AD$2,2)<6,COUNTIF('마스터'!$J$13:$J$27,AD$2)=0),$Q138/$U138,"") | AE138: =IF(AND($F138<>"",$V138<>"",AE$2>=$F138,AE$2<=$V138,WEEKDAY(AE$2,2)<6,COUNTIF('마스터'!$J$13:$J$27,AE$2)=0),$Q138/$U138,"") | AF138: =IF(AND($F138<>"",$V138<>"",AF$2>=$F138,AF$2<=$V138,WEEKDAY(AF$2,2)<6,COUNTIF('마스터'!$J$13:$J$27,AF$2)=0),$Q138/$U138,"") | AG138: =IF(AND($F138<>"",$V138<>"",AG$2>=$F138,AG$2<=$V138,WEEKDAY(AG$2,2)<6,COUNTIF('마스터'!$J$13:$J$27,AG$2)=0),$Q138/$U138,"") | ... BD138: =IF(AND($F138<>"",$V138<>"",BD$2>=$F138,BD$2<=$V138,WEEKDAY(BD$2,2)<6,COUNTIF('마스터'!$J$13:$J$27,BD$2)=0),$Q138/$U138,"")
A139: =IF(E139="","",COUNTA($E$133:E139)) | C139: 기타 | Q139: =IF(SUM(L139,N139,P139)=0,"",SUM(L139,N139,P139)) | R139: =IF(L139>0,"영 ","")&IF(N139>0,"이 ","")&IF(P139>0,"기 ","") | S139: =IF(F139="","","W"&ROUNDUP(DAY(F139)/7,0)) | U139: =IF(Q139="",0,ROUNDUP(MAX(L139,N139,P139)/'마스터'!$J$5,0)) | V139: =IF(OR(F139="",U139=0),"",WORKDAY(F139,U139-1,'마스터'!$J$13:$J$27)) | W139: =IF(OR(G139="",V139=""),"",G139-V139) | Z139: =IF(AND($F139<>"",$V139<>"",Z$2>=$F139,Z$2<=$V139,WEEKDAY(Z$2,2)<6,COUNTIF('마스터'!$J$13:$J$27,Z$2)=0),$Q139/$U139,"") | AA139: =IF(AND($F139<>"",$V139<>"",AA$2>=$F139,AA$2<=$V139,WEEKDAY(AA$2,2)<6,COUNTIF('마스터'!$J$13:$J$27,AA$2)=0),$Q139/$U139,"") | AB139: =IF(AND($F139<>"",$V139<>"",AB$2>=$F139,AB$2<=$V139,WEEKDAY(AB$2,2)<6,COUNTIF('마스터'!$J$13:$J$27,AB$2)=0),$Q139/$U139,"") | AC139: =IF(AND($F139<>"",$V139<>"",AC$2>=$F139,AC$2<=$V139,WEEKDAY(AC$2,2)<6,COUNTIF('마스터'!$J$13:$J$27,AC$2)=0),$Q139/$U139,"") | AD139: =IF(AND($F139<>"",$V139<>"",AD$2>=$F139,AD$2<=$V139,WEEKDAY(AD$2,2)<6,COUNTIF('마스터'!$J$13:$J$27,AD$2)=0),$Q139/$U139,"") | AE139: =IF(AND($F139<>"",$V139<>"",AE$2>=$F139,AE$2<=$V139,WEEKDAY(AE$2,2)<6,COUNTIF('마스터'!$J$13:$J$27,AE$2)=0),$Q139/$U139,"") | AF139: =IF(AND($F139<>"",$V139<>"",AF$2>=$F139,AF$2<=$V139,WEEKDAY(AF$2,2)<6,COUNTIF('마스터'!$J$13:$J$27,AF$2)=0),$Q139/$U139,"") | AG139: =IF(AND($F139<>"",$V139<>"",AG$2>=$F139,AG$2<=$V139,WEEKDAY(AG$2,2)<6,COUNTIF('마스터'!$J$13:$J$27,AG$2)=0),$Q139/$U139,"") | ... BD139: =IF(AND($F139<>"",$V139<>"",BD$2>=$F139,BD$2<=$V139,WEEKDAY(BD$2,2)<6,COUNTIF('마스터'!$J$13:$J$27,BD$2)=0),$Q139/$U139,"")
A140: =IF(E140="","",COUNTA($E$133:E140)) | C140: 기타 | Q140: =IF(SUM(L140,N140,P140)=0,"",SUM(L140,N140,P140)) | R140: =IF(L140>0,"영 ","")&IF(N140>0,"이 ","")&IF(P140>0,"기 ","") | S140: =IF(F140="","","W"&ROUNDUP(DAY(F140)/7,0)) | U140: =IF(Q140="",0,ROUNDUP(MAX(L140,N140,P140)/'마스터'!$J$5,0)) | V140: =IF(OR(F140="",U140=0),"",WORKDAY(F140,U140-1,'마스터'!$J$13:$J$27)) | W140: =IF(OR(G140="",V140=""),"",G140-V140) | Z140: =IF(AND($F140<>"",$V140<>"",Z$2>=$F140,Z$2<=$V140,WEEKDAY(Z$2,2)<6,COUNTIF('마스터'!$J$13:$J$27,Z$2)=0),$Q140/$U140,"") | AA140: =IF(AND($F140<>"",$V140<>"",AA$2>=$F140,AA$2<=$V140,WEEKDAY(AA$2,2)<6,COUNTIF('마스터'!$J$13:$J$27,AA$2)=0),$Q140/$U140,"") | AB140: =IF(AND($F140<>"",$V140<>"",AB$2>=$F140,AB$2<=$V140,WEEKDAY(AB$2,2)<6,COUNTIF('마스터'!$J$13:$J$27,AB$2)=0),$Q140/$U140,"") | AC140: =IF(AND($F140<>"",$V140<>"",AC$2>=$F140,AC$2<=$V140,WEEKDAY(AC$2,2)<6,COUNTIF('마스터'!$J$13:$J$27,AC$2)=0),$Q140/$U140,"") | AD140: =IF(AND($F140<>"",$V140<>"",AD$2>=$F140,AD$2<=$V140,WEEKDAY(AD$2,2)<6,COUNTIF('마스터'!$J$13:$J$27,AD$2)=0),$Q140/$U140,"") | AE140: =IF(AND($F140<>"",$V140<>"",AE$2>=$F140,AE$2<=$V140,WEEKDAY(AE$2,2)<6,COUNTIF('마스터'!$J$13:$J$27,AE$2)=0),$Q140/$U140,"") | AF140: =IF(AND($F140<>"",$V140<>"",AF$2>=$F140,AF$2<=$V140,WEEKDAY(AF$2,2)<6,COUNTIF('마스터'!$J$13:$J$27,AF$2)=0),$Q140/$U140,"") | AG140: =IF(AND($F140<>"",$V140<>"",AG$2>=$F140,AG$2<=$V140,WEEKDAY(AG$2,2)<6,COUNTIF('마스터'!$J$13:$J$27,AG$2)=0),$Q140/$U140,"") | ... BD140: =IF(AND($F140<>"",$V140<>"",BD$2>=$F140,BD$2<=$V140,WEEKDAY(BD$2,2)<6,COUNTIF('마스터'!$J$13:$J$27,BD$2)=0),$Q140/$U140,"")
A141: =IF(E141="","",COUNTA($E$133:E141)) | C141: 기타 | Q141: =IF(SUM(L141,N141,P141)=0,"",SUM(L141,N141,P141)) | R141: =IF(L141>0,"영 ","")&IF(N141>0,"이 ","")&IF(P141>0,"기 ","") | S141: =IF(F141="","","W"&ROUNDUP(DAY(F141)/7,0)) | U141: =IF(Q141="",0,ROUNDUP(MAX(L141,N141,P141)/'마스터'!$J$5,0)) | V141: =IF(OR(F141="",U141=0),"",WORKDAY(F141,U141-1,'마스터'!$J$13:$J$27)) | W141: =IF(OR(G141="",V141=""),"",G141-V141) | Z141: =IF(AND($F141<>"",$V141<>"",Z$2>=$F141,Z$2<=$V141,WEEKDAY(Z$2,2)<6,COUNTIF('마스터'!$J$13:$J$27,Z$2)=0),$Q141/$U141,"") | AA141: =IF(AND($F141<>"",$V141<>"",AA$2>=$F141,AA$2<=$V141,WEEKDAY(AA$2,2)<6,COUNTIF('마스터'!$J$13:$J$27,AA$2)=0),$Q141/$U141,"") | AB141: =IF(AND($F141<>"",$V141<>"",AB$2>=$F141,AB$2<=$V141,WEEKDAY(AB$2,2)<6,COUNTIF('마스터'!$J$13:$J$27,AB$2)=0),$Q141/$U141,"") | AC141: =IF(AND($F141<>"",$V141<>"",AC$2>=$F141,AC$2<=$V141,WEEKDAY(AC$2,2)<6,COUNTIF('마스터'!$J$13:$J$27,AC$2)=0),$Q141/$U141,"") | AD141: =IF(AND($F141<>"",$V141<>"",AD$2>=$F141,AD$2<=$V141,WEEKDAY(AD$2,2)<6,COUNTIF('마스터'!$J$13:$J$27,AD$2)=0),$Q141/$U141,"") | AE141: =IF(AND($F141<>"",$V141<>"",AE$2>=$F141,AE$2<=$V141,WEEKDAY(AE$2,2)<6,COUNTIF('마스터'!$J$13:$J$27,AE$2)=0),$Q141/$U141,"") | AF141: =IF(AND($F141<>"",$V141<>"",AF$2>=$F141,AF$2<=$V141,WEEKDAY(AF$2,2)<6,COUNTIF('마스터'!$J$13:$J$27,AF$2)=0),$Q141/$U141,"") | AG141: =IF(AND($F141<>"",$V141<>"",AG$2>=$F141,AG$2<=$V141,WEEKDAY(AG$2,2)<6,COUNTIF('마스터'!$J$13:$J$27,AG$2)=0),$Q141/$U141,"") | ... BD141: =IF(AND($F141<>"",$V141<>"",BD$2>=$F141,BD$2<=$V141,WEEKDAY(BD$2,2)<6,COUNTIF('마스터'!$J$13:$J$27,BD$2)=0),$Q141/$U141,"")
A142: =IF(E142="","",COUNTA($E$133:E142)) | C142: 기타 | Q142: =IF(SUM(L142,N142,P142)=0,"",SUM(L142,N142,P142)) | R142: =IF(L142>0,"영 ","")&IF(N142>0,"이 ","")&IF(P142>0,"기 ","") | S142: =IF(F142="","","W"&ROUNDUP(DAY(F142)/7,0)) | U142: =IF(Q142="",0,ROUNDUP(MAX(L142,N142,P142)/'마스터'!$J$5,0)) | V142: =IF(OR(F142="",U142=0),"",WORKDAY(F142,U142-1,'마스터'!$J$13:$J$27)) | W142: =IF(OR(G142="",V142=""),"",G142-V142) | Z142: =IF(AND($F142<>"",$V142<>"",Z$2>=$F142,Z$2<=$V142,WEEKDAY(Z$2,2)<6,COUNTIF('마스터'!$J$13:$J$27,Z$2)=0),$Q142/$U142,"") | AA142: =IF(AND($F142<>"",$V142<>"",AA$2>=$F142,AA$2<=$V142,WEEKDAY(AA$2,2)<6,COUNTIF('마스터'!$J$13:$J$27,AA$2)=0),$Q142/$U142,"") | AB142: =IF(AND($F142<>"",$V142<>"",AB$2>=$F142,AB$2<=$V142,WEEKDAY(AB$2,2)<6,COUNTIF('마스터'!$J$13:$J$27,AB$2)=0),$Q142/$U142,"") | AC142: =IF(AND($F142<>"",$V142<>"",AC$2>=$F142,AC$2<=$V142,WEEKDAY(AC$2,2)<6,COUNTIF('마스터'!$J$13:$J$27,AC$2)=0),$Q142/$U142,"") | AD142: =IF(AND($F142<>"",$V142<>"",AD$2>=$F142,AD$2<=$V142,WEEKDAY(AD$2,2)<6,COUNTIF('마스터'!$J$13:$J$27,AD$2)=0),$Q142/$U142,"") | AE142: =IF(AND($F142<>"",$V142<>"",AE$2>=$F142,AE$2<=$V142,WEEKDAY(AE$2,2)<6,COUNTIF('마스터'!$J$13:$J$27,AE$2)=0),$Q142/$U142,"") | AF142: =IF(AND($F142<>"",$V142<>"",AF$2>=$F142,AF$2<=$V142,WEEKDAY(AF$2,2)<6,COUNTIF('마스터'!$J$13:$J$27,AF$2)=0),$Q142/$U142,"") | AG142: =IF(AND($F142<>"",$V142<>"",AG$2>=$F142,AG$2<=$V142,WEEKDAY(AG$2,2)<6,COUNTIF('마스터'!$J$13:$J$27,AG$2)=0),$Q142/$U142,"") | ... BD142: =IF(AND($F142<>"",$V142<>"",BD$2>=$F142,BD$2<=$V142,WEEKDAY(BD$2,2)<6,COUNTIF('마스터'!$J$13:$J$27,BD$2)=0),$Q142/$U142,"")
A143: =IF(E143="","",COUNTA($E$133:E143)) | C143: 기타 | Q143: =IF(SUM(L143,N143,P143)=0,"",SUM(L143,N143,P143)) | R143: =IF(L143>0,"영 ","")&IF(N143>0,"이 ","")&IF(P143>0,"기 ","") | S143: =IF(F143="","","W"&ROUNDUP(DAY(F143)/7,0)) | U143: =IF(Q143="",0,ROUNDUP(MAX(L143,N143,P143)/'마스터'!$J$5,0)) | V143: =IF(OR(F143="",U143=0),"",WORKDAY(F143,U143-1,'마스터'!$J$13:$J$27)) | W143: =IF(OR(G143="",V143=""),"",G143-V143) | Z143: =IF(AND($F143<>"",$V143<>"",Z$2>=$F143,Z$2<=$V143,WEEKDAY(Z$2,2)<6,COUNTIF('마스터'!$J$13:$J$27,Z$2)=0),$Q143/$U143,"") | AA143: =IF(AND($F143<>"",$V143<>"",AA$2>=$F143,AA$2<=$V143,WEEKDAY(AA$2,2)<6,COUNTIF('마스터'!$J$13:$J$27,AA$2)=0),$Q143/$U143,"") | AB143: =IF(AND($F143<>"",$V143<>"",AB$2>=$F143,AB$2<=$V143,WEEKDAY(AB$2,2)<6,COUNTIF('마스터'!$J$13:$J$27,AB$2)=0),$Q143/$U143,"") | AC143: =IF(AND($F143<>"",$V143<>"",AC$2>=$F143,AC$2<=$V143,WEEKDAY(AC$2,2)<6,COUNTIF('마스터'!$J$13:$J$27,AC$2)=0),$Q143/$U143,"") | AD143: =IF(AND($F143<>"",$V143<>"",AD$2>=$F143,AD$2<=$V143,WEEKDAY(AD$2,2)<6,COUNTIF('마스터'!$J$13:$J$27,AD$2)=0),$Q143/$U143,"") | AE143: =IF(AND($F143<>"",$V143<>"",AE$2>=$F143,AE$2<=$V143,WEEKDAY(AE$2,2)<6,COUNTIF('마스터'!$J$13:$J$27,AE$2)=0),$Q143/$U143,"") | AF143: =IF(AND($F143<>"",$V143<>"",AF$2>=$F143,AF$2<=$V143,WEEKDAY(AF$2,2)<6,COUNTIF('마스터'!$J$13:$J$27,AF$2)=0),$Q143/$U143,"") | AG143: =IF(AND($F143<>"",$V143<>"",AG$2>=$F143,AG$2<=$V143,WEEKDAY(AG$2,2)<6,COUNTIF('마스터'!$J$13:$J$27,AG$2)=0),$Q143/$U143,"") | ... BD143: =IF(AND($F143<>"",$V143<>"",BD$2>=$F143,BD$2<=$V143,WEEKDAY(BD$2,2)<6,COUNTIF('마스터'!$J$13:$J$27,BD$2)=0),$Q143/$U143,"")
A144: =IF(E144="","",COUNTA($E$133:E144)) | C144: 기타 | Q144: =IF(SUM(L144,N144,P144)=0,"",SUM(L144,N144,P144)) | R144: =IF(L144>0,"영 ","")&IF(N144>0,"이 ","")&IF(P144>0,"기 ","") | S144: =IF(F144="","","W"&ROUNDUP(DAY(F144)/7,0)) | U144: =IF(Q144="",0,ROUNDUP(MAX(L144,N144,P144)/'마스터'!$J$5,0)) | V144: =IF(OR(F144="",U144=0),"",WORKDAY(F144,U144-1,'마스터'!$J$13:$J$27)) | W144: =IF(OR(G144="",V144=""),"",G144-V144) | Z144: =IF(AND($F144<>"",$V144<>"",Z$2>=$F144,Z$2<=$V144,WEEKDAY(Z$2,2)<6,COUNTIF('마스터'!$J$13:$J$27,Z$2)=0),$Q144/$U144,"") | AA144: =IF(AND($F144<>"",$V144<>"",AA$2>=$F144,AA$2<=$V144,WEEKDAY(AA$2,2)<6,COUNTIF('마스터'!$J$13:$J$27,AA$2)=0),$Q144/$U144,"") | AB144: =IF(AND($F144<>"",$V144<>"",AB$2>=$F144,AB$2<=$V144,WEEKDAY(AB$2,2)<6,COUNTIF('마스터'!$J$13:$J$27,AB$2)=0),$Q144/$U144,"") | AC144: =IF(AND($F144<>"",$V144<>"",AC$2>=$F144,AC$2<=$V144,WEEKDAY(AC$2,2)<6,COUNTIF('마스터'!$J$13:$J$27,AC$2)=0),$Q144/$U144,"") | AD144: =IF(AND($F144<>"",$V144<>"",AD$2>=$F144,AD$2<=$V144,WEEKDAY(AD$2,2)<6,COUNTIF('마스터'!$J$13:$J$27,AD$2)=0),$Q144/$U144,"") | AE144: =IF(AND($F144<>"",$V144<>"",AE$2>=$F144,AE$2<=$V144,WEEKDAY(AE$2,2)<6,COUNTIF('마스터'!$J$13:$J$27,AE$2)=0),$Q144/$U144,"") | AF144: =IF(AND($F144<>"",$V144<>"",AF$2>=$F144,AF$2<=$V144,WEEKDAY(AF$2,2)<6,COUNTIF('마스터'!$J$13:$J$27,AF$2)=0),$Q144/$U144,"") | AG144: =IF(AND($F144<>"",$V144<>"",AG$2>=$F144,AG$2<=$V144,WEEKDAY(AG$2,2)<6,COUNTIF('마스터'!$J$13:$J$27,AG$2)=0),$Q144/$U144,"") | ... BD144: =IF(AND($F144<>"",$V144<>"",BD$2>=$F144,BD$2<=$V144,WEEKDAY(BD$2,2)<6,COUNTIF('마스터'!$J$13:$J$27,BD$2)=0),$Q144/$U144,"")
... A162: =IF(E162="","",COUNTA($E$133:E162)) | C162: 기타 | Q162: =IF(SUM(L162,N162,P162)=0,"",SUM(L162,N162,P162)) | R162: =IF(L162>0,"영 ","")&IF(N162>0,"이 ","")&IF(P162>0,"기 ","") | S162: =IF(F162="","","W"&ROUNDUP(DAY(F162)/7,0)) | U162: =IF(Q162="",0,ROUNDUP(MAX(L162,N162,P162)/'마스터'!$J$5,0)) | V162: =IF(OR(F162="",U162=0),"",WORKDAY(F162,U162-1,'마스터'!$J$13:$J$27)) | W162: =IF(OR(G162="",V162=""),"",G162-V162) | Z162: =IF(AND($F162<>"",$V162<>"",Z$2>=$F162,Z$2<=$V162,WEEKDAY(Z$2,2)<6,COUNTIF('마스터'!$J$13:$J$27,Z$2)=0),$Q162/$U162,"") | AA162: =IF(AND($F162<>"",$V162<>"",AA$2>=$F162,AA$2<=$V162,WEEKDAY(AA$2,2)<6,COUNTIF('마스터'!$J$13:$J$27,AA$2)=0),$Q162/$U162,"") | AB162: =IF(AND($F162<>"",$V162<>"",AB$2>=$F162,AB$2<=$V162,WEEKDAY(AB$2,2)<6,COUNTIF('마스터'!$J$13:$J$27,AB$2)=0),$Q162/$U162,"") | AC162: =IF(AND($F162<>"",$V162<>"",AC$2>=$F162,AC$2<=$V162,WEEKDAY(AC$2,2)<6,COUNTIF('마스터'!$J$13:$J$27,AC$2)=0),$Q162/$U162,"") | AD162: =IF(AND($F162<>"",$V162<>"",AD$2>=$F162,AD$2<=$V162,WEEKDAY(AD$2,2)<6,COUNTIF('마스터'!$J$13:$J$27,AD$2)=0),$Q162/$U162,"") | AE162: =IF(AND($F162<>"",$V162<>"",AE$2>=$F162,AE$2<=$V162,WEEKDAY(AE$2,2)<6,COUNTIF('마스터'!$J$13:$J$27,AE$2)=0),$Q162/$U162,"") | AF162: =IF(AND($F162<>"",$V162<>"",AF$2>=$F162,AF$2<=$V162,WEEKDAY(AF$2,2)<6,COUNTIF('마스터'!$J$13:$J$27,AF$2)=0),$Q162/$U162,"") | AG162: =IF(AND($F162<>"",$V162<>"",AG$2>=$F162,AG$2<=$V162,WEEKDAY(AG$2,2)<6,COUNTIF('마스터'!$J$13:$J$27,AG$2)=0),$Q162/$U162,"") | ... BD162: =IF(AND($F162<>"",$V162<>"",BD$2>=$F162,BD$2<=$V162,WEEKDAY(BD$2,2)<6,COUNTIF('마스터'!$J$13:$J$27,BD$2)=0),$Q162/$U162,"")

Sheet 2월
A1: 2월 업무 정보 (소재명 / 요청일) | H1: 수량 | K1: 영상 (본체) | M1: 이미지 | O1: 기획(SB) | Q1: 집계 / 일정 / 자동 | Z1: 2월 간트 (MD 숫자 분산 / 주말+공휴일 회색) 상단 4줄=일자별 직군 TO 상태
A2: No | B2: 게임 타이틀명 | C2: 고객팀 | D2: 유형 | E2: 소재명(업무명) | F2: 요청일 | G2: 완료일 | H2: 영상 수 | I2: 사이즈 베리 | J2: 다국어 베리 | K2: 영상 담당 | L2: 영상 MD | M2: 이미지 담당 | N2: 이미지 MD | O2: 기획 담당 | P2: 기획 MD | Q2: 합계 MD | R2: 투입 직군 | S2: 주차 | T2: 상태 | U2: 소요일 | V2: 예상완료 | W2: 여유 | X2: 비고 | Z2: =DATE('마스터'!$J$3,2,1) | AA2: =Z2+1 | AB2: =AA2+1 | AC2: =AB2+1 | AD2: =AC2+1 | AE2: =AD2+1 | AF2: =AE2+1 | AG2: =AF2+1 | AH2: =AG2+1 | ... BD2: =BC2+1
A3: 전체 TO (일자별 부하) | G3: 정원 | H3: =SUM('마스터'!$J$8:$J$10) | Z3: =SUMPRODUCT(($F$8:$F$162<>"")*($F$8:$F$162<=Z$2)*($V$8:$V$162>=Z$2)*(WEEKDAY(Z$2,2)<6)*(COUNTIF('마스터'!$J$13:$J$27,Z$2)=0)*($L$8:$L$162+$N$8:$N$162+$P$8:$P$162)/($U$8:$U$162+($U$8:$U$162=0))) | AA3: =SUMPRODUCT(($F$8:$F$162<>"")*($F$8:$F$162<=AA$2)*($V$8:$V$162>=AA$2)*(WEEKDAY(AA$2,2)<6)*(COUNTIF('마스터'!$J$13:$J$27,AA$2)=0)*($L$8:$L$162+$N$8:$N$162+$P$8:$P$162)/($U$8:$U$162+($U$8:$U$162=0))) | AB3: =SUMPRODUCT(($F$8:$F$162<>"")*($F$8:$F$162<=AB$2)*($V$8:$V$162>=AB$2)*(WEEKDAY(AB$2,2)<6)*(COUNTIF('마스터'!$J$13:$J$27,AB$2)=0)*($L$8:$L$162+$N$8:$N$162+$P$8:$P$162)/($U$8:$U$162+($U$8:$U$162=0))) | AC3: =SUMPRODUCT(($F$8:$F$162<>"")*($F$8:$F$162<=AC$2)*($V$8:$V$162>=AC$2)*(WEEKDAY(AC$2,2)<6)*(COUNTIF('마스터'!$J$13:$J$27,AC$2)=0)*($L$8:$L$162+$N$8:$N$162+$P$8:$P$162)/($U$8:$U$162+($U$8:$U$162=0))) | AD3: =SUMPRODUCT(($F$8:$F$162<>"")*($F$8:$F$162<=AD$2)*($V$8:$V$162>=AD$2)*(WEEKDAY(AD$2,2)<6)*(COUNTIF('마스터'!$J$13:$J$27,AD$2)=0)*($L$8:$L$162+$N$8:$N$162+$P$8:$P$162)/($U$8:$U$162+($U$8:$U$162=0))) | AE3: =SUMPRODUCT(($F$8:$F$162<>"")*($F$8:$F$162<=AE$2)*($V$8:$V$162>=AE$2)*(WEEKDAY(AE$2,2)<6)*(COUNTIF('마스터'!$J$13:$J$27,AE$2)=0)*($L$8:$L$162+$N$8:$N$162+$P$8:$P$162)/($U$8:$U$162+($U$8:$U$162=0))) | AF3: =SUMPRODUCT(($F$8:$F$162<>"")*($F$8:$F$162<=AF$2)*($V$8:$V$162>=AF$2)*(WEEKDAY(AF$2,2)<6)*(COUNTIF('마스터'!$J$13:$J$27,AF$2)=0)*($L$8:$L$162+$N$8:$N$162+$P$8:$P$162)/($U$8:$U$162+($U$8:$U$162=0))) | AG3: =SUMPRODUCT(($F$8:$F$162<>"")*($F$8:$F$162<=AG$2)*($V$8:$V$162>=AG$2)*(WEEKDAY(AG$2,2)<6)*(COUNTIF('마스터'!$J$13:$J$27,AG$2)=0)*($L$8:$L$162+$N$8:$N$162+$P$8:$P$162)/($U$8:$U$162+($U$8:$U$162=0))) | ... BD3: =SUMPRODUCT(($F$8:$F$162<>"")*($F$8:$F$162<=BD$2)*($V$8:$V$162>=BD$2)*(WEEKDAY(BD$2,2)<6)*(COUNTIF('마스터'!$J$13:$J$27,BD$2)=0)*($L$8:$L$162+$N$8:$N$162+$P$8:$P$162)/($U$8:$U$162+($U$8:$U$162=0)))
A4: 영상 TO | G4: 정원 | H4: ='마스터'!$J$8 | Z4: =SUMPRODUCT(($F$8:$F$162<>"")*($F$8:$F$162<=Z$2)*($V$8:$V$162>=Z$2)*(WEEKDAY(Z$2,2)<6)*(COUNTIF('마스터'!$J$13:$J$27,Z$2)=0)*($L$8:$L$162)/($U$8:$U$162+($U$8:$U$162=0))) | AA4: =SUMPRODUCT(($F$8:$F$162<>"")*($F$8:$F$162<=AA$2)*($V$8:$V$162>=AA$2)*(WEEKDAY(AA$2,2)<6)*(COUNTIF('마스터'!$J$13:$J$27,AA$2)=0)*($L$8:$L$162)/($U$8:$U$162+($U$8:$U$162=0))) | AB4: =SUMPRODUCT(($F$8:$F$162<>"")*($F$8:$F$162<=AB$2)*($V$8:$V$162>=AB$2)*(WEEKDAY(AB$2,2)<6)*(COUNTIF('마스터'!$J$13:$J$27,AB$2)=0)*($L$8:$L$162)/($U$8:$U$162+($U$8:$U$162=0))) | AC4: =SUMPRODUCT(($F$8:$F$162<>"")*($F$8:$F$162<=AC$2)*($V$8:$V$162>=AC$2)*(WEEKDAY(AC$2,2)<6)*(COUNTIF('마스터'!$J$13:$J$27,AC$2)=0)*($L$8:$L$162)/($U$8:$U$162+($U$8:$U$162=0))) | AD4: =SUMPRODUCT(($F$8:$F$162<>"")*($F$8:$F$162<=AD$2)*($V$8:$V$162>=AD$2)*(WEEKDAY(AD$2,2)<6)*(COUNTIF('마스터'!$J$13:$J$27,AD$2)=0)*($L$8:$L$162)/($U$8:$U$162+($U$8:$U$162=0))) | AE4: =SUMPRODUCT(($F$8:$F$162<>"")*($F$8:$F$162<=AE$2)*($V$8:$V$162>=AE$2)*(WEEKDAY(AE$2,2)<6)*(COUNTIF('마스터'!$J$13:$J$27,AE$2)=0)*($L$8:$L$162)/($U$8:$U$162+($U$8:$U$162=0))) | AF4: =SUMPRODUCT(($F$8:$F$162<>"")*($F$8:$F$162<=AF$2)*($V$8:$V$162>=AF$2)*(WEEKDAY(AF$2,2)<6)*(COUNTIF('마스터'!$J$13:$J$27,AF$2)=0)*($L$8:$L$162)/($U$8:$U$162+($U$8:$U$162=0))) | AG4: =SUMPRODUCT(($F$8:$F$162<>"")*($F$8:$F$162<=AG$2)*($V$8:$V$162>=AG$2)*(WEEKDAY(AG$2,2)<6)*(COUNTIF('마스터'!$J$13:$J$27,AG$2)=0)*($L$8:$L$162)/($U$8:$U$162+($U$8:$U$162=0))) | ... BD4: =SUMPRODUCT(($F$8:$F$162<>"")*($F$8:$F$162<=BD$2)*($V$8:$V$162>=BD$2)*(WEEKDAY(BD$2,2)<6)*(COUNTIF('마스터'!$J$13:$J$27,BD$2)=0)*($L$8:$L$162)/($U$8:$U$162+($U$8:$U$162=0)))
A5: 이미지 TO | G5: 정원 | H5: ='마스터'!$J$9 | Z5: =SUMPRODUCT(($F$8:$F$162<>"")*($F$8:$F$162<=Z$2)*($V$8:$V$162>=Z$2)*(WEEKDAY(Z$2,2)<6)*(COUNTIF('마스터'!$J$13:$J$27,Z$2)=0)*($N$8:$N$162)/($U$8:$U$162+($U$8:$U$162=0))) | AA5: =SUMPRODUCT(($F$8:$F$162<>"")*($F$8:$F$162<=AA$2)*($V$8:$V$162>=AA$2)*(WEEKDAY(AA$2,2)<6)*(COUNTIF('마스터'!$J$13:$J$27,AA$2)=0)*($N$8:$N$162)/($U$8:$U$162+($U$8:$U$162=0))) | AB5: =SUMPRODUCT(($F$8:$F$162<>"")*($F$8:$F$162<=AB$2)*($V$8:$V$162>=AB$2)*(WEEKDAY(AB$2,2)<6)*(COUNTIF('마스터'!$J$13:$J$27,AB$2)=0)*($N$8:$N$162)/($U$8:$U$162+($U$8:$U$162=0))) | AC5: =SUMPRODUCT(($F$8:$F$162<>"")*($F$8:$F$162<=AC$2)*($V$8:$V$162>=AC$2)*(WEEKDAY(AC$2,2)<6)*(COUNTIF('마스터'!$J$13:$J$27,AC$2)=0)*($N$8:$N$162)/($U$8:$U$162+($U$8:$U$162=0))) | AD5: =SUMPRODUCT(($F$8:$F$162<>"")*($F$8:$F$162<=AD$2)*($V$8:$V$162>=AD$2)*(WEEKDAY(AD$2,2)<6)*(COUNTIF('마스터'!$J$13:$J$27,AD$2)=0)*($N$8:$N$162)/($U$8:$U$162+($U$8:$U$162=0))) | AE5: =SUMPRODUCT(($F$8:$F$162<>"")*($F$8:$F$162<=AE$2)*($V$8:$V$162>=AE$2)*(WEEKDAY(AE$2,2)<6)*(COUNTIF('마스터'!$J$13:$J$27,AE$2)=0)*($N$8:$N$162)/($U$8:$U$162+($U$8:$U$162=0))) | AF5: =SUMPRODUCT(($F$8:$F$162<>"")*($F$8:$F$162<=AF$2)*($V$8:$V$162>=AF$2)*(WEEKDAY(AF$2,2)<6)*(COUNTIF('마스터'!$J$13:$J$27,AF$2)=0)*($N$8:$N$162)/($U$8:$U$162+($U$8:$U$162=0))) | AG5: =SUMPRODUCT(($F$8:$F$162<>"")*($F$8:$F$162<=AG$2)*($V$8:$V$162>=AG$2)*(WEEKDAY(AG$2,2)<6)*(COUNTIF('마스터'!$J$13:$J$27,AG$2)=0)*($N$8:$N$162)/($U$8:$U$162+($U$8:$U$162=0))) | ... BD5: =SUMPRODUCT(($F$8:$F$162<>"")*($F$8:$F$162<=BD$2)*($V$8:$V$162>=BD$2)*(WEEKDAY(BD$2,2)<6)*(COUNTIF('마스터'!$J$13:$J$27,BD$2)=0)*($N$8:$N$162)/($U$8:$U$162+($U$8:$U$162=0)))
A6: 기획 TO | G6: 정원 | H6: ='마스터'!$J$10 | Z6: =SUMPRODUCT(($F$8:$F$162<>"")*($F$8:$F$162<=Z$2)*($V$8:$V$162>=Z$2)*(WEEKDAY(Z$2,2)<6)*(COUNTIF('마스터'!$J$13:$J$27,Z$2)=0)*($P$8:$P$162)/($U$8:$U$162+($U$8:$U$162=0))) | AA6: =SUMPRODUCT(($F$8:$F$162<>"")*($F$8:$F$162<=AA$2)*($V$8:$V$162>=AA$2)*(WEEKDAY(AA$2,2)<6)*(COUNTIF('마스터'!$J$13:$J$27,AA$2)=0)*($P$8:$P$162)/($U$8:$U$162+($U$8:$U$162=0))) | AB6: =SUMPRODUCT(($F$8:$F$162<>"")*($F$8:$F$162<=AB$2)*($V$8:$V$162>=AB$2)*(WEEKDAY(AB$2,2)<6)*(COUNTIF('마스터'!$J$13:$J$27,AB$2)=0)*($P$8:$P$162)/($U$8:$U$162+($U$8:$U$162=0))) | AC6: =SUMPRODUCT(($F$8:$F$162<>"")*($F$8:$F$162<=AC$2)*($V$8:$V$162>=AC$2)*(WEEKDAY(AC$2,2)<6)*(COUNTIF('마스터'!$J$13:$J$27,AC$2)=0)*($P$8:$P$162)/($U$8:$U$162+($U$8:$U$162=0))) | AD6: =SUMPRODUCT(($F$8:$F$162<>"")*($F$8:$F$162<=AD$2)*($V$8:$V$162>=AD$2)*(WEEKDAY(AD$2,2)<6)*(COUNTIF('마스터'!$J$13:$J$27,AD$2)=0)*($P$8:$P$162)/($U$8:$U$162+($U$8:$U$162=0))) | AE6: =SUMPRODUCT(($F$8:$F$162<>"")*($F$8:$F$162<=AE$2)*($V$8:$V$162>=AE$2)*(WEEKDAY(AE$2,2)<6)*(COUNTIF('마스터'!$J$13:$J$27,AE$2)=0)*($P$8:$P$162)/($U$8:$U$162+($U$8:$U$162=0))) | AF6: =SUMPRODUCT(($F$8:$F$162<>"")*($F$8:$F$162<=AF$2)*($V$8:$V$162>=AF$2)*(WEEKDAY(AF$2,2)<6)*(COUNTIF('마스터'!$J$13:$J$27,AF$2)=0)*($P$8:$P$162)/($U$8:$U$162+($U$8:$U$162=0))) | AG6: =SUMPRODUCT(($F$8:$F$162<>"")*($F$8:$F$162<=AG$2)*($V$8:$V$162>=AG$2)*(WEEKDAY(AG$2,2)<6)*(COUNTIF('마스터'!$J$13:$J$27,AG$2)=0)*($P$8:$P$162)/($U$8:$U$162+($U$8:$U$162=0))) | ... BD6: =SUMPRODUCT(($F$8:$F$162<>"")*($F$8:$F$162<=BD$2)*($V$8:$V$162>=BD$2)*(WEEKDAY(BD$2,2)<6)*(COUNTIF('마스터'!$J$13:$J$27,BD$2)=0)*($P$8:$P$162)/($U$8:$U$162+($U$8:$U$162=0)))
A8: 마케팅1팀 (9~38행)
A9: =IF(E9="","",COUNTA($E$9:E9)) | C9: 마케팅1팀 | Q9: =IF(SUM(L9,N9,P9)=0,"",SUM(L9,N9,P9)) | R9: =IF(L9>0,"영 ","")&IF(N9>0,"이 ","")&IF(P9>0,"기 ","") | S9: =IF(F9="","","W"&ROUNDUP(DAY(F9)/7,0)) | U9: =IF(Q9="",0,ROUNDUP(MAX(L9,N9,P9)/'마스터'!$J$5,0)) | V9: =IF(OR(F9="",U9=0),"",WORKDAY(F9,U9-1,'마스터'!$J$13:$J$27)) | W9: =IF(OR(G9="",V9=""),"",G9-V9) | Z9: =IF(AND($F9<>"",$V9<>"",Z$2>=$F9,Z$2<=$V9,WEEKDAY(Z$2,2)<6,COUNTIF('마스터'!$J$13:$J$27,Z$2)=0),$Q9/$U9,"") | AA9: =IF(AND($F9<>"",$V9<>"",AA$2>=$F9,AA$2<=$V9,WEEKDAY(AA$2,2)<6,COUNTIF('마스터'!$J$13:$J$27,AA$2)=0),$Q9/$U9,"") | AB9: =IF(AND($F9<>"",$V9<>"",AB$2>=$F9,AB$2<=$V9,WEEKDAY(AB$2,2)<6,COUNTIF('마스터'!$J$13:$J$27,AB$2)=0),$Q9/$U9,"") | AC9: =IF(AND($F9<>"",$V9<>"",AC$2>=$F9,AC$2<=$V9,WEEKDAY(AC$2,2)<6,COUNTIF('마스터'!$J$13:$J$27,AC$2)=0),$Q9/$U9,"") | AD9: =IF(AND($F9<>"",$V9<>"",AD$2>=$F9,AD$2<=$V9,WEEKDAY(AD$2,2)<6,COUNTIF('마스터'!$J$13:$J$27,AD$2)=0),$Q9/$U9,"") | AE9: =IF(AND($F9<>"",$V9<>"",AE$2>=$F9,AE$2<=$V9,WEEKDAY(AE$2,2)<6,COUNTIF('마스터'!$J$13:$J$27,AE$2)=0),$Q9/$U9,"") | AF9: =IF(AND($F9<>"",$V9<>"",AF$2>=$F9,AF$2<=$V9,WEEKDAY(AF$2,2)<6,COUNTIF('마스터'!$J$13:$J$27,AF$2)=0),$Q9/$U9,"") | AG9: =IF(AND($F9<>"",$V9<>"",AG$2>=$F9,AG$2<=$V9,WEEKDAY(AG$2,2)<6,COUNTIF('마스터'!$J$13:$J$27,AG$2)=0),$Q9/$U9,"") | ... BD9: =IF(AND($F9<>"",$V9<>"",BD$2>=$F9,BD$2<=$V9,WEEKDAY(BD$2,2)<6,COUNTIF('마스터'!$J$13:$J$27,BD$2)=0),$Q9/$U9,"")
A10: =IF(E10="","",COUNTA($E$9:E10)) | C10: 마케팅1팀 | Q10: =IF(SUM(L10,N10,P10)=0,"",SUM(L10,N10,P10)) | R10: =IF(L10>0,"영 ","")&IF(N10>0,"이 ","")&IF(P10>0,"기 ","") | S10: =IF(F10="","","W"&ROUNDUP(DAY(F10)/7,0)) | U10: =IF(Q10="",0,ROUNDUP(MAX(L10,N10,P10)/'마스터'!$J$5,0)) | V10: =IF(OR(F10="",U10=0),"",WORKDAY(F10,U10-1,'마스터'!$J$13:$J$27)) | W10: =IF(OR(G10="",V10=""),"",G10-V10) | Z10: =IF(AND($F10<>"",$V10<>"",Z$2>=$F10,Z$2<=$V10,WEEKDAY(Z$2,2)<6,COUNTIF('마스터'!$J$13:$J$27,Z$2)=0),$Q10/$U10,"") | AA10: =IF(AND($F10<>"",$V10<>"",AA$2>=$F10,AA$2<=$V10,WEEKDAY(AA$2,2)<6,COUNTIF('마스터'!$J$13:$J$27,AA$2)=0),$Q10/$U10,"") | AB10: =IF(AND($F10<>"",$V10<>"",AB$2>=$F10,AB$2<=$V10,WEEKDAY(AB$2,2)<6,COUNTIF('마스터'!$J$13:$J$27,AB$2)=0),$Q10/$U10,"") | AC10: =IF(AND($F10<>"",$V10<>"",AC$2>=$F10,AC$2<=$V10,WEEKDAY(AC$2,2)<6,COUNTIF('마스터'!$J$13:$J$27,AC$2)=0),$Q10/$U10,"") | AD10: =IF(AND($F10<>"",$V10<>"",AD$2>=$F10,AD$2<=$V10,WEEKDAY(AD$2,2)<6,COUNTIF('마스터'!$J$13:$J$27,AD$2)=0),$Q10/$U10,"") | AE10: =IF(AND($F10<>"",$V10<>"",AE$2>=$F10,AE$2<=$V10,WEEKDAY(AE$2,2)<6,COUNTIF('마스터'!$J$13:$J$27,AE$2)=0),$Q10/$U10,"") | AF10: =IF(AND($F10<>"",$V10<>"",AF$2>=$F10,AF$2<=$V10,WEEKDAY(AF$2,2)<6,COUNTIF('마스터'!$J$13:$J$27,AF$2)=0),$Q10/$U10,"") | AG10: =IF(AND($F10<>"",$V10<>"",AG$2>=$F10,AG$2<=$V10,WEEKDAY(AG$2,2)<6,COUNTIF('마스터'!$J$13:$J$27,AG$2)=0),$Q10/$U10,"") | ... BD10: =IF(AND($F10<>"",$V10<>"",BD$2>=$F10,BD$2<=$V10,WEEKDAY(BD$2,2)<6,COUNTIF('마스터'!$J$13:$J$27,BD$2)=0),$Q10/$U10,"")
A11: =IF(E11="","",COUNTA($E$9:E11)) | C11: 마케팅1팀 | Q11: =IF(SUM(L11,N11,P11)=0,"",SUM(L11,N11,P11)) | R11: =IF(L11>0,"영 ","")&IF(N11>0,"이 ","")&IF(P11>0,"기 ","") | S11: =IF(F11="","","W"&ROUNDUP(DAY(F11)/7,0)) | U11: =IF(Q11="",0,ROUNDUP(MAX(L11,N11,P11)/'마스터'!$J$5,0)) | V11: =IF(OR(F11="",U11=0),"",WORKDAY(F11,U11-1,'마스터'!$J$13:$J$27)) | W11: =IF(OR(G11="",V11=""),"",G11-V11) | Z11: =IF(AND($F11<>"",$V11<>"",Z$2>=$F11,Z$2<=$V11,WEEKDAY(Z$2,2)<6,COUNTIF('마스터'!$J$13:$J$27,Z$2)=0),$Q11/$U11,"") | AA11: =IF(AND($F11<>"",$V11<>"",AA$2>=$F11,AA$2<=$V11,WEEKDAY(AA$2,2)<6,COUNTIF('마스터'!$J$13:$J$27,AA$2)=0),$Q11/$U11,"") | AB11: =IF(AND($F11<>"",$V11<>"",AB$2>=$F11,AB$2<=$V11,WEEKDAY(AB$2,2)<6,COUNTIF('마스터'!$J$13:$J$27,AB$2)=0),$Q11/$U11,"") | AC11: =IF(AND($F11<>"",$V11<>"",AC$2>=$F11,AC$2<=$V11,WEEKDAY(AC$2,2)<6,COUNTIF('마스터'!$J$13:$J$27,AC$2)=0),$Q11/$U11,"") | AD11: =IF(AND($F11<>"",$V11<>"",AD$2>=$F11,AD$2<=$V11,WEEKDAY(AD$2,2)<6,COUNTIF('마스터'!$J$13:$J$27,AD$2)=0),$Q11/$U11,"") | AE11: =IF(AND($F11<>"",$V11<>"",AE$2>=$F11,AE$2<=$V11,WEEKDAY(AE$2,2)<6,COUNTIF('마스터'!$J$13:$J$27,AE$2)=0),$Q11/$U11,"") | AF11: =IF(AND($F11<>"",$V11<>"",AF$2>=$F11,AF$2<=$V11,WEEKDAY(AF$2,2)<6,COUNTIF('마스터'!$J$13:$J$27,AF$2)=0),$Q11/$U11,"") | AG11: =IF(AND($F11<>"",$V11<>"",AG$2>=$F11,AG$2<=$V11,WEEKDAY(AG$2,2)<6,COUNTIF('마스터'!$J$13:$J$27,AG$2)=0),$Q11/$U11,"") | ... BD11: =IF(AND($F11<>"",$V11<>"",BD$2>=$F11,BD$2<=$V11,WEEKDAY(BD$2,2)<6,COUNTIF('마스터'!$J$13:$J$27,BD$2)=0),$Q11/$U11,"")
A12: =IF(E12="","",COUNTA($E$9:E12)) | C12: 마케팅1팀 | Q12: =IF(SUM(L12,N12,P12)=0,"",SUM(L12,N12,P12)) | R12: =IF(L12>0,"영 ","")&IF(N12>0,"이 ","")&IF(P12>0,"기 ","") | S12: =IF(F12="","","W"&ROUNDUP(DAY(F12)/7,0)) | U12: =IF(Q12="",0,ROUNDUP(MAX(L12,N12,P12)/'마스터'!$J$5,0)) | V12: =IF(OR(F12="",U12=0),"",WORKDAY(F12,U12-1,'마스터'!$J$13:$J$27)) | W12: =IF(OR(G12="",V12=""),"",G12-V12) | Z12: =IF(AND($F12<>"",$V12<>"",Z$2>=$F12,Z$2<=$V12,WEEKDAY(Z$2,2)<6,COUNTIF('마스터'!$J$13:$J$27,Z$2)=0),$Q12/$U12,"") | AA12: =IF(AND($F12<>"",$V12<>"",AA$2>=$F12,AA$2<=$V12,WEEKDAY(AA$2,2)<6,COUNTIF('마스터'!$J$13:$J$27,AA$2)=0),$Q12/$U12,"") | AB12: =IF(AND($F12<>"",$V12<>"",AB$2>=$F12,AB$2<=$V12,WEEKDAY(AB$2,2)<6,COUNTIF('마스터'!$J$13:$J$27,AB$2)=0),$Q12/$U12,"") | AC12: =IF(AND($F12<>"",$V12<>"",AC$2>=$F12,AC$2<=$V12,WEEKDAY(AC$2,2)<6,COUNTIF('마스터'!$J$13:$J$27,AC$2)=0),$Q12/$U12,"") | AD12: =IF(AND($F12<>"",$V12<>"",AD$2>=$F12,AD$2<=$V12,WEEKDAY(AD$2,2)<6,COUNTIF('마스터'!$J$13:$J$27,AD$2)=0),$Q12/$U12,"") | AE12: =IF(AND($F12<>"",$V12<>"",AE$2>=$F12,AE$2<=$V12,WEEKDAY(AE$2,2)<6,COUNTIF('마스터'!$J$13:$J$27,AE$2)=0),$Q12/$U12,"") | AF12: =IF(AND($F12<>"",$V12<>"",AF$2>=$F12,AF$2<=$V12,WEEKDAY(AF$2,2)<6,COUNTIF('마스터'!$J$13:$J$27,AF$2)=0),$Q12/$U12,"") | AG12: =IF(AND($F12<>"",$V12<>"",AG$2>=$F12,AG$2<=$V12,WEEKDAY(AG$2,2)<6,COUNTIF('마스터'!$J$13:$J$27,AG$2)=0),$Q12/$U12,"") | ... BD12: =IF(AND($F12<>"",$V12<>"",BD$2>=$F12,BD$2<=$V12,WEEKDAY(BD$2,2)<6,COUNTIF('마스터'!$J$13:$J$27,BD$2)=0),$Q12/$U12,"")
A13: =IF(E13="","",COUNTA($E$9:E13)) | C13: 마케팅1팀 | Q13: =IF(SUM(L13,N13,P13)=0,"",SUM(L13,N13,P13)) | R13: =IF(L13>0,"영 ","")&IF(N13>0,"이 ","")&IF(P13>0,"기 ","") | S13: =IF(F13="","","W"&ROUNDUP(DAY(F13)/7,0)) | U13: =IF(Q13="",0,ROUNDUP(MAX(L13,N13,P13)/'마스터'!$J$5,0)) | V13: =IF(OR(F13="",U13=0),"",WORKDAY(F13,U13-1,'마스터'!$J$13:$J$27)) | W13: =IF(OR(G13="",V13=""),"",G13-V13) | Z13: =IF(AND($F13<>"",$V13<>"",Z$2>=$F13,Z$2<=$V13,WEEKDAY(Z$2,2)<6,COUNTIF('마스터'!$J$13:$J$27,Z$2)=0),$Q13/$U13,"") | AA13: =IF(AND($F13<>"",$V13<>"",AA$2>=$F13,AA$2<=$V13,WEEKDAY(AA$2,2)<6,COUNTIF('마스터'!$J$13:$J$27,AA$2)=0),$Q13/$U13,"") | AB13: =IF(AND($F13<>"",$V13<>"",AB$2>=$F13,AB$2<=$V13,WEEKDAY(AB$2,2)<6,COUNTIF('마스터'!$J$13:$J$27,AB$2)=0),$Q13/$U13,"") | AC13: =IF(AND($F13<>"",$V13<>"",AC$2>=$F13,AC$2<=$V13,WEEKDAY(AC$2,2)<6,COUNTIF('마스터'!$J$13:$J$27,AC$2)=0),$Q13/$U13,"") | AD13: =IF(AND($F13<>"",$V13<>"",AD$2>=$F13,AD$2<=$V13,WEEKDAY(AD$2,2)<6,COUNTIF('마스터'!$J$13:$J$27,AD$2)=0),$Q13/$U13,"") | AE13: =IF(AND($F13<>"",$V13<>"",AE$2>=$F13,AE$2<=$V13,WEEKDAY(AE$2,2)<6,COUNTIF('마스터'!$J$13:$J$27,AE$2)=0),$Q13/$U13,"") | AF13: =IF(AND($F13<>"",$V13<>"",AF$2>=$F13,AF$2<=$V13,WEEKDAY(AF$2,2)<6,COUNTIF('마스터'!$J$13:$J$27,AF$2)=0),$Q13/$U13,"") | AG13: =IF(AND($F13<>"",$V13<>"",AG$2>=$F13,AG$2<=$V13,WEEKDAY(AG$2,2)<6,COUNTIF('마스터'!$J$13:$J$27,AG$2)=0),$Q13/$U13,"") | ... BD13: =IF(AND($F13<>"",$V13<>"",BD$2>=$F13,BD$2<=$V13,WEEKDAY(BD$2,2)<6,COUNTIF('마스터'!$J$13:$J$27,BD$2)=0),$Q13/$U13,"")
A14: =IF(E14="","",COUNTA($E$9:E14)) | C14: 마케팅1팀 | Q14: =IF(SUM(L14,N14,P14)=0,"",SUM(L14,N14,P14)) | R14: =IF(L14>0,"영 ","")&IF(N14>0,"이 ","")&IF(P14>0,"기 ","") | S14: =IF(F14="","","W"&ROUNDUP(DAY(F14)/7,0)) | U14: =IF(Q14="",0,ROUNDUP(MAX(L14,N14,P14)/'마스터'!$J$5,0)) | V14: =IF(OR(F14="",U14=0),"",WORKDAY(F14,U14-1,'마스터'!$J$13:$J$27)) | W14: =IF(OR(G14="",V14=""),"",G14-V14) | Z14: =IF(AND($F14<>"",$V14<>"",Z$2>=$F14,Z$2<=$V14,WEEKDAY(Z$2,2)<6,COUNTIF('마스터'!$J$13:$J$27,Z$2)=0),$Q14/$U14,"") | AA14: =IF(AND($F14<>"",$V14<>"",AA$2>=$F14,AA$2<=$V14,WEEKDAY(AA$2,2)<6,COUNTIF('마스터'!$J$13:$J$27,AA$2)=0),$Q14/$U14,"") | AB14: =IF(AND($F14<>"",$V14<>"",AB$2>=$F14,AB$2<=$V14,WEEKDAY(AB$2,2)<6,COUNTIF('마스터'!$J$13:$J$27,AB$2)=0),$Q14/$U14,"") | AC14: =IF(AND($F14<>"",$V14<>"",AC$2>=$F14,AC$2<=$V14,WEEKDAY(AC$2,2)<6,COUNTIF('마스터'!$J$13:$J$27,AC$2)=0),$Q14/$U14,"") | AD14: =IF(AND($F14<>"",$V14<>"",AD$2>=$F14,AD$2<=$V14,WEEKDAY(AD$2,2)<6,COUNTIF('마스터'!$J$13:$J$27,AD$2)=0),$Q14/$U14,"") | AE14: =IF(AND($F14<>"",$V14<>"",AE$2>=$F14,AE$2<=$V14,WEEKDAY(AE$2,2)<6,COUNTIF('마스터'!$J$13:$J$27,AE$2)=0),$Q14/$U14,"") | AF14: =IF(AND($F14<>"",$V14<>"",AF$2>=$F14,AF$2<=$V14,WEEKDAY(AF$2,2)<6,COUNTIF('마스터'!$J$13:$J$27,AF$2)=0),$Q14/$U14,"") | AG14: =IF(AND($F14<>"",$V14<>"",AG$2>=$F14,AG$2<=$V14,WEEKDAY(AG$2,2)<6,COUNTIF('마스터'!$J$13:$J$27,AG$2)=0),$Q14/$U14,"") | ... BD14: =IF(AND($F14<>"",$V14<>"",BD$2>=$F14,BD$2<=$V14,WEEKDAY(BD$2,2)<6,COUNTIF('마스터'!$J$13:$J$27,BD$2)=0),$Q14/$U14,"")
A15: =IF(E15="","",COUNTA($E$9:E15)) | C15: 마케팅1팀 | Q15: =IF(SUM(L15,N15,P15)=0,"",SUM(L15,N15,P15)) | R15: =IF(L15>0,"영 ","")&IF(N15>0,"이 ","")&IF(P15>0,"기 ","") | S15: =IF(F15="","","W"&ROUNDUP(DAY(F15)/7,0)) | U15: =IF(Q15="",0,ROUNDUP(MAX(L15,N15,P15)/'마스터'!$J$5,0)) | V15: =IF(OR(F15="",U15=0),"",WORKDAY(F15,U15-1,'마스터'!$J$13:$J$27)) | W15: =IF(OR(G15="",V15=""),"",G15-V15) | Z15: =IF(AND($F15<>"",$V15<>"",Z$2>=$F15,Z$2<=$V15,WEEKDAY(Z$2,2)<6,COUNTIF('마스터'!$J$13:$J$27,Z$2)=0),$Q15/$U15,"") | AA15: =IF(AND($F15<>"",$V15<>"",AA$2>=$F15,AA$2<=$V15,WEEKDAY(AA$2,2)<6,COUNTIF('마스터'!$J$13:$J$27,AA$2)=0),$Q15/$U15,"") | AB15: =IF(AND($F15<>"",$V15<>"",AB$2>=$F15,AB$2<=$V15,WEEKDAY(AB$2,2)<6,COUNTIF('마스터'!$J$13:$J$27,AB$2)=0),$Q15/$U15,"") | AC15: =IF(AND($F15<>"",$V15<>"",AC$2>=$F15,AC$2<=$V15,WEEKDAY(AC$2,2)<6,COUNTIF('마스터'!$J$13:$J$27,AC$2)=0),$Q15/$U15,"") | AD15: =IF(AND($F15<>"",$V15<>"",AD$2>=$F15,AD$2<=$V15,WEEKDAY(AD$2,2)<6,COUNTIF('마스터'!$J$13:$J$27,AD$2)=0),$Q15/$U15,"") | AE15: =IF(AND($F15<>"",$V15<>"",AE$2>=$F15,AE$2<=$V15,WEEKDAY(AE$2,2)<6,COUNTIF('마스터'!$J$13:$J$27,AE$2)=0),$Q15/$U15,"") | AF15: =IF(AND($F15<>"",$V15<>"",AF$2>=$F15,AF$2<=$V15,WEEKDAY(AF$2,2)<6,COUNTIF('마스터'!$J$13:$J$27,AF$2)=0),$Q15/$U15,"") | AG15: =IF(AND($F15<>"",$V15<>"",AG$2>=$F15,AG$2<=$V15,WEEKDAY(AG$2,2)<6,COUNTIF('마스터'!$J$13:$J$27,AG$2)=0),$Q15/$U15,"") | ... BD15: =IF(AND($F15<>"",$V15<>"",BD$2>=$F15,BD$2<=$V15,WEEKDAY(BD$2,2)<6,COUNTIF('마스터'!$J$13:$J$27,BD$2)=0),$Q15/$U15,"")
A16: =IF(E16="","",COUNTA($E$9:E16)) | C16: 마케팅1팀 | Q16: =IF(SUM(L16,N16,P16)=0,"",SUM(L16,N16,P16)) | R16: =IF(L16>0,"영 ","")&IF(N16>0,"이 ","")&IF(P16>0,"기 ","") | S16: =IF(F16="","","W"&ROUNDUP(DAY(F16)/7,0)) | U16: =IF(Q16="",0,ROUNDUP(MAX(L16,N16,P16)/'마스터'!$J$5,0)) | V16: =IF(OR(F16="",U16=0),"",WORKDAY(F16,U16-1,'마스터'!$J$13:$J$27)) | W16: =IF(OR(G16="",V16=""),"",G16-V16) | Z16: =IF(AND($F16<>"",$V16<>"",Z$2>=$F16,Z$2<=$V16,WEEKDAY(Z$2,2)<6,COUNTIF('마스터'!$J$13:$J$27,Z$2)=0),$Q16/$U16,"") | AA16: =IF(AND($F16<>"",$V16<>"",AA$2>=$F16,AA$2<=$V16,WEEKDAY(AA$2,2)<6,COUNTIF('마스터'!$J$13:$J$27,AA$2)=0),$Q16/$U16,"") | AB16: =IF(AND($F16<>"",$V16<>"",AB$2>=$F16,AB$2<=$V16,WEEKDAY(AB$2,2)<6,COUNTIF('마스터'!$J$13:$J$27,AB$2)=0),$Q16/$U16,"") | AC16: =IF(AND($F16<>"",$V16<>"",AC$2>=$F16,AC$2<=$V16,WEEKDAY(AC$2,2)<6,COUNTIF('마스터'!$J$13:$J$27,AC$2)=0),$Q16/$U16,"") | AD16: =IF(AND($F16<>"",$V16<>"",AD$2>=$F16,AD$2<=$V16,WEEKDAY(AD$2,2)<6,COUNTIF('마스터'!$J$13:$J$27,AD$2)=0),$Q16/$U16,"") | AE16: =IF(AND($F16<>"",$V16<>"",AE$2>=$F16,AE$2<=$V16,WEEKDAY(AE$2,2)<6,COUNTIF('마스터'!$J$13:$J$27,AE$2)=0),$Q16/$U16,"") | AF16: =IF(AND($F16<>"",$V16<>"",AF$2>=$F16,AF$2<=$V16,WEEKDAY(AF$2,2)<6,COUNTIF('마스터'!$J$13:$J$27,AF$2)=0),$Q16/$U16,"") | AG16: =IF(AND($F16<>"",$V16<>"",AG$2>=$F16,AG$2<=$V16,WEEKDAY(AG$2,2)<6,COUNTIF('마스터'!$J$13:$J$27,AG$2)=0),$Q16/$U16,"") | ... BD16: =IF(AND($F16<>"",$V16<>"",BD$2>=$F16,BD$2<=$V16,WEEKDAY(BD$2,2)<6,COUNTIF('마스터'!$J$13:$J$27,BD$2)=0),$Q16/$U16,"")
A17: =IF(E17="","",COUNTA($E$9:E17)) | C17: 마케팅1팀 | Q17: =IF(SUM(L17,N17,P17)=0,"",SUM(L17,N17,P17)) | R17: =IF(L17>0,"영 ","")&IF(N17>0,"이 ","")&IF(P17>0,"기 ","") | S17: =IF(F17="","","W"&ROUNDUP(DAY(F17)/7,0)) | U17: =IF(Q17="",0,ROUNDUP(MAX(L17,N17,P17)/'마스터'!$J$5,0)) | V17: =IF(OR(F17="",U17=0),"",WORKDAY(F17,U17-1,'마스터'!$J$13:$J$27)) | W17: =IF(OR(G17="",V17=""),"",G17-V17) | Z17: =IF(AND($F17<>"",$V17<>"",Z$2>=$F17,Z$2<=$V17,WEEKDAY(Z$2,2)<6,COUNTIF('마스터'!$J$13:$J$27,Z$2)=0),$Q17/$U17,"") | AA17: =IF(AND($F17<>"",$V17<>"",AA$2>=$F17,AA$2<=$V17,WEEKDAY(AA$2,2)<6,COUNTIF('마스터'!$J$13:$J$27,AA$2)=0),$Q17/$U17,"") | AB17: =IF(AND($F17<>"",$V17<>"",AB$2>=$F17,AB$2<=$V17,WEEKDAY(AB$2,2)<6,COUNTIF('마스터'!$J$13:$J$27,AB$2)=0),$Q17/$U17,"") | AC17: =IF(AND($F17<>"",$V17<>"",AC$2>=$F17,AC$2<=$V17,WEEKDAY(AC$2,2)<6,COUNTIF('마스터'!$J$13:$J$27,AC$2)=0),$Q17/$U17,"") | AD17: =IF(AND($F17<>"",$V17<>"",AD$2>=$F17,AD$2<=$V17,WEEKDAY(AD$2,2)<6,COUNTIF('마스터'!$J$13:$J$27,AD$2)=0),$Q17/$U17,"") | AE17: =IF(AND($F17<>"",$V17<>"",AE$2>=$F17,AE$2<=$V17,WEEKDAY(AE$2,2)<6,COUNTIF('마스터'!$J$13:$J$27,AE$2)=0),$Q17/$U17,"") | AF17: =IF(AND($F17<>"",$V17<>"",AF$2>=$F17,AF$2<=$V17,WEEKDAY(AF$2,2)<6,COUNTIF('마스터'!$J$13:$J$27,AF$2)=0),$Q17/$U17,"") | AG17: =IF(AND($F17<>"",$V17<>"",AG$2>=$F17,AG$2<=$V17,WEEKDAY(AG$2,2)<6,COUNTIF('마스터'!$J$13:$J$27,AG$2)=0),$Q17/$U17,"") | ... BD17: =IF(AND($F17<>"",$V17<>"",BD$2>=$F17,BD$2<=$V17,WEEKDAY(BD$2,2)<6,COUNTIF('마스터'!$J$13:$J$27,BD$2)=0),$Q17/$U17,"")
A18: =IF(E18="","",COUNTA($E$9:E18)) | C18: 마케팅1팀 | Q18: =IF(SUM(L18,N18,P18)=0,"",SUM(L18,N18,P18)) | R18: =IF(L18>0,"영 ","")&IF(N18>0,"이 ","")&IF(P18>0,"기 ","") | S18: =IF(F18="","","W"&ROUNDUP(DAY(F18)/7,0)) | U18: =IF(Q18="",0,ROUNDUP(MAX(L18,N18,P18)/'마스터'!$J$5,0)) | V18: =IF(OR(F18="",U18=0),"",WORKDAY(F18,U18-1,'마스터'!$J$13:$J$27)) | W18: =IF(OR(G18="",V18=""),"",G18-V18) | Z18: =IF(AND($F18<>"",$V18<>"",Z$2>=$F18,Z$2<=$V18,WEEKDAY(Z$2,2)<6,COUNTIF('마스터'!$J$13:$J$27,Z$2)=0),$Q18/$U18,"") | AA18: =IF(AND($F18<>"",$V18<>"",AA$2>=$F18,AA$2<=$V18,WEEKDAY(AA$2,2)<6,COUNTIF('마스터'!$J$13:$J$27,AA$2)=0),$Q18/$U18,"") | AB18: =IF(AND($F18<>"",$V18<>"",AB$2>=$F18,AB$2<=$V18,WEEKDAY(AB$2,2)<6,COUNTIF('마스터'!$J$13:$J$27,AB$2)=0),$Q18/$U18,"") | AC18: =IF(AND($F18<>"",$V18<>"",AC$2>=$F18,AC$2<=$V18,WEEKDAY(AC$2,2)<6,COUNTIF('마스터'!$J$13:$J$27,AC$2)=0),$Q18/$U18,"") | AD18: =IF(AND($F18<>"",$V18<>"",AD$2>=$F18,AD$2<=$V18,WEEKDAY(AD$2,2)<6,COUNTIF('마스터'!$J$13:$J$27,AD$2)=0),$Q18/$U18,"") | AE18: =IF(AND($F18<>"",$V18<>"",AE$2>=$F18,AE$2<=$V18,WEEKDAY(AE$2,2)<6,COUNTIF('마스터'!$J$13:$J$27,AE$2)=0),$Q18/$U18,"") | AF18: =IF(AND($F18<>"",$V18<>"",AF$2>=$F18,AF$2<=$V18,WEEKDAY(AF$2,2)<6,COUNTIF('마스터'!$J$13:$J$27,AF$2)=0),$Q18/$U18,"") | AG18: =IF(AND($F18<>"",$V18<>"",AG$2>=$F18,AG$2<=$V18,WEEKDAY(AG$2,2)<6,COUNTIF('마스터'!$J$13:$J$27,AG$2)=0),$Q18/$U18,"") | ... BD18: =IF(AND($F18<>"",$V18<>"",BD$2>=$F18,BD$2<=$V18,WEEKDAY(BD$2,2)<6,COUNTIF('마스터'!$J$13:$J$27,BD$2)=0),$Q18/$U18,"")
A19: =IF(E19="","",COUNTA($E$9:E19)) | C19: 마케팅1팀 | Q19: =IF(SUM(L19,N19,P19)=0,"",SUM(L19,N19,P19)) | R19: =IF(L19>0,"영 ","")&IF(N19>0,"이 ","")&IF(P19>0,"기 ","") | S19: =IF(F19="","","W"&ROUNDUP(DAY(F19)/7,0)) | U19: =IF(Q19="",0,ROUNDUP(MAX(L19,N19,P19)/'마스터'!$J$5,0)) | V19: =IF(OR(F19="",U19=0),"",WORKDAY(F19,U19-1,'마스터'!$J$13:$J$27)) | W19: =IF(OR(G19="",V19=""),"",G19-V19) | Z19: =IF(AND($F19<>"",$V19<>"",Z$2>=$F19,Z$2<=$V19,WEEKDAY(Z$2,2)<6,COUNTIF('마스터'!$J$13:$J$27,Z$2)=0),$Q19/$U19,"") | AA19: =IF(AND($F19<>"",$V19<>"",AA$2>=$F19,AA$2<=$V19,WEEKDAY(AA$2,2)<6,COUNTIF('마스터'!$J$13:$J$27,AA$2)=0),$Q19/$U19,"") | AB19: =IF(AND($F19<>"",$V19<>"",AB$2>=$F19,AB$2<=$V19,WEEKDAY(AB$2,2)<6,COUNTIF('마스터'!$J$13:$J$27,AB$2)=0),$Q19/$U19,"") | AC19: =IF(AND($F19<>"",$V19<>"",AC$2>=$F19,AC$2<=$V19,WEEKDAY(AC$2,2)<6,COUNTIF('마스터'!$J$13:$J$27,AC$2)=0),$Q19/$U19,"") | AD19: =IF(AND($F19<>"",$V19<>"",AD$2>=$F19,AD$2<=$V19,WEEKDAY(AD$2,2)<6,COUNTIF('마스터'!$J$13:$J$27,AD$2)=0),$Q19/$U19,"") | AE19: =IF(AND($F19<>"",$V19<>"",AE$2>=$F19,AE$2<=$V19,WEEKDAY(AE$2,2)<6,COUNTIF('마스터'!$J$13:$J$27,AE$2)=0),$Q19/$U19,"") | AF19: =IF(AND($F19<>"",$V19<>"",AF$2>=$F19,AF$2<=$V19,WEEKDAY(AF$2,2)<6,COUNTIF('마스터'!$J$13:$J$27,AF$2)=0),$Q19/$U19,"") | AG19: =IF(AND($F19<>"",$V19<>"",AG$2>=$F19,AG$2<=$V19,WEEKDAY(AG$2,2)<6,COUNTIF('마스터'!$J$13:$J$27,AG$2)=0),$Q19/$U19,"") | ... BD19: =IF(AND($F19<>"",$V19<>"",BD$2>=$F19,BD$2<=$V19,WEEKDAY(BD$2,2)<6,COUNTIF('마스터'!$J$13:$J$27,BD$2)=0),$Q19/$U19,"")
A20: =IF(E20="","",COUNTA($E$9:E20)) | C20: 마케팅1팀 | Q20: =IF(SUM(L20,N20,P20)=0,"",SUM(L20,N20,P20)) | R20: =IF(L20>0,"영 ","")&IF(N20>0,"이 ","")&IF(P20>0,"기 ","") | S20: =IF(F20="","","W"&ROUNDUP(DAY(F20)/7,0)) | U20: =IF(Q20="",0,ROUNDUP(MAX(L20,N20,P20)/'마스터'!$J$5,0)) | V20: =IF(OR(F20="",U20=0),"",WORKDAY(F20,U20-1,'마스터'!$J$13:$J$27)) | W20: =IF(OR(G20="",V20=""),"",G20-V20) | Z20: =IF(AND($F20<>"",$V20<>"",Z$2>=$F20,Z$2<=$V20,WEEKDAY(Z$2,2)<6,COUNTIF('마스터'!$J$13:$J$27,Z$2)=0),$Q20/$U20,"") | AA20: =IF(AND($F20<>"",$V20<>"",AA$2>=$F20,AA$2<=$V20,WEEKDAY(AA$2,2)<6,COUNTIF('마스터'!$J$13:$J$27,AA$2)=0),$Q20/$U20,"") | AB20: =IF(AND($F20<>"",$V20<>"",AB$2>=$F20,AB$2<=$V20,WEEKDAY(AB$2,2)<6,COUNTIF('마스터'!$J$13:$J$27,AB$2)=0),$Q20/$U20,"") | AC20: =IF(AND($F20<>"",$V20<>"",AC$2>=$F20,AC$2<=$V20,WEEKDAY(AC$2,2)<6,COUNTIF('마스터'!$J$13:$J$27,AC$2)=0),$Q20/$U20,"") | AD20: =IF(AND($F20<>"",$V20<>"",AD$2>=$F20,AD$2<=$V20,WEEKDAY(AD$2,2)<6,COUNTIF('마스터'!$J$13:$J$27,AD$2)=0),$Q20/$U20,"") | AE20: =IF(AND($F20<>"",$V20<>"",AE$2>=$F20,AE$2<=$V20,WEEKDAY(AE$2,2)<6,COUNTIF('마스터'!$J$13:$J$27,AE$2)=0),$Q20/$U20,"") | AF20: =IF(AND($F20<>"",$V20<>"",AF$2>=$F20,AF$2<=$V20,WEEKDAY(AF$2,2)<6,COUNTIF('마스터'!$J$13:$J$27,AF$2)=0),$Q20/$U20,"") | AG20: =IF(AND($F20<>"",$V20<>"",AG$2>=$F20,AG$2<=$V20,WEEKDAY(AG$2,2)<6,COUNTIF('마스터'!$J$13:$J$27,AG$2)=0),$Q20/$U20,"") | ... BD20: =IF(AND($F20<>"",$V20<>"",BD$2>=$F20,BD$2<=$V20,WEEKDAY(BD$2,2)<6,COUNTIF('마스터'!$J$13:$J$27,BD$2)=0),$Q20/$U20,"")
... A38: =IF(E38="","",COUNTA($E$9:E38)) | C38: 마케팅1팀 | Q38: =IF(SUM(L38,N38,P38)=0,"",SUM(L38,N38,P38)) | R38: =IF(L38>0,"영 ","")&IF(N38>0,"이 ","")&IF(P38>0,"기 ","") | S38: =IF(F38="","","W"&ROUNDUP(DAY(F38)/7,0)) | U38: =IF(Q38="",0,ROUNDUP(MAX(L38,N38,P38)/'마스터'!$J$5,0)) | V38: =IF(OR(F38="",U38=0),"",WORKDAY(F38,U38-1,'마스터'!$J$13:$J$27)) | W38: =IF(OR(G38="",V38=""),"",G38-V38) | Z38: =IF(AND($F38<>"",$V38<>"",Z$2>=$F38,Z$2<=$V38,WEEKDAY(Z$2,2)<6,COUNTIF('마스터'!$J$13:$J$27,Z$2)=0),$Q38/$U38,"") | AA38: =IF(AND($F38<>"",$V38<>"",AA$2>=$F38,AA$2<=$V38,WEEKDAY(AA$2,2)<6,COUNTIF('마스터'!$J$13:$J$27,AA$2)=0),$Q38/$U38,"") | AB38: =IF(AND($F38<>"",$V38<>"",AB$2>=$F38,AB$2<=$V38,WEEKDAY(AB$2,2)<6,COUNTIF('마스터'!$J$13:$J$27,AB$2)=0),$Q38/$U38,"") | AC38: =IF(AND($F38<>"",$V38<>"",AC$2>=$F38,AC$2<=$V38,WEEKDAY(AC$2,2)<6,COUNTIF('마스터'!$J$13:$J$27,AC$2)=0),$Q38/$U38,"") | AD38: =IF(AND($F38<>"",$V38<>"",AD$2>=$F38,AD$2<=$V38,WEEKDAY(AD$2,2)<6,COUNTIF('마스터'!$J$13:$J$27,AD$2)=0),$Q38/$U38,"") | AE38: =IF(AND($F38<>"",$V38<>"",AE$2>=$F38,AE$2<=$V38,WEEKDAY(AE$2,2)<6,COUNTIF('마스터'!$J$13:$J$27,AE$2)=0),$Q38/$U38,"") | AF38: =IF(AND($F38<>"",$V38<>"",AF$2>=$F38,AF$2<=$V38,WEEKDAY(AF$2,2)<6,COUNTIF('마스터'!$J$13:$J$27,AF$2)=0),$Q38/$U38,"") | AG38: =IF(AND($F38<>"",$V38<>"",AG$2>=$F38,AG$2<=$V38,WEEKDAY(AG$2,2)<6,COUNTIF('마스터'!$J$13:$J$27,AG$2)=0),$Q38/$U38,"") | ... BD38: =IF(AND($F38<>"",$V38<>"",BD$2>=$F38,BD$2<=$V38,WEEKDAY(BD$2,2)<6,COUNTIF('마스터'!$J$13:$J$27,BD$2)=0),$Q38/$U38,"")
A39: 마케팅2팀 (40~69행)
A40: =IF(E40="","",COUNTA($E$40:E40)) | C40: 마케팅2팀 | Q40: =IF(SUM(L40,N40,P40)=0,"",SUM(L40,N40,P40)) | R40: =IF(L40>0,"영 ","")&IF(N40>0,"이 ","")&IF(P40>0,"기 ","") | S40: =IF(F40="","","W"&ROUNDUP(DAY(F40)/7,0)) | U40: =IF(Q40="",0,ROUNDUP(MAX(L40,N40,P40)/'마스터'!$J$5,0)) | V40: =IF(OR(F40="",U40=0),"",WORKDAY(F40,U40-1,'마스터'!$J$13:$J$27)) | W40: =IF(OR(G40="",V40=""),"",G40-V40) | Z40: =IF(AND($F40<>"",$V40<>"",Z$2>=$F40,Z$2<=$V40,WEEKDAY(Z$2,2)<6,COUNTIF('마스터'!$J$13:$J$27,Z$2)=0),$Q40/$U40,"") | AA40: =IF(AND($F40<>"",$V40<>"",AA$2>=$F40,AA$2<=$V40,WEEKDAY(AA$2,2)<6,COUNTIF('마스터'!$J$13:$J$27,AA$2)=0),$Q40/$U40,"") | AB40: =IF(AND($F40<>"",$V40<>"",AB$2>=$F40,AB$2<=$V40,WEEKDAY(AB$2,2)<6,COUNTIF('마스터'!$J$13:$J$27,AB$2)=0),$Q40/$U40,"") | AC40: =IF(AND($F40<>"",$V40<>"",AC$2>=$F40,AC$2<=$V40,WEEKDAY(AC$2,2)<6,COUNTIF('마스터'!$J$13:$J$27,AC$2)=0),$Q40/$U40,"") | AD40: =IF(AND($F40<>"",$V40<>"",AD$2>=$F40,AD$2<=$V40,WEEKDAY(AD$2,2)<6,COUNTIF('마스터'!$J$13:$J$27,AD$2)=0),$Q40/$U40,"") | AE40: =IF(AND($F40<>"",$V40<>"",AE$2>=$F40,AE$2<=$V40,WEEKDAY(AE$2,2)<6,COUNTIF('마스터'!$J$13:$J$27,AE$2)=0),$Q40/$U40,"") | AF40: =IF(AND($F40<>"",$V40<>"",AF$2>=$F40,AF$2<=$V40,WEEKDAY(AF$2,2)<6,COUNTIF('마스터'!$J$13:$J$27,AF$2)=0),$Q40/$U40,"") | AG40: =IF(AND($F40<>"",$V40<>"",AG$2>=$F40,AG$2<=$V40,WEEKDAY(AG$2,2)<6,COUNTIF('마스터'!$J$13:$J$27,AG$2)=0),$Q40/$U40,"") | ... BD40: =IF(AND($F40<>"",$V40<>"",BD$2>=$F40,BD$2<=$V40,WEEKDAY(BD$2,2)<6,COUNTIF('마스터'!$J$13:$J$27,BD$2)=0),$Q40/$U40,"")
A41: =IF(E41="","",COUNTA($E$40:E41)) | C41: 마케팅2팀 | Q41: =IF(SUM(L41,N41,P41)=0,"",SUM(L41,N41,P41)) | R41: =IF(L41>0,"영 ","")&IF(N41>0,"이 ","")&IF(P41>0,"기 ","") | S41: =IF(F41="","","W"&ROUNDUP(DAY(F41)/7,0)) | U41: =IF(Q41="",0,ROUNDUP(MAX(L41,N41,P41)/'마스터'!$J$5,0)) | V41: =IF(OR(F41="",U41=0),"",WORKDAY(F41,U41-1,'마스터'!$J$13:$J$27)) | W41: =IF(OR(G41="",V41=""),"",G41-V41) | Z41: =IF(AND($F41<>"",$V41<>"",Z$2>=$F41,Z$2<=$V41,WEEKDAY(Z$2,2)<6,COUNTIF('마스터'!$J$13:$J$27,Z$2)=0),$Q41/$U41,"") | AA41: =IF(AND($F41<>"",$V41<>"",AA$2>=$F41,AA$2<=$V41,WEEKDAY(AA$2,2)<6,COUNTIF('마스터'!$J$13:$J$27,AA$2)=0),$Q41/$U41,"") | AB41: =IF(AND($F41<>"",$V41<>"",AB$2>=$F41,AB$2<=$V41,WEEKDAY(AB$2,2)<6,COUNTIF('마스터'!$J$13:$J$27,AB$2)=0),$Q41/$U41,"") | AC41: =IF(AND($F41<>"",$V41<>"",AC$2>=$F41,AC$2<=$V41,WEEKDAY(AC$2,2)<6,COUNTIF('마스터'!$J$13:$J$27,AC$2)=0),$Q41/$U41,"") | AD41: =IF(AND($F41<>"",$V41<>"",AD$2>=$F41,AD$2<=$V41,WEEKDAY(AD$2,2)<6,COUNTIF('마스터'!$J$13:$J$27,AD$2)=0),$Q41/$U41,"") | AE41: =IF(AND($F41<>"",$V41<>"",AE$2>=$F41,AE$2<=$V41,WEEKDAY(AE$2,2)<6,COUNTIF('마스터'!$J$13:$J$27,AE$2)=0),$Q41/$U41,"") | AF41: =IF(AND($F41<>"",$V41<>"",AF$2>=$F41,AF$2<=$V41,WEEKDAY(AF$2,2)<6,COUNTIF('마스터'!$J$13:$J$27,AF$2)=0),$Q41/$U41,"") | AG41: =IF(AND($F41<>"",$V41<>"",AG$2>=$F41,AG$2<=$V41,WEEKDAY(AG$2,2)<6,COUNTIF('마스터'!$J$13:$J$27,AG$2)=0),$Q41/$U41,"") | ... BD41: =IF(AND($F41<>"",$V41<>"",BD$2>=$F41,BD$2<=$V41,WEEKDAY(BD$2,2)<6,COUNTIF('마스터'!$J$13:$J$27,BD$2)=0),$Q41/$U41,"")
A42: =IF(E42="","",COUNTA($E$40:E42)) | C42: 마케팅2팀 | Q42: =IF(SUM(L42,N42,P42)=0,"",SUM(L42,N42,P42)) | R42: =IF(L42>0,"영 ","")&IF(N42>0,"이 ","")&IF(P42>0,"기 ","") | S42: =IF(F42="","","W"&ROUNDUP(DAY(F42)/7,0)) | U42: =IF(Q42="",0,ROUNDUP(MAX(L42,N42,P42)/'마스터'!$J$5,0)) | V42: =IF(OR(F42="",U42=0),"",WORKDAY(F42,U42-1,'마스터'!$J$13:$J$27)) | W42: =IF(OR(G42="",V42=""),"",G42-V42) | Z42: =IF(AND($F42<>"",$V42<>"",Z$2>=$F42,Z$2<=$V42,WEEKDAY(Z$2,2)<6,COUNTIF('마스터'!$J$13:$J$27,Z$2)=0),$Q42/$U42,"") | AA42: =IF(AND($F42<>"",$V42<>"",AA$2>=$F42,AA$2<=$V42,WEEKDAY(AA$2,2)<6,COUNTIF('마스터'!$J$13:$J$27,AA$2)=0),$Q42/$U42,"") | AB42: =IF(AND($F42<>"",$V42<>"",AB$2>=$F42,AB$2<=$V42,WEEKDAY(AB$2,2)<6,COUNTIF('마스터'!$J$13:$J$27,AB$2)=0),$Q42/$U42,"") | AC42: =IF(AND($F42<>"",$V42<>"",AC$2>=$F42,AC$2<=$V42,WEEKDAY(AC$2,2)<6,COUNTIF('마스터'!$J$13:$J$27,AC$2)=0),$Q42/$U42,"") | AD42: =IF(AND($F42<>"",$V42<>"",AD$2>=$F42,AD$2<=$V42,WEEKDAY(AD$2,2)<6,COUNTIF('마스터'!$J$13:$J$27,AD$2)=0),$Q42/$U42,"") | AE42: =IF(AND($F42<>"",$V42<>"",AE$2>=$F42,AE$2<=$V42,WEEKDAY(AE$2,2)<6,COUNTIF('마스터'!$J$13:$J$27,AE$2)=0),$Q42/$U42,"") | AF42: =IF(AND($F42<>"",$V42<>"",AF$2>=$F42,AF$2<=$V42,WEEKDAY(AF$2,2)<6,COUNTIF('마스터'!$J$13:$J$27,AF$2)=0),$Q42/$U42,"") | AG42: =IF(AND($F42<>"",$V42<>"",AG$2>=$F42,AG$2<=$V42,WEEKDAY(AG$2,2)<6,COUNTIF('마스터'!$J$13:$J$27,AG$2)=0),$Q42/$U42,"") | ... BD42: =IF(AND($F42<>"",$V42<>"",BD$2>=$F42,BD$2<=$V42,WEEKDAY(BD$2,2)<6,COUNTIF('마스터'!$J$13:$J$27,BD$2)=0),$Q42/$U42,"")
A43: =IF(E43="","",COUNTA($E$40:E43)) | C43: 마케팅2팀 | Q43: =IF(SUM(L43,N43,P43)=0,"",SUM(L43,N43,P43)) | R43: =IF(L43>0,"영 ","")&IF(N43>0,"이 ","")&IF(P43>0,"기 ","") | S43: =IF(F43="","","W"&ROUNDUP(DAY(F43)/7,0)) | U43: =IF(Q43="",0,ROUNDUP(MAX(L43,N43,P43)/'마스터'!$J$5,0)) | V43: =IF(OR(F43="",U43=0),"",WORKDAY(F43,U43-1,'마스터'!$J$13:$J$27)) | W43: =IF(OR(G43="",V43=""),"",G43-V43) | Z43: =IF(AND($F43<>"",$V43<>"",Z$2>=$F43,Z$2<=$V43,WEEKDAY(Z$2,2)<6,COUNTIF('마스터'!$J$13:$J$27,Z$2)=0),$Q43/$U43,"") | AA43: =IF(AND($F43<>"",$V43<>"",AA$2>=$F43,AA$2<=$V43,WEEKDAY(AA$2,2)<6,COUNTIF('마스터'!$J$13:$J$27,AA$2)=0),$Q43/$U43,"") | AB43: =IF(AND($F43<>"",$V43<>"",AB$2>=$F43,AB$2<=$V43,WEEKDAY(AB$2,2)<6,COUNTIF('마스터'!$J$13:$J$27,AB$2)=0),$Q43/$U43,"") | AC43: =IF(AND($F43<>"",$V43<>"",AC$2>=$F43,AC$2<=$V43,WEEKDAY(AC$2,2)<6,COUNTIF('마스터'!$J$13:$J$27,AC$2)=0),$Q43/$U43,"") | AD43: =IF(AND($F43<>"",$V43<>"",AD$2>=$F43,AD$2<=$V43,WEEKDAY(AD$2,2)<6,COUNTIF('마스터'!$J$13:$J$27,AD$2)=0),$Q43/$U43,"") | AE43: =IF(AND($F43<>"",$V43<>"",AE$2>=$F43,AE$2<=$V43,WEEKDAY(AE$2,2)<6,COUNTIF('마스터'!$J$13:$J$27,AE$2)=0),$Q43/$U43,"") | AF43: =IF(AND($F43<>"",$V43<>"",AF$2>=$F43,AF$2<=$V43,WEEKDAY(AF$2,2)<6,COUNTIF('마스터'!$J$13:$J$27,AF$2)=0),$Q43/$U43,"") | AG43: =IF(AND($F43<>"",$V43<>"",AG$2>=$F43,AG$2<=$V43,WEEKDAY(AG$2,2)<6,COUNTIF('마스터'!$J$13:$J$27,AG$2)=0),$Q43/$U43,"") | ... BD43: =IF(AND($F43<>"",$V43<>"",BD$2>=$F43,BD$2<=$V43,WEEKDAY(BD$2,2)<6,COUNTIF('마스터'!$J$13:$J$27,BD$2)=0),$Q43/$U43,"")
A44: =IF(E44="","",COUNTA($E$40:E44)) | C44: 마케팅2팀 | Q44: =IF(SUM(L44,N44,P44)=0,"",SUM(L44,N44,P44)) | R44: =IF(L44>0,"영 ","")&IF(N44>0,"이 ","")&IF(P44>0,"기 ","") | S44: =IF(F44="","","W"&ROUNDUP(DAY(F44)/7,0)) | U44: =IF(Q44="",0,ROUNDUP(MAX(L44,N44,P44)/'마스터'!$J$5,0)) | V44: =IF(OR(F44="",U44=0),"",WORKDAY(F44,U44-1,'마스터'!$J$13:$J$27)) | W44: =IF(OR(G44="",V44=""),"",G44-V44) | Z44: =IF(AND($F44<>"",$V44<>"",Z$2>=$F44,Z$2<=$V44,WEEKDAY(Z$2,2)<6,COUNTIF('마스터'!$J$13:$J$27,Z$2)=0),$Q44/$U44,"") | AA44: =IF(AND($F44<>"",$V44<>"",AA$2>=$F44,AA$2<=$V44,WEEKDAY(AA$2,2)<6,COUNTIF('마스터'!$J$13:$J$27,AA$2)=0),$Q44/$U44,"") | AB44: =IF(AND($F44<>"",$V44<>"",AB$2>=$F44,AB$2<=$V44,WEEKDAY(AB$2,2)<6,COUNTIF('마스터'!$J$13:$J$27,AB$2)=0),$Q44/$U44,"") | AC44: =IF(AND($F44<>"",$V44<>"",AC$2>=$F44,AC$2<=$V44,WEEKDAY(AC$2,2)<6,COUNTIF('마스터'!$J$13:$J$27,AC$2)=0),$Q44/$U44,"") | AD44: =IF(AND($F44<>"",$V44<>"",AD$2>=$F44,AD$2<=$V44,WEEKDAY(AD$2,2)<6,COUNTIF('마스터'!$J$13:$J$27,AD$2)=0),$Q44/$U44,"") | AE44: =IF(AND($F44<>"",$V44<>"",AE$2>=$F44,AE$2<=$V44,WEEKDAY(AE$2,2)<6,COUNTIF('마스터'!$J$13:$J$27,AE$2)=0),$Q44/$U44,"") | AF44: =IF(AND($F44<>"",$V44<>"",AF$2>=$F44,AF$2<=$V44,WEEKDAY(AF$2,2)<6,COUNTIF('마스터'!$J$13:$J$27,AF$2)=0),$Q44/$U44,"") | AG44: =IF(AND($F44<>"",$V44<>"",AG$2>=$F44,AG$2<=$V44,WEEKDAY(AG$2,2)<6,COUNTIF('마스터'!$J$13:$J$27,AG$2)=0),$Q44/$U44,"") | ... BD44: =IF(AND($F44<>"",$V44<>"",BD$2>=$F44,BD$2<=$V44,WEEKDAY(BD$2,2)<6,COUNTIF('마스터'!$J$13:$J$27,BD$2)=0),$Q44/$U44,"")
A45: =IF(E45="","",COUNTA($E$40:E45)) | C45: 마케팅2팀 | Q45: =IF(SUM(L45,N45,P45)=0,"",SUM(L45,N45,P45)) | R45: =IF(L45>0,"영 ","")&IF(N45>0,"이 ","")&IF(P45>0,"기 ","") | S45: =IF(F45="","","W"&ROUNDUP(DAY(F45)/7,0)) | U45: =IF(Q45="",0,ROUNDUP(MAX(L45,N45,P45)/'마스터'!$J$5,0)) | V45: =IF(OR(F45="",U45=0),"",WORKDAY(F45,U45-1,'마스터'!$J$13:$J$27)) | W45: =IF(OR(G45="",V45=""),"",G45-V45) | Z45: =IF(AND($F45<>"",$V45<>"",Z$2>=$F45,Z$2<=$V45,WEEKDAY(Z$2,2)<6,COUNTIF('마스터'!$J$13:$J$27,Z$2)=0),$Q45/$U45,"") | AA45: =IF(AND($F45<>"",$V45<>"",AA$2>=$F45,AA$2<=$V45,WEEKDAY(AA$2,2)<6,COUNTIF('마스터'!$J$13:$J$27,AA$2)=0),$Q45/$U45,"") | AB45: =IF(AND($F45<>"",$V45<>"",AB$2>=$F45,AB$2<=$V45,WEEKDAY(AB$2,2)<6,COUNTIF('마스터'!$J$13:$J$27,AB$2)=0),$Q45/$U45,"") | AC45: =IF(AND($F45<>"",$V45<>"",AC$2>=$F45,AC$2<=$V45,WEEKDAY(AC$2,2)<6,COUNTIF('마스터'!$J$13:$J$27,AC$2)=0),$Q45/$U45,"") | AD45: =IF(AND($F45<>"",$V45<>"",AD$2>=$F45,AD$2<=$V45,WEEKDAY(AD$2,2)<6,COUNTIF('마스터'!$J$13:$J$27,AD$2)=0),$Q45/$U45,"") | AE45: =IF(AND($F45<>"",$V45<>"",AE$2>=$F45,AE$2<=$V45,WEEKDAY(AE$2,2)<6,COUNTIF('마스터'!$J$13:$J$27,AE$2)=0),$Q45/$U45,"") | AF45: =IF(AND($F45<>"",$V45<>"",AF$2>=$F45,AF$2<=$V45,WEEKDAY(AF$2,2)<6,COUNTIF('마스터'!$J$13:$J$27,AF$2)=0),$Q45/$U45,"") | AG45: =IF(AND($F45<>"",$V45<>"",AG$2>=$F45,AG$2<=$V45,WEEKDAY(AG$2,2)<6,COUNTIF('마스터'!$J$13:$J$27,AG$2)=0),$Q45/$U45,"") | ... BD45: =IF(AND($F45<>"",$V45<>"",BD$2>=$F45,BD$2<=$V45,WEEKDAY(BD$2,2)<6,COUNTIF('마스터'!$J$13:$J$27,BD$2)=0),$Q45/$U45,"")
A46: =IF(E46="","",COUNTA($E$40:E46)) | C46: 마케팅2팀 | Q46: =IF(SUM(L46,N46,P46)=0,"",SUM(L46,N46,P46)) | R46: =IF(L46>0,"영 ","")&IF(N46>0,"이 ","")&IF(P46>0,"기 ","") | S46: =IF(F46="","","W"&ROUNDUP(DAY(F46)/7,0)) | U46: =IF(Q46="",0,ROUNDUP(MAX(L46,N46,P46)/'마스터'!$J$5,0)) | V46: =IF(OR(F46="",U46=0),"",WORKDAY(F46,U46-1,'마스터'!$J$13:$J$27)) | W46: =IF(OR(G46="",V46=""),"",G46-V46) | Z46: =IF(AND($F46<>"",$V46<>"",Z$2>=$F46,Z$2<=$V46,WEEKDAY(Z$2,2)<6,COUNTIF('마스터'!$J$13:$J$27,Z$2)=0),$Q46/$U46,"") | AA46: =IF(AND($F46<>"",$V46<>"",AA$2>=$F46,AA$2<=$V46,WEEKDAY(AA$2,2)<6,COUNTIF('마스터'!$J$13:$J$27,AA$2)=0),$Q46/$U46,"") | AB46: =IF(AND($F46<>"",$V46<>"",AB$2>=$F46,AB$2<=$V46,WEEKDAY(AB$2,2)<6,COUNTIF('마스터'!$J$13:$J$27,AB$2)=0),$Q46/$U46,"") | AC46: =IF(AND($F46<>"",$V46<>"",AC$2>=$F46,AC$2<=$V46,WEEKDAY(AC$2,2)<6,COUNTIF('마스터'!$J$13:$J$27,AC$2)=0),$Q46/$U46,"") | AD46: =IF(AND($F46<>"",$V46<>"",AD$2>=$F46,AD$2<=$V46,WEEKDAY(AD$2,2)<6,COUNTIF('마스터'!$J$13:$J$27,AD$2)=0),$Q46/$U46,"") | AE46: =IF(AND($F46<>"",$V46<>"",AE$2>=$F46,AE$2<=$V46,WEEKDAY(AE$2,2)<6,COUNTIF('마스터'!$J$13:$J$27,AE$2)=0),$Q46/$U46,"") | AF46: =IF(AND($F46<>"",$V46<>"",AF$2>=$F46,AF$2<=$V46,WEEKDAY(AF$2,2)<6,COUNTIF('마스터'!$J$13:$J$27,AF$2)=0),$Q46/$U46,"") | AG46: =IF(AND($F46<>"",$V46<>"",AG$2>=$F46,AG$2<=$V46,WEEKDAY(AG$2,2)<6,COUNTIF('마스터'!$J$13:$J$27,AG$2)=0),$Q46/$U46,"") | ... BD46: =IF(AND($F46<>"",$V46<>"",BD$2>=$F46,BD$2<=$V46,WEEKDAY(BD$2,2)<6,COUNTIF('마스터'!$J$13:$J$27,BD$2)=0),$Q46/$U46,"")
A47: =IF(E47="","",COUNTA($E$40:E47)) | C47: 마케팅2팀 | Q47: =IF(SUM(L47,N47,P47)=0,"",SUM(L47,N47,P47)) | R47: =IF(L47>0,"영 ","")&IF(N47>0,"이 ","")&IF(P47>0,"기 ","") | S47: =IF(F47="","","W"&ROUNDUP(DAY(F47)/7,0)) | U47: =IF(Q47="",0,ROUNDUP(MAX(L47,N47,P47)/'마스터'!$J$5,0)) | V47: =IF(OR(F47="",U47=0),"",WORKDAY(F47,U47-1,'마스터'!$J$13:$J$27)) | W47: =IF(OR(G47="",V47=""),"",G47-V47) | Z47: =IF(AND($F47<>"",$V47<>"",Z$2>=$F47,Z$2<=$V47,WEEKDAY(Z$2,2)<6,COUNTIF('마스터'!$J$13:$J$27,Z$2)=0),$Q47/$U47,"") | AA47: =IF(AND($F47<>"",$V47<>"",AA$2>=$F47,AA$2<=$V47,WEEKDAY(AA$2,2)<6,COUNTIF('마스터'!$J$13:$J$27,AA$2)=0),$Q47/$U47,"") | AB47: =IF(AND($F47<>"",$V47<>"",AB$2>=$F47,AB$2<=$V47,WEEKDAY(AB$2,2)<6,COUNTIF('마스터'!$J$13:$J$27,AB$2)=0),$Q47/$U47,"") | AC47: =IF(AND($F47<>"",$V47<>"",AC$2>=$F47,AC$2<=$V47,WEEKDAY(AC$2,2)<6,COUNTIF('마스터'!$J$13:$J$27,AC$2)=0),$Q47/$U47,"") | AD47: =IF(AND($F47<>"",$V47<>"",AD$2>=$F47,AD$2<=$V47,WEEKDAY(AD$2,2)<6,COUNTIF('마스터'!$J$13:$J$27,AD$2)=0),$Q47/$U47,"") | AE47: =IF(AND($F47<>"",$V47<>"",AE$2>=$F47,AE$2<=$V47,WEEKDAY(AE$2,2)<6,COUNTIF('마스터'!$J$13:$J$27,AE$2)=0),$Q47/$U47,"") | AF47: =IF(AND($F47<>"",$V47<>"",AF$2>=$F47,AF$2<=$V47,WEEKDAY(AF$2,2)<6,COUNTIF('마스터'!$J$13:$J$27,AF$2)=0),$Q47/$U47,"") | AG47: =IF(AND($F47<>"",$V47<>"",AG$2>=$F47,AG$2<=$V47,WEEKDAY(AG$2,2)<6,COUNTIF('마스터'!$J$13:$J$27,AG$2)=0),$Q47/$U47,"") | ... BD47: =IF(AND($F47<>"",$V47<>"",BD$2>=$F47,BD$2<=$V47,WEEKDAY(BD$2,2)<6,COUNTIF('마스터'!$J$13:$J$27,BD$2)=0),$Q47/$U47,"")
A48: =IF(E48="","",COUNTA($E$40:E48)) | C48: 마케팅2팀 | Q48: =IF(SUM(L48,N48,P48)=0,"",SUM(L48,N48,P48)) | R48: =IF(L48>0,"영 ","")&IF(N48>0,"이 ","")&IF(P48>0,"기 ","") | S48: =IF(F48="","","W"&ROUNDUP(DAY(F48)/7,0)) | U48: =IF(Q48="",0,ROUNDUP(MAX(L48,N48,P48)/'마스터'!$J$5,0)) | V48: =IF(OR(F48="",U48=0),"",WORKDAY(F48,U48-1,'마스터'!$J$13:$J$27)) | W48: =IF(OR(G48="",V48=""),"",G48-V48) | Z48: =IF(AND($F48<>"",$V48<>"",Z$2>=$F48,Z$2<=$V48,WEEKDAY(Z$2,2)<6,COUNTIF('마스터'!$J$13:$J$27,Z$2)=0),$Q48/$U48,"") | AA48: =IF(AND($F48<>"",$V48<>"",AA$2>=$F48,AA$2<=$V48,WEEKDAY(AA$2,2)<6,COUNTIF('마스터'!$J$13:$J$27,AA$2)=0),$Q48/$U48,"") | AB48: =IF(AND($F48<>"",$V48<>"",AB$2>=$F48,AB$2<=$V48,WEEKDAY(AB$2,2)<6,COUNTIF('마스터'!$J$13:$J$27,AB$2)=0),$Q48/$U48,"") | AC48: =IF(AND($F48<>"",$V48<>"",AC$2>=$F48,AC$2<=$V48,WEEKDAY(AC$2,2)<6,COUNTIF('마스터'!$J$13:$J$27,AC$2)=0),$Q48/$U48,"") | AD48: =IF(AND($F48<>"",$V48<>"",AD$2>=$F48,AD$2<=$V48,WEEKDAY(AD$2,2)<6,COUNTIF('마스터'!$J$13:$J$27,AD$2)=0),$Q48/$U48,"") | AE48: =IF(AND($F48<>"",$V48<>"",AE$2>=$F48,AE$2<=$V48,WEEKDAY(AE$2,2)<6,COUNTIF('마스터'!$J$13:$J$27,AE$2)=0),$Q48/$U48,"") | AF48: =IF(AND($F48<>"",$V48<>"",AF$2>=$F48,AF$2<=$V48,WEEKDAY(AF$2,2)<6,COUNTIF('마스터'!$J$13:$J$27,AF$2)=0),$Q48/$U48,"") | AG48: =IF(AND($F48<>"",$V48<>"",AG$2>=$F48,AG$2<=$V48,WEEKDAY(AG$2,2)<6,COUNTIF('마스터'!$J$13:$J$27,AG$2)=0),$Q48/$U48,"") | ... BD48: =IF(AND($F48<>"",$V48<>"",BD$2>=$F48,BD$2<=$V48,WEEKDAY(BD$2,2)<6,COUNTIF('마스터'!$J$13:$J$27,BD$2)=0),$Q48/$U48,"")
A49: =IF(E49="","",COUNTA($E$40:E49)) | C49: 마케팅2팀 | Q49: =IF(SUM(L49,N49,P49)=0,"",SUM(L49,N49,P49)) | R49: =IF(L49>0,"영 ","")&IF(N49>0,"이 ","")&IF(P49>0,"기 ","") | S49: =IF(F49="","","W"&ROUNDUP(DAY(F49)/7,0)) | U49: =IF(Q49="",0,ROUNDUP(MAX(L49,N49,P49)/'마스터'!$J$5,0)) | V49: =IF(OR(F49="",U49=0),"",WORKDAY(F49,U49-1,'마스터'!$J$13:$J$27)) | W49: =IF(OR(G49="",V49=""),"",G49-V49) | Z49: =IF(AND($F49<>"",$V49<>"",Z$2>=$F49,Z$2<=$V49,WEEKDAY(Z$2,2)<6,COUNTIF('마스터'!$J$13:$J$27,Z$2)=0),$Q49/$U49,"") | AA49: =IF(AND($F49<>"",$V49<>"",AA$2>=$F49,AA$2<=$V49,WEEKDAY(AA$2,2)<6,COUNTIF('마스터'!$J$13:$J$27,AA$2)=0),$Q49/$U49,"") | AB49: =IF(AND($F49<>"",$V49<>"",AB$2>=$F49,AB$2<=$V49,WEEKDAY(AB$2,2)<6,COUNTIF('마스터'!$J$13:$J$27,AB$2)=0),$Q49/$U49,"") | AC49: =IF(AND($F49<>"",$V49<>"",AC$2>=$F49,AC$2<=$V49,WEEKDAY(AC$2,2)<6,COUNTIF('마스터'!$J$13:$J$27,AC$2)=0),$Q49/$U49,"") | AD49: =IF(AND($F49<>"",$V49<>"",AD$2>=$F49,AD$2<=$V49,WEEKDAY(AD$2,2)<6,COUNTIF('마스터'!$J$13:$J$27,AD$2)=0),$Q49/$U49,"") | AE49: =IF(AND($F49<>"",$V49<>"",AE$2>=$F49,AE$2<=$V49,WEEKDAY(AE$2,2)<6,COUNTIF('마스터'!$J$13:$J$27,AE$2)=0),$Q49/$U49,"") | AF49: =IF(AND($F49<>"",$V49<>"",AF$2>=$F49,AF$2<=$V49,WEEKDAY(AF$2,2)<6,COUNTIF('마스터'!$J$13:$J$27,AF$2)=0),$Q49/$U49,"") | AG49: =IF(AND($F49<>"",$V49<>"",AG$2>=$F49,AG$2<=$V49,WEEKDAY(AG$2,2)<6,COUNTIF('마스터'!$J$13:$J$27,AG$2)=0),$Q49/$U49,"") | ... BD49: =IF(AND($F49<>"",$V49<>"",BD$2>=$F49,BD$2<=$V49,WEEKDAY(BD$2,2)<6,COUNTIF('마스터'!$J$13:$J$27,BD$2)=0),$Q49/$U49,"")
A50: =IF(E50="","",COUNTA($E$40:E50)) | C50: 마케팅2팀 | Q50: =IF(SUM(L50,N50,P50)=0,"",SUM(L50,N50,P50)) | R50: =IF(L50>0,"영 ","")&IF(N50>0,"이 ","")&IF(P50>0,"기 ","") | S50: =IF(F50="","","W"&ROUNDUP(DAY(F50)/7,0)) | U50: =IF(Q50="",0,ROUNDUP(MAX(L50,N50,P50)/'마스터'!$J$5,0)) | V50: =IF(OR(F50="",U50=0),"",WORKDAY(F50,U50-1,'마스터'!$J$13:$J$27)) | W50: =IF(OR(G50="",V50=""),"",G50-V50) | Z50: =IF(AND($F50<>"",$V50<>"",Z$2>=$F50,Z$2<=$V50,WEEKDAY(Z$2,2)<6,COUNTIF('마스터'!$J$13:$J$27,Z$2)=0),$Q50/$U50,"") | AA50: =IF(AND($F50<>"",$V50<>"",AA$2>=$F50,AA$2<=$V50,WEEKDAY(AA$2,2)<6,COUNTIF('마스터'!$J$13:$J$27,AA$2)=0),$Q50/$U50,"") | AB50: =IF(AND($F50<>"",$V50<>"",AB$2>=$F50,AB$2<=$V50,WEEKDAY(AB$2,2)<6,COUNTIF('마스터'!$J$13:$J$27,AB$2)=0),$Q50/$U50,"") | AC50: =IF(AND($F50<>"",$V50<>"",AC$2>=$F50,AC$2<=$V50,WEEKDAY(AC$2,2)<6,COUNTIF('마스터'!$J$13:$J$27,AC$2)=0),$Q50/$U50,"") | AD50: =IF(AND($F50<>"",$V50<>"",AD$2>=$F50,AD$2<=$V50,WEEKDAY(AD$2,2)<6,COUNTIF('마스터'!$J$13:$J$27,AD$2)=0),$Q50/$U50,"") | AE50: =IF(AND($F50<>"",$V50<>"",AE$2>=$F50,AE$2<=$V50,WEEKDAY(AE$2,2)<6,COUNTIF('마스터'!$J$13:$J$27,AE$2)=0),$Q50/$U50,"") | AF50: =IF(AND($F50<>"",$V50<>"",AF$2>=$F50,AF$2<=$V50,WEEKDAY(AF$2,2)<6,COUNTIF('마스터'!$J$13:$J$27,AF$2)=0),$Q50/$U50,"") | AG50: =IF(AND($F50<>"",$V50<>"",AG$2>=$F50,AG$2<=$V50,WEEKDAY(AG$2,2)<6,COUNTIF('마스터'!$J$13:$J$27,AG$2)=0),$Q50/$U50,"") | ... BD50: =IF(AND($F50<>"",$V50<>"",BD$2>=$F50,BD$2<=$V50,WEEKDAY(BD$2,2)<6,COUNTIF('마스터'!$J$13:$J$27,BD$2)=0),$Q50/$U50,"")
A51: =IF(E51="","",COUNTA($E$40:E51)) | C51: 마케팅2팀 | Q51: =IF(SUM(L51,N51,P51)=0,"",SUM(L51,N51,P51)) | R51: =IF(L51>0,"영 ","")&IF(N51>0,"이 ","")&IF(P51>0,"기 ","") | S51: =IF(F51="","","W"&ROUNDUP(DAY(F51)/7,0)) | U51: =IF(Q51="",0,ROUNDUP(MAX(L51,N51,P51)/'마스터'!$J$5,0)) | V51: =IF(OR(F51="",U51=0),"",WORKDAY(F51,U51-1,'마스터'!$J$13:$J$27)) | W51: =IF(OR(G51="",V51=""),"",G51-V51) | Z51: =IF(AND($F51<>"",$V51<>"",Z$2>=$F51,Z$2<=$V51,WEEKDAY(Z$2,2)<6,COUNTIF('마스터'!$J$13:$J$27,Z$2)=0),$Q51/$U51,"") | AA51: =IF(AND($F51<>"",$V51<>"",AA$2>=$F51,AA$2<=$V51,WEEKDAY(AA$2,2)<6,COUNTIF('마스터'!$J$13:$J$27,AA$2)=0),$Q51/$U51,"") | AB51: =IF(AND($F51<>"",$V51<>"",AB$2>=$F51,AB$2<=$V51,WEEKDAY(AB$2,2)<6,COUNTIF('마스터'!$J$13:$J$27,AB$2)=0),$Q51/$U51,"") | AC51: =IF(AND($F51<>"",$V51<>"",AC$2>=$F51,AC$2<=$V51,WEEKDAY(AC$2,2)<6,COUNTIF('마스터'!$J$13:$J$27,AC$2)=0),$Q51/$U51,"") | AD51: =IF(AND($F51<>"",$V51<>"",AD$2>=$F51,AD$2<=$V51,WEEKDAY(AD$2,2)<6,COUNTIF('마스터'!$J$13:$J$27,AD$2)=0),$Q51/$U51,"") | AE51: =IF(AND($F51<>"",$V51<>"",AE$2>=$F51,AE$2<=$V51,WEEKDAY(AE$2,2)<6,COUNTIF('마스터'!$J$13:$J$27,AE$2)=0),$Q51/$U51,"") | AF51: =IF(AND($F51<>"",$V51<>"",AF$2>=$F51,AF$2<=$V51,WEEKDAY(AF$2,2)<6,COUNTIF('마스터'!$J$13:$J$27,AF$2)=0),$Q51/$U51,"") | AG51: =IF(AND($F51<>"",$V51<>"",AG$2>=$F51,AG$2<=$V51,WEEKDAY(AG$2,2)<6,COUNTIF('마스터'!$J$13:$J$27,AG$2)=0),$Q51/$U51,"") | ... BD51: =IF(AND($F51<>"",$V51<>"",BD$2>=$F51,BD$2<=$V51,WEEKDAY(BD$2,2)<6,COUNTIF('마스터'!$J$13:$J$27,BD$2)=0),$Q51/$U51,"")
... A69: =IF(E69="","",COUNTA($E$40:E69)) | C69: 마케팅2팀 | Q69: =IF(SUM(L69,N69,P69)=0,"",SUM(L69,N69,P69)) | R69: =IF(L69>0,"영 ","")&IF(N69>0,"이 ","")&IF(P69>0,"기 ","") | S69: =IF(F69="","","W"&ROUNDUP(DAY(F69)/7,0)) | U69: =IF(Q69="",0,ROUNDUP(MAX(L69,N69,P69)/'마스터'!$J$5,0)) | V69: =IF(OR(F69="",U69=0),"",WORKDAY(F69,U69-1,'마스터'!$J$13:$J$27)) | W69: =IF(OR(G69="",V69=""),"",G69-V69) | Z69: =IF(AND($F69<>"",$V69<>"",Z$2>=$F69,Z$2<=$V69,WEEKDAY(Z$2,2)<6,COUNTIF('마스터'!$J$13:$J$27,Z$2)=0),$Q69/$U69,"") | AA69: =IF(AND($F69<>"",$V69<>"",AA$2>=$F69,AA$2<=$V69,WEEKDAY(AA$2,2)<6,COUNTIF('마스터'!$J$13:$J$27,AA$2)=0),$Q69/$U69,"") | AB69: =IF(AND($F69<>"",$V69<>"",AB$2>=$F69,AB$2<=$V69,WEEKDAY(AB$2,2)<6,COUNTIF('마스터'!$J$13:$J$27,AB$2)=0),$Q69/$U69,"") | AC69: =IF(AND($F69<>"",$V69<>"",AC$2>=$F69,AC$2<=$V69,WEEKDAY(AC$2,2)<6,COUNTIF('마스터'!$J$13:$J$27,AC$2)=0),$Q69/$U69,"") | AD69: =IF(AND($F69<>"",$V69<>"",AD$2>=$F69,AD$2<=$V69,WEEKDAY(AD$2,2)<6,COUNTIF('마스터'!$J$13:$J$27,AD$2)=0),$Q69/$U69,"") | AE69: =IF(AND($F69<>"",$V69<>"",AE$2>=$F69,AE$2<=$V69,WEEKDAY(AE$2,2)<6,COUNTIF('마스터'!$J$13:$J$27,AE$2)=0),$Q69/$U69,"") | AF69: =IF(AND($F69<>"",$V69<>"",AF$2>=$F69,AF$2<=$V69,WEEKDAY(AF$2,2)<6,COUNTIF('마스터'!$J$13:$J$27,AF$2)=0),$Q69/$U69,"") | AG69: =IF(AND($F69<>"",$V69<>"",AG$2>=$F69,AG$2<=$V69,WEEKDAY(AG$2,2)<6,COUNTIF('마스터'!$J$13:$J$27,AG$2)=0),$Q69/$U69,"") | ... BD69: =IF(AND($F69<>"",$V69<>"",BD$2>=$F69,BD$2<=$V69,WEEKDAY(BD$2,2)<6,COUNTIF('마스터'!$J$13:$J$27,BD$2)=0),$Q69/$U69,"")
A70: 마케팅3팀 (71~100행)
A71: =IF(E71="","",COUNTA($E$71:E71)) | C71: 마케팅3팀 | Q71: =IF(SUM(L71,N71,P71)=0,"",SUM(L71,N71,P71)) | R71: =IF(L71>0,"영 ","")&IF(N71>0,"이 ","")&IF(P71>0,"기 ","") | S71: =IF(F71="","","W"&ROUNDUP(DAY(F71)/7,0)) | U71: =IF(Q71="",0,ROUNDUP(MAX(L71,N71,P71)/'마스터'!$J$5,0)) | V71: =IF(OR(F71="",U71=0),"",WORKDAY(F71,U71-1,'마스터'!$J$13:$J$27)) | W71: =IF(OR(G71="",V71=""),"",G71-V71) | Z71: =IF(AND($F71<>"",$V71<>"",Z$2>=$F71,Z$2<=$V71,WEEKDAY(Z$2,2)<6,COUNTIF('마스터'!$J$13:$J$27,Z$2)=0),$Q71/$U71,"") | AA71: =IF(AND($F71<>"",$V71<>"",AA$2>=$F71,AA$2<=$V71,WEEKDAY(AA$2,2)<6,COUNTIF('마스터'!$J$13:$J$27,AA$2)=0),$Q71/$U71,"") | AB71: =IF(AND($F71<>"",$V71<>"",AB$2>=$F71,AB$2<=$V71,WEEKDAY(AB$2,2)<6,COUNTIF('마스터'!$J$13:$J$27,AB$2)=0),$Q71/$U71,"") | AC71: =IF(AND($F71<>"",$V71<>"",AC$2>=$F71,AC$2<=$V71,WEEKDAY(AC$2,2)<6,COUNTIF('마스터'!$J$13:$J$27,AC$2)=0),$Q71/$U71,"") | AD71: =IF(AND($F71<>"",$V71<>"",AD$2>=$F71,AD$2<=$V71,WEEKDAY(AD$2,2)<6,COUNTIF('마스터'!$J$13:$J$27,AD$2)=0),$Q71/$U71,"") | AE71: =IF(AND($F71<>"",$V71<>"",AE$2>=$F71,AE$2<=$V71,WEEKDAY(AE$2,2)<6,COUNTIF('마스터'!$J$13:$J$27,AE$2)=0),$Q71/$U71,"") | AF71: =IF(AND($F71<>"",$V71<>"",AF$2>=$F71,AF$2<=$V71,WEEKDAY(AF$2,2)<6,COUNTIF('마스터'!$J$13:$J$27,AF$2)=0),$Q71/$U71,"") | AG71: =IF(AND($F71<>"",$V71<>"",AG$2>=$F71,AG$2<=$V71,WEEKDAY(AG$2,2)<6,COUNTIF('마스터'!$J$13:$J$27,AG$2)=0),$Q71/$U71,"") | ... BD71: =IF(AND($F71<>"",$V71<>"",BD$2>=$F71,BD$2<=$V71,WEEKDAY(BD$2,2)<6,COUNTIF('마스터'!$J$13:$J$27,BD$2)=0),$Q71/$U71,"")
A72: =IF(E72="","",COUNTA($E$71:E72)) | C72: 마케팅3팀 | Q72: =IF(SUM(L72,N72,P72)=0,"",SUM(L72,N72,P72)) | R72: =IF(L72>0,"영 ","")&IF(N72>0,"이 ","")&IF(P72>0,"기 ","") | S72: =IF(F72="","","W"&ROUNDUP(DAY(F72)/7,0)) | U72: =IF(Q72="",0,ROUNDUP(MAX(L72,N72,P72)/'마스터'!$J$5,0)) | V72: =IF(OR(F72="",U72=0),"",WORKDAY(F72,U72-1,'마스터'!$J$13:$J$27)) | W72: =IF(OR(G72="",V72=""),"",G72-V72) | Z72: =IF(AND($F72<>"",$V72<>"",Z$2>=$F72,Z$2<=$V72,WEEKDAY(Z$2,2)<6,COUNTIF('마스터'!$J$13:$J$27,Z$2)=0),$Q72/$U72,"") | AA72: =IF(AND($F72<>"",$V72<>"",AA$2>=$F72,AA$2<=$V72,WEEKDAY(AA$2,2)<6,COUNTIF('마스터'!$J$13:$J$27,AA$2)=0),$Q72/$U72,"") | AB72: =IF(AND($F72<>"",$V72<>"",AB$2>=$F72,AB$2<=$V72,WEEKDAY(AB$2,2)<6,COUNTIF('마스터'!$J$13:$J$27,AB$2)=0),$Q72/$U72,"") | AC72: =IF(AND($F72<>"",$V72<>"",AC$2>=$F72,AC$2<=$V72,WEEKDAY(AC$2,2)<6,COUNTIF('마스터'!$J$13:$J$27,AC$2)=0),$Q72/$U72,"") | AD72: =IF(AND($F72<>"",$V72<>"",AD$2>=$F72,AD$2<=$V72,WEEKDAY(AD$2,2)<6,COUNTIF('마스터'!$J$13:$J$27,AD$2)=0),$Q72/$U72,"") | AE72: =IF(AND($F72<>"",$V72<>"",AE$2>=$F72,AE$2<=$V72,WEEKDAY(AE$2,2)<6,COUNTIF('마스터'!$J$13:$J$27,AE$2)=0),$Q72/$U72,"") | AF72: =IF(AND($F72<>"",$V72<>"",AF$2>=$F72,AF$2<=$V72,WEEKDAY(AF$2,2)<6,COUNTIF('마스터'!$J$13:$J$27,AF$2)=0),$Q72/$U72,"") | AG72: =IF(AND($F72<>"",$V72<>"",AG$2>=$F72,AG$2<=$V72,WEEKDAY(AG$2,2)<6,COUNTIF('마스터'!$J$13:$J$27,AG$2)=0),$Q72/$U72,"") | ... BD72: =IF(AND($F72<>"",$V72<>"",BD$2>=$F72,BD$2<=$V72,WEEKDAY(BD$2,2)<6,COUNTIF('마스터'!$J$13:$J$27,BD$2)=0),$Q72/$U72,"")
A73: =IF(E73="","",COUNTA($E$71:E73)) | C73: 마케팅3팀 | Q73: =IF(SUM(L73,N73,P73)=0,"",SUM(L73,N73,P73)) | R73: =IF(L73>0,"영 ","")&IF(N73>0,"이 ","")&IF(P73>0,"기 ","") | S73: =IF(F73="","","W"&ROUNDUP(DAY(F73)/7,0)) | U73: =IF(Q73="",0,ROUNDUP(MAX(L73,N73,P73)/'마스터'!$J$5,0)) | V73: =IF(OR(F73="",U73=0),"",WORKDAY(F73,U73-1,'마스터'!$J$13:$J$27)) | W73: =IF(OR(G73="",V73=""),"",G73-V73) | Z73: =IF(AND($F73<>"",$V73<>"",Z$2>=$F73,Z$2<=$V73,WEEKDAY(Z$2,2)<6,COUNTIF('마스터'!$J$13:$J$27,Z$2)=0),$Q73/$U73,"") | AA73: =IF(AND($F73<>"",$V73<>"",AA$2>=$F73,AA$2<=$V73,WEEKDAY(AA$2,2)<6,COUNTIF('마스터'!$J$13:$J$27,AA$2)=0),$Q73/$U73,"") | AB73: =IF(AND($F73<>"",$V73<>"",AB$2>=$F73,AB$2<=$V73,WEEKDAY(AB$2,2)<6,COUNTIF('마스터'!$J$13:$J$27,AB$2)=0),$Q73/$U73,"") | AC73: =IF(AND($F73<>"",$V73<>"",AC$2>=$F73,AC$2<=$V73,WEEKDAY(AC$2,2)<6,COUNTIF('마스터'!$J$13:$J$27,AC$2)=0),$Q73/$U73,"") | AD73: =IF(AND($F73<>"",$V73<>"",AD$2>=$F73,AD$2<=$V73,WEEKDAY(AD$2,2)<6,COUNTIF('마스터'!$J$13:$J$27,AD$2)=0),$Q73/$U73,"") | AE73: =IF(AND($F73<>"",$V73<>"",AE$2>=$F73,AE$2<=$V73,WEEKDAY(AE$2,2)<6,COUNTIF('마스터'!$J$13:$J$27,AE$2)=0),$Q73/$U73,"") | AF73: =IF(AND($F73<>"",$V73<>"",AF$2>=$F73,AF$2<=$V73,WEEKDAY(AF$2,2)<6,COUNTIF('마스터'!$J$13:$J$27,AF$2)=0),$Q73/$U73,"") | AG73: =IF(AND($F73<>"",$V73<>"",AG$2>=$F73,AG$2<=$V73,WEEKDAY(AG$2,2)<6,COUNTIF('마스터'!$J$13:$J$27,AG$2)=0),$Q73/$U73,"") | ... BD73: =IF(AND($F73<>"",$V73<>"",BD$2>=$F73,BD$2<=$V73,WEEKDAY(BD$2,2)<6,COUNTIF('마스터'!$J$13:$J$27,BD$2)=0),$Q73/$U73,"")
A74: =IF(E74="","",COUNTA($E$71:E74)) | C74: 마케팅3팀 | Q74: =IF(SUM(L74,N74,P74)=0,"",SUM(L74,N74,P74)) | R74: =IF(L74>0,"영 ","")&IF(N74>0,"이 ","")&IF(P74>0,"기 ","") | S74: =IF(F74="","","W"&ROUNDUP(DAY(F74)/7,0)) | U74: =IF(Q74="",0,ROUNDUP(MAX(L74,N74,P74)/'마스터'!$J$5,0)) | V74: =IF(OR(F74="",U74=0),"",WORKDAY(F74,U74-1,'마스터'!$J$13:$J$27)) | W74: =IF(OR(G74="",V74=""),"",G74-V74) | Z74: =IF(AND($F74<>"",$V74<>"",Z$2>=$F74,Z$2<=$V74,WEEKDAY(Z$2,2)<6,COUNTIF('마스터'!$J$13:$J$27,Z$2)=0),$Q74/$U74,"") | AA74: =IF(AND($F74<>"",$V74<>"",AA$2>=$F74,AA$2<=$V74,WEEKDAY(AA$2,2)<6,COUNTIF('마스터'!$J$13:$J$27,AA$2)=0),$Q74/$U74,"") | AB74: =IF(AND($F74<>"",$V74<>"",AB$2>=$F74,AB$2<=$V74,WEEKDAY(AB$2,2)<6,COUNTIF('마스터'!$J$13:$J$27,AB$2)=0),$Q74/$U74,"") | AC74: =IF(AND($F74<>"",$V74<>"",AC$2>=$F74,AC$2<=$V74,WEEKDAY(AC$2,2)<6,COUNTIF('마스터'!$J$13:$J$27,AC$2)=0),$Q74/$U74,"") | AD74: =IF(AND($F74<>"",$V74<>"",AD$2>=$F74,AD$2<=$V74,WEEKDAY(AD$2,2)<6,COUNTIF('마스터'!$J$13:$J$27,AD$2)=0),$Q74/$U74,"") | AE74: =IF(AND($F74<>"",$V74<>"",AE$2>=$F74,AE$2<=$V74,WEEKDAY(AE$2,2)<6,COUNTIF('마스터'!$J$13:$J$27,AE$2)=0),$Q74/$U74,"") | AF74: =IF(AND($F74<>"",$V74<>"",AF$2>=$F74,AF$2<=$V74,WEEKDAY(AF$2,2)<6,COUNTIF('마스터'!$J$13:$J$27,AF$2)=0),$Q74/$U74,"") | AG74: =IF(AND($F74<>"",$V74<>"",AG$2>=$F74,AG$2<=$V74,WEEKDAY(AG$2,2)<6,COUNTIF('마스터'!$J$13:$J$27,AG$2)=0),$Q74/$U74,"") | ... BD74: =IF(AND($F74<>"",$V74<>"",BD$2>=$F74,BD$2<=$V74,WEEKDAY(BD$2,2)<6,COUNTIF('마스터'!$J$13:$J$27,BD$2)=0),$Q74/$U74,"")
A75: =IF(E75="","",COUNTA($E$71:E75)) | C75: 마케팅3팀 | Q75: =IF(SUM(L75,N75,P75)=0,"",SUM(L75,N75,P75)) | R75: =IF(L75>0,"영 ","")&IF(N75>0,"이 ","")&IF(P75>0,"기 ","") | S75: =IF(F75="","","W"&ROUNDUP(DAY(F75)/7,0)) | U75: =IF(Q75="",0,ROUNDUP(MAX(L75,N75,P75)/'마스터'!$J$5,0)) | V75: =IF(OR(F75="",U75=0),"",WORKDAY(F75,U75-1,'마스터'!$J$13:$J$27)) | W75: =IF(OR(G75="",V75=""),"",G75-V75) | Z75: =IF(AND($F75<>"",$V75<>"",Z$2>=$F75,Z$2<=$V75,WEEKDAY(Z$2,2)<6,COUNTIF('마스터'!$J$13:$J$27,Z$2)=0),$Q75/$U75,"") | AA75: =IF(AND($F75<>"",$V75<>"",AA$2>=$F75,AA$2<=$V75,WEEKDAY(AA$2,2)<6,COUNTIF('마스터'!$J$13:$J$27,AA$2)=0),$Q75/$U75,"") | AB75: =IF(AND($F75<>"",$V75<>"",AB$2>=$F75,AB$2<=$V75,WEEKDAY(AB$2,2)<6,COUNTIF('마스터'!$J$13:$J$27,AB$2)=0),$Q75/$U75,"") | AC75: =IF(AND($F75<>"",$V75<>"",AC$2>=$F75,AC$2<=$V75,WEEKDAY(AC$2,2)<6,COUNTIF('마스터'!$J$13:$J$27,AC$2)=0),$Q75/$U75,"") | AD75: =IF(AND($F75<>"",$V75<>"",AD$2>=$F75,AD$2<=$V75,WEEKDAY(AD$2,2)<6,COUNTIF('마스터'!$J$13:$J$27,AD$2)=0),$Q75/$U75,"") | AE75: =IF(AND($F75<>"",$V75<>"",AE$2>=$F75,AE$2<=$V75,WEEKDAY(AE$2,2)<6,COUNTIF('마스터'!$J$13:$J$27,AE$2)=0),$Q75/$U75,"") | AF75: =IF(AND($F75<>"",$V75<>"",AF$2>=$F75,AF$2<=$V75,WEEKDAY(AF$2,2)<6,COUNTIF('마스터'!$J$13:$J$27,AF$2)=0),$Q75/$U75,"") | AG75: =IF(AND($F75<>"",$V75<>"",AG$2>=$F75,AG$2<=$V75,WEEKDAY(AG$2,2)<6,COUNTIF('마스터'!$J$13:$J$27,AG$2)=0),$Q75/$U75,"") | ... BD75: =IF(AND($F75<>"",$V75<>"",BD$2>=$F75,BD$2<=$V75,WEEKDAY(BD$2,2)<6,COUNTIF('마스터'!$J$13:$J$27,BD$2)=0),$Q75/$U75,"")
A76: =IF(E76="","",COUNTA($E$71:E76)) | C76: 마케팅3팀 | Q76: =IF(SUM(L76,N76,P76)=0,"",SUM(L76,N76,P76)) | R76: =IF(L76>0,"영 ","")&IF(N76>0,"이 ","")&IF(P76>0,"기 ","") | S76: =IF(F76="","","W"&ROUNDUP(DAY(F76)/7,0)) | U76: =IF(Q76="",0,ROUNDUP(MAX(L76,N76,P76)/'마스터'!$J$5,0)) | V76: =IF(OR(F76="",U76=0),"",WORKDAY(F76,U76-1,'마스터'!$J$13:$J$27)) | W76: =IF(OR(G76="",V76=""),"",G76-V76) | Z76: =IF(AND($F76<>"",$V76<>"",Z$2>=$F76,Z$2<=$V76,WEEKDAY(Z$2,2)<6,COUNTIF('마스터'!$J$13:$J$27,Z$2)=0),$Q76/$U76,"") | AA76: =IF(AND($F76<>"",$V76<>"",AA$2>=$F76,AA$2<=$V76,WEEKDAY(AA$2,2)<6,COUNTIF('마스터'!$J$13:$J$27,AA$2)=0),$Q76/$U76,"") | AB76: =IF(AND($F76<>"",$V76<>"",AB$2>=$F76,AB$2<=$V76,WEEKDAY(AB$2,2)<6,COUNTIF('마스터'!$J$13:$J$27,AB$2)=0),$Q76/$U76,"") | AC76: =IF(AND($F76<>"",$V76<>"",AC$2>=$F76,AC$2<=$V76,WEEKDAY(AC$2,2)<6,COUNTIF('마스터'!$J$13:$J$27,AC$2)=0),$Q76/$U76,"") | AD76: =IF(AND($F76<>"",$V76<>"",AD$2>=$F76,AD$2<=$V76,WEEKDAY(AD$2,2)<6,COUNTIF('마스터'!$J$13:$J$27,AD$2)=0),$Q76/$U76,"") | AE76: =IF(AND($F76<>"",$V76<>"",AE$2>=$F76,AE$2<=$V76,WEEKDAY(AE$2,2)<6,COUNTIF('마스터'!$J$13:$J$27,AE$2)=0),$Q76/$U76,"") | AF76: =IF(AND($F76<>"",$V76<>"",AF$2>=$F76,AF$2<=$V76,WEEKDAY(AF$2,2)<6,COUNTIF('마스터'!$J$13:$J$27,AF$2)=0),$Q76/$U76,"") | AG76: =IF(AND($F76<>"",$V76<>"",AG$2>=$F76,AG$2<=$V76,WEEKDAY(AG$2,2)<6,COUNTIF('마스터'!$J$13:$J$27,AG$2)=0),$Q76/$U76,"") | ... BD76: =IF(AND($F76<>"",$V76<>"",BD$2>=$F76,BD$2<=$V76,WEEKDAY(BD$2,2)<6,COUNTIF('마스터'!$J$13:$J$27,BD$2)=0),$Q76/$U76,"")
A77: =IF(E77="","",COUNTA($E$71:E77)) | C77: 마케팅3팀 | Q77: =IF(SUM(L77,N77,P77)=0,"",SUM(L77,N77,P77)) | R77: =IF(L77>0,"영 ","")&IF(N77>0,"이 ","")&IF(P77>0,"기 ","") | S77: =IF(F77="","","W"&ROUNDUP(DAY(F77)/7,0)) | U77: =IF(Q77="",0,ROUNDUP(MAX(L77,N77,P77)/'마스터'!$J$5,0)) | V77: =IF(OR(F77="",U77=0),"",WORKDAY(F77,U77-1,'마스터'!$J$13:$J$27)) | W77: =IF(OR(G77="",V77=""),"",G77-V77) | Z77: =IF(AND($F77<>"",$V77<>"",Z$2>=$F77,Z$2<=$V77,WEEKDAY(Z$2,2)<6,COUNTIF('마스터'!$J$13:$J$27,Z$2)=0),$Q77/$U77,"") | AA77: =IF(AND($F77<>"",$V77<>"",AA$2>=$F77,AA$2<=$V77,WEEKDAY(AA$2,2)<6,COUNTIF('마스터'!$J$13:$J$27,AA$2)=0),$Q77/$U77,"") | AB77: =IF(AND($F77<>"",$V77<>"",AB$2>=$F77,AB$2<=$V77,WEEKDAY(AB$2,2)<6,COUNTIF('마스터'!$J$13:$J$27,AB$2)=0),$Q77/$U77,"") | AC77: =IF(AND($F77<>"",$V77<>"",AC$2>=$F77,AC$2<=$V77,WEEKDAY(AC$2,2)<6,COUNTIF('마스터'!$J$13:$J$27,AC$2)=0),$Q77/$U77,"") | AD77: =IF(AND($F77<>"",$V77<>"",AD$2>=$F77,AD$2<=$V77,WEEKDAY(AD$2,2)<6,COUNTIF('마스터'!$J$13:$J$27,AD$2)=0),$Q77/$U77,"") | AE77: =IF(AND($F77<>"",$V77<>"",AE$2>=$F77,AE$2<=$V77,WEEKDAY(AE$2,2)<6,COUNTIF('마스터'!$J$13:$J$27,AE$2)=0),$Q77/$U77,"") | AF77: =IF(AND($F77<>"",$V77<>"",AF$2>=$F77,AF$2<=$V77,WEEKDAY(AF$2,2)<6,COUNTIF('마스터'!$J$13:$J$27,AF$2)=0),$Q77/$U77,"") | AG77: =IF(AND($F77<>"",$V77<>"",AG$2>=$F77,AG$2<=$V77,WEEKDAY(AG$2,2)<6,COUNTIF('마스터'!$J$13:$J$27,AG$2)=0),$Q77/$U77,"") | ... BD77: =IF(AND($F77<>"",$V77<>"",BD$2>=$F77,BD$2<=$V77,WEEKDAY(BD$2,2)<6,COUNTIF('마스터'!$J$13:$J$27,BD$2)=0),$Q77/$U77,"")
A78: =IF(E78="","",COUNTA($E$71:E78)) | C78: 마케팅3팀 | Q78: =IF(SUM(L78,N78,P78)=0,"",SUM(L78,N78,P78)) | R78: =IF(L78>0,"영 ","")&IF(N78>0,"이 ","")&IF(P78>0,"기 ","") | S78: =IF(F78="","","W"&ROUNDUP(DAY(F78)/7,0)) | U78: =IF(Q78="",0,ROUNDUP(MAX(L78,N78,P78)/'마스터'!$J$5,0)) | V78: =IF(OR(F78="",U78=0),"",WORKDAY(F78,U78-1,'마스터'!$J$13:$J$27)) | W78: =IF(OR(G78="",V78=""),"",G78-V78) | Z78: =IF(AND($F78<>"",$V78<>"",Z$2>=$F78,Z$2<=$V78,WEEKDAY(Z$2,2)<6,COUNTIF('마스터'!$J$13:$J$27,Z$2)=0),$Q78/$U78,"") | AA78: =IF(AND($F78<>"",$V78<>"",AA$2>=$F78,AA$2<=$V78,WEEKDAY(AA$2,2)<6,COUNTIF('마스터'!$J$13:$J$27,AA$2)=0),$Q78/$U78,"") | AB78: =IF(AND($F78<>"",$V78<>"",AB$2>=$F78,AB$2<=$V78,WEEKDAY(AB$2,2)<6,COUNTIF('마스터'!$J$13:$J$27,AB$2)=0),$Q78/$U78,"") | AC78: =IF(AND($F78<>"",$V78<>"",AC$2>=$F78,AC$2<=$V78,WEEKDAY(AC$2,2)<6,COUNTIF('마스터'!$J$13:$J$27,AC$2)=0),$Q78/$U78,"") | AD78: =IF(AND($F78<>"",$V78<>"",AD$2>=$F78,AD$2<=$V78,WEEKDAY(AD$2,2)<6,COUNTIF('마스터'!$J$13:$J$27,AD$2)=0),$Q78/$U78,"") | AE78: =IF(AND($F78<>"",$V78<>"",AE$2>=$F78,AE$2<=$V78,WEEKDAY(AE$2,2)<6,COUNTIF('마스터'!$J$13:$J$27,AE$2)=0),$Q78/$U78,"") | AF78: =IF(AND($F78<>"",$V78<>"",AF$2>=$F78,AF$2<=$V78,WEEKDAY(AF$2,2)<6,COUNTIF('마스터'!$J$13:$J$27,AF$2)=0),$Q78/$U78,"") | AG78: =IF(AND($F78<>"",$V78<>"",AG$2>=$F78,AG$2<=$V78,WEEKDAY(AG$2,2)<6,COUNTIF('마스터'!$J$13:$J$27,AG$2)=0),$Q78/$U78,"") | ... BD78: =IF(AND($F78<>"",$V78<>"",BD$2>=$F78,BD$2<=$V78,WEEKDAY(BD$2,2)<6,COUNTIF('마스터'!$J$13:$J$27,BD$2)=0),$Q78/$U78,"")
A79: =IF(E79="","",COUNTA($E$71:E79)) | C79: 마케팅3팀 | Q79: =IF(SUM(L79,N79,P79)=0,"",SUM(L79,N79,P79)) | R79: =IF(L79>0,"영 ","")&IF(N79>0,"이 ","")&IF(P79>0,"기 ","") | S79: =IF(F79="","","W"&ROUNDUP(DAY(F79)/7,0)) | U79: =IF(Q79="",0,ROUNDUP(MAX(L79,N79,P79)/'마스터'!$J$5,0)) | V79: =IF(OR(F79="",U79=0),"",WORKDAY(F79,U79-1,'마스터'!$J$13:$J$27)) | W79: =IF(OR(G79="",V79=""),"",G79-V79) | Z79: =IF(AND($F79<>"",$V79<>"",Z$2>=$F79,Z$2<=$V79,WEEKDAY(Z$2,2)<6,COUNTIF('마스터'!$J$13:$J$27,Z$2)=0),$Q79/$U79,"") | AA79: =IF(AND($F79<>"",$V79<>"",AA$2>=$F79,AA$2<=$V79,WEEKDAY(AA$2,2)<6,COUNTIF('마스터'!$J$13:$J$27,AA$2)=0),$Q79/$U79,"") | AB79: =IF(AND($F79<>"",$V79<>"",AB$2>=$F79,AB$2<=$V79,WEEKDAY(AB$2,2)<6,COUNTIF('마스터'!$J$13:$J$27,AB$2)=0),$Q79/$U79,"") | AC79: =IF(AND($F79<>"",$V79<>"",AC$2>=$F79,AC$2<=$V79,WEEKDAY(AC$2,2)<6,COUNTIF('마스터'!$J$13:$J$27,AC$2)=0),$Q79/$U79,"") | AD79: =IF(AND($F79<>"",$V79<>"",AD$2>=$F79,AD$2<=$V79,WEEKDAY(AD$2,2)<6,COUNTIF('마스터'!$J$13:$J$27,AD$2)=0),$Q79/$U79,"") | AE79: =IF(AND($F79<>"",$V79<>"",AE$2>=$F79,AE$2<=$V79,WEEKDAY(AE$2,2)<6,COUNTIF('마스터'!$J$13:$J$27,AE$2)=0),$Q79/$U79,"") | AF79: =IF(AND($F79<>"",$V79<>"",AF$2>=$F79,AF$2<=$V79,WEEKDAY(AF$2,2)<6,COUNTIF('마스터'!$J$13:$J$27,AF$2)=0),$Q79/$U79,"") | AG79: =IF(AND($F79<>"",$V79<>"",AG$2>=$F79,AG$2<=$V79,WEEKDAY(AG$2,2)<6,COUNTIF('마스터'!$J$13:$J$27,AG$2)=0),$Q79/$U79,"") | ... BD79: =IF(AND($F79<>"",$V79<>"",BD$2>=$F79,BD$2<=$V79,WEEKDAY(BD$2,2)<6,COUNTIF('마스터'!$J$13:$J$27,BD$2)=0),$Q79/$U79,"")
A80: =IF(E80="","",COUNTA($E$71:E80)) | C80: 마케팅3팀 | Q80: =IF(SUM(L80,N80,P80)=0,"",SUM(L80,N80,P80)) | R80: =IF(L80>0,"영 ","")&IF(N80>0,"이 ","")&IF(P80>0,"기 ","") | S80: =IF(F80="","","W"&ROUNDUP(DAY(F80)/7,0)) | U80: =IF(Q80="",0,ROUNDUP(MAX(L80,N80,P80)/'마스터'!$J$5,0)) | V80: =IF(OR(F80="",U80=0),"",WORKDAY(F80,U80-1,'마스터'!$J$13:$J$27)) | W80: =IF(OR(G80="",V80=""),"",G80-V80) | Z80: =IF(AND($F80<>"",$V80<>"",Z$2>=$F80,Z$2<=$V80,WEEKDAY(Z$2,2)<6,COUNTIF('마스터'!$J$13:$J$27,Z$2)=0),$Q80/$U80,"") | AA80: =IF(AND($F80<>"",$V80<>"",AA$2>=$F80,AA$2<=$V80,WEEKDAY(AA$2,2)<6,COUNTIF('마스터'!$J$13:$J$27,AA$2)=0),$Q80/$U80,"") | AB80: =IF(AND($F80<>"",$V80<>"",AB$2>=$F80,AB$2<=$V80,WEEKDAY(AB$2,2)<6,COUNTIF('마스터'!$J$13:$J$27,AB$2)=0),$Q80/$U80,"") | AC80: =IF(AND($F80<>"",$V80<>"",AC$2>=$F80,AC$2<=$V80,WEEKDAY(AC$2,2)<6,COUNTIF('마스터'!$J$13:$J$27,AC$2)=0),$Q80/$U80,"") | AD80: =IF(AND($F80<>"",$V80<>"",AD$2>=$F80,AD$2<=$V80,WEEKDAY(AD$2,2)<6,COUNTIF('마스터'!$J$13:$J$27,AD$2)=0),$Q80/$U80,"") | AE80: =IF(AND($F80<>"",$V80<>"",AE$2>=$F80,AE$2<=$V80,WEEKDAY(AE$2,2)<6,COUNTIF('마스터'!$J$13:$J$27,AE$2)=0),$Q80/$U80,"") | AF80: =IF(AND($F80<>"",$V80<>"",AF$2>=$F80,AF$2<=$V80,WEEKDAY(AF$2,2)<6,COUNTIF('마스터'!$J$13:$J$27,AF$2)=0),$Q80/$U80,"") | AG80: =IF(AND($F80<>"",$V80<>"",AG$2>=$F80,AG$2<=$V80,WEEKDAY(AG$2,2)<6,COUNTIF('마스터'!$J$13:$J$27,AG$2)=0),$Q80/$U80,"") | ... BD80: =IF(AND($F80<>"",$V80<>"",BD$2>=$F80,BD$2<=$V80,WEEKDAY(BD$2,2)<6,COUNTIF('마스터'!$J$13:$J$27,BD$2)=0),$Q80/$U80,"")
A81: =IF(E81="","",COUNTA($E$71:E81)) | C81: 마케팅3팀 | Q81: =IF(SUM(L81,N81,P81)=0,"",SUM(L81,N81,P81)) | R81: =IF(L81>0,"영 ","")&IF(N81>0,"이 ","")&IF(P81>0,"기 ","") | S81: =IF(F81="","","W"&ROUNDUP(DAY(F81)/7,0)) | U81: =IF(Q81="",0,ROUNDUP(MAX(L81,N81,P81)/'마스터'!$J$5,0)) | V81: =IF(OR(F81="",U81=0),"",WORKDAY(F81,U81-1,'마스터'!$J$13:$J$27)) | W81: =IF(OR(G81="",V81=""),"",G81-V81) | Z81: =IF(AND($F81<>"",$V81<>"",Z$2>=$F81,Z$2<=$V81,WEEKDAY(Z$2,2)<6,COUNTIF('마스터'!$J$13:$J$27,Z$2)=0),$Q81/$U81,"") | AA81: =IF(AND($F81<>"",$V81<>"",AA$2>=$F81,AA$2<=$V81,WEEKDAY(AA$2,2)<6,COUNTIF('마스터'!$J$13:$J$27,AA$2)=0),$Q81/$U81,"") | AB81: =IF(AND($F81<>"",$V81<>"",AB$2>=$F81,AB$2<=$V81,WEEKDAY(AB$2,2)<6,COUNTIF('마스터'!$J$13:$J$27,AB$2)=0),$Q81/$U81,"") | AC81: =IF(AND($F81<>"",$V81<>"",AC$2>=$F81,AC$2<=$V81,WEEKDAY(AC$2,2)<6,COUNTIF('마스터'!$J$13:$J$27,AC$2)=0),$Q81/$U81,"") | AD81: =IF(AND($F81<>"",$V81<>"",AD$2>=$F81,AD$2<=$V81,WEEKDAY(AD$2,2)<6,COUNTIF('마스터'!$J$13:$J$27,AD$2)=0),$Q81/$U81,"") | AE81: =IF(AND($F81<>"",$V81<>"",AE$2>=$F81,AE$2<=$V81,WEEKDAY(AE$2,2)<6,COUNTIF('마스터'!$J$13:$J$27,AE$2)=0),$Q81/$U81,"") | AF81: =IF(AND($F81<>"",$V81<>"",AF$2>=$F81,AF$2<=$V81,WEEKDAY(AF$2,2)<6,COUNTIF('마스터'!$J$13:$J$27,AF$2)=0),$Q81/$U81,"") | AG81: =IF(AND($F81<>"",$V81<>"",AG$2>=$F81,AG$2<=$V81,WEEKDAY(AG$2,2)<6,COUNTIF('마스터'!$J$13:$J$27,AG$2)=0),$Q81/$U81,"") | ... BD81: =IF(AND($F81<>"",$V81<>"",BD$2>=$F81,BD$2<=$V81,WEEKDAY(BD$2,2)<6,COUNTIF('마스터'!$J$13:$J$27,BD$2)=0),$Q81/$U81,"")
A82: =IF(E82="","",COUNTA($E$71:E82)) | C82: 마케팅3팀 | Q82: =IF(SUM(L82,N82,P82)=0,"",SUM(L82,N82,P82)) | R82: =IF(L82>0,"영 ","")&IF(N82>0,"이 ","")&IF(P82>0,"기 ","") | S82: =IF(F82="","","W"&ROUNDUP(DAY(F82)/7,0)) | U82: =IF(Q82="",0,ROUNDUP(MAX(L82,N82,P82)/'마스터'!$J$5,0)) | V82: =IF(OR(F82="",U82=0),"",WORKDAY(F82,U82-1,'마스터'!$J$13:$J$27)) | W82: =IF(OR(G82="",V82=""),"",G82-V82) | Z82: =IF(AND($F82<>"",$V82<>"",Z$2>=$F82,Z$2<=$V82,WEEKDAY(Z$2,2)<6,COUNTIF('마스터'!$J$13:$J$27,Z$2)=0),$Q82/$U82,"") | AA82: =IF(AND($F82<>"",$V82<>"",AA$2>=$F82,AA$2<=$V82,WEEKDAY(AA$2,2)<6,COUNTIF('마스터'!$J$13:$J$27,AA$2)=0),$Q82/$U82,"") | AB82: =IF(AND($F82<>"",$V82<>"",AB$2>=$F82,AB$2<=$V82,WEEKDAY(AB$2,2)<6,COUNTIF('마스터'!$J$13:$J$27,AB$2)=0),$Q82/$U82,"") | AC82: =IF(AND($F82<>"",$V82<>"",AC$2>=$F82,AC$2<=$V82,WEEKDAY(AC$2,2)<6,COUNTIF('마스터'!$J$13:$J$27,AC$2)=0),$Q82/$U82,"") | AD82: =IF(AND($F82<>"",$V82<>"",AD$2>=$F82,AD$2<=$V82,WEEKDAY(AD$2,2)<6,COUNTIF('마스터'!$J$13:$J$27,AD$2)=0),$Q82/$U82,"") | AE82: =IF(AND($F82<>"",$V82<>"",AE$2>=$F82,AE$2<=$V82,WEEKDAY(AE$2,2)<6,COUNTIF('마스터'!$J$13:$J$27,AE$2)=0),$Q82/$U82,"") | AF82: =IF(AND($F82<>"",$V82<>"",AF$2>=$F82,AF$2<=$V82,WEEKDAY(AF$2,2)<6,COUNTIF('마스터'!$J$13:$J$27,AF$2)=0),$Q82/$U82,"") | AG82: =IF(AND($F82<>"",$V82<>"",AG$2>=$F82,AG$2<=$V82,WEEKDAY(AG$2,2)<6,COUNTIF('마스터'!$J$13:$J$27,AG$2)=0),$Q82/$U82,"") | ... BD82: =IF(AND($F82<>"",$V82<>"",BD$2>=$F82,BD$2<=$V82,WEEKDAY(BD$2,2)<6,COUNTIF('마스터'!$J$13:$J$27,BD$2)=0),$Q82/$U82,"")
... A100: =IF(E100="","",COUNTA($E$71:E100)) | C100: 마케팅3팀 | Q100: =IF(SUM(L100,N100,P100)=0,"",SUM(L100,N100,P100)) | R100: =IF(L100>0,"영 ","")&IF(N100>0,"이 ","")&IF(P100>0,"기 ","") | S100: =IF(F100="","","W"&ROUNDUP(DAY(F100)/7,0)) | U100: =IF(Q100="",0,ROUNDUP(MAX(L100,N100,P100)/'마스터'!$J$5,0)) | V100: =IF(OR(F100="",U100=0),"",WORKDAY(F100,U100-1,'마스터'!$J$13:$J$27)) | W100: =IF(OR(G100="",V100=""),"",G100-V100) | Z100: =IF(AND($F100<>"",$V100<>"",Z$2>=$F100,Z$2<=$V100,WEEKDAY(Z$2,2)<6,COUNTIF('마스터'!$J$13:$J$27,Z$2)=0),$Q100/$U100,"") | AA100: =IF(AND($F100<>"",$V100<>"",AA$2>=$F100,AA$2<=$V100,WEEKDAY(AA$2,2)<6,COUNTIF('마스터'!$J$13:$J$27,AA$2)=0),$Q100/$U100,"") | AB100: =IF(AND($F100<>"",$V100<>"",AB$2>=$F100,AB$2<=$V100,WEEKDAY(AB$2,2)<6,COUNTIF('마스터'!$J$13:$J$27,AB$2)=0),$Q100/$U100,"") | AC100: =IF(AND($F100<>"",$V100<>"",AC$2>=$F100,AC$2<=$V100,WEEKDAY(AC$2,2)<6,COUNTIF('마스터'!$J$13:$J$27,AC$2)=0),$Q100/$U100,"") | AD100: =IF(AND($F100<>"",$V100<>"",AD$2>=$F100,AD$2<=$V100,WEEKDAY(AD$2,2)<6,COUNTIF('마스터'!$J$13:$J$27,AD$2)=0),$Q100/$U100,"") | AE100: =IF(AND($F100<>"",$V100<>"",AE$2>=$F100,AE$2<=$V100,WEEKDAY(AE$2,2)<6,COUNTIF('마스터'!$J$13:$J$27,AE$2)=0),$Q100/$U100,"") | AF100: =IF(AND($F100<>"",$V100<>"",AF$2>=$F100,AF$2<=$V100,WEEKDAY(AF$2,2)<6,COUNTIF('마스터'!$J$13:$J$27,AF$2)=0),$Q100/$U100,"") | AG100: =IF(AND($F100<>"",$V100<>"",AG$2>=$F100,AG$2<=$V100,WEEKDAY(AG$2,2)<6,COUNTIF('마스터'!$J$13:$J$27,AG$2)=0),$Q100/$U100,"") | ... BD100: =IF(AND($F100<>"",$V100<>"",BD$2>=$F100,BD$2<=$V100,WEEKDAY(BD$2,2)<6,COUNTIF('마스터'!$J$13:$J$27,BD$2)=0),$Q100/$U100,"")
A101: 마케팅4팀 (102~131행)
A102: =IF(E102="","",COUNTA($E$102:E102)) | C102: 마케팅4팀 | Q102: =IF(SUM(L102,N102,P102)=0,"",SUM(L102,N102,P102)) | R102: =IF(L102>0,"영 ","")&IF(N102>0,"이 ","")&IF(P102>0,"기 ","") | S102: =IF(F102="","","W"&ROUNDUP(DAY(F102)/7,0)) | U102: =IF(Q102="",0,ROUNDUP(MAX(L102,N102,P102)/'마스터'!$J$5,0)) | V102: =IF(OR(F102="",U102=0),"",WORKDAY(F102,U102-1,'마스터'!$J$13:$J$27)) | W102: =IF(OR(G102="",V102=""),"",G102-V102) | Z102: =IF(AND($F102<>"",$V102<>"",Z$2>=$F102,Z$2<=$V102,WEEKDAY(Z$2,2)<6,COUNTIF('마스터'!$J$13:$J$27,Z$2)=0),$Q102/$U102,"") | AA102: =IF(AND($F102<>"",$V102<>"",AA$2>=$F102,AA$2<=$V102,WEEKDAY(AA$2,2)<6,COUNTIF('마스터'!$J$13:$J$27,AA$2)=0),$Q102/$U102,"") | AB102: =IF(AND($F102<>"",$V102<>"",AB$2>=$F102,AB$2<=$V102,WEEKDAY(AB$2,2)<6,COUNTIF('마스터'!$J$13:$J$27,AB$2)=0),$Q102/$U102,"") | AC102: =IF(AND($F102<>"",$V102<>"",AC$2>=$F102,AC$2<=$V102,WEEKDAY(AC$2,2)<6,COUNTIF('마스터'!$J$13:$J$27,AC$2)=0),$Q102/$U102,"") | AD102: =IF(AND($F102<>"",$V102<>"",AD$2>=$F102,AD$2<=$V102,WEEKDAY(AD$2,2)<6,COUNTIF('마스터'!$J$13:$J$27,AD$2)=0),$Q102/$U102,"") | AE102: =IF(AND($F102<>"",$V102<>"",AE$2>=$F102,AE$2<=$V102,WEEKDAY(AE$2,2)<6,COUNTIF('마스터'!$J$13:$J$27,AE$2)=0),$Q102/$U102,"") | AF102: =IF(AND($F102<>"",$V102<>"",AF$2>=$F102,AF$2<=$V102,WEEKDAY(AF$2,2)<6,COUNTIF('마스터'!$J$13:$J$27,AF$2)=0),$Q102/$U102,"") | AG102: =IF(AND($F102<>"",$V102<>"",AG$2>=$F102,AG$2<=$V102,WEEKDAY(AG$2,2)<6,COUNTIF('마스터'!$J$13:$J$27,AG$2)=0),$Q102/$U102,"") | ... BD102: =IF(AND($F102<>"",$V102<>"",BD$2>=$F102,BD$2<=$V102,WEEKDAY(BD$2,2)<6,COUNTIF('마스터'!$J$13:$J$27,BD$2)=0),$Q102/$U102,"")
