Workbook

Sheet 사용법
B2: AI 파이프라인 · 통합 리소스/스케줄 관리 시트 v4
B3: 영상 파이프라인 본체 + 이미지/기획(SB) 선택 부착 · 직군별 MD×담당 · 일별/주차별/월 누적 · 간트
B5: ① 구조 — 영상 파이프라인 중심
B6: 행 = 한 업무명(소재) | C6: 큰 틀은 영상 파이프라인. 한 업무에 영상·이미지·기획(SB) 직군이 각각 [담당+MD] 칸으로 붙습니다. 영상만 진행되기도, 이미지가 붙기도, SB(기획)가 빠지기도 → 해당되는 직군만 기입, 나머지는 비움. '투입직군' 칸에 영/이/기 자동 표기.
B7: 누가 넣었나 | C7: 각 직군 담당자는 자기 직군 칸에 이름을 적습니다(자유 입력). 업무당 한 행이라 행이 난립하지 않고, 한 일자에 한 담당은 일 TO 캐파(인원)로 초과 감지.
B9: ② 입력 (노란 칸)
B10: 드롭다운 | C10: 프로젝트명 · 고객팀 · 유형 · 상태 = 마스터 시트 관리 드롭다운. / 작업담당자(영상·이미지·기획 담당)는 자유 입력.
B11: MD | C11: 각 직군 칸에 공수(MD) 입력. 1일=8h=1.0MD. 합계·소요일·예상완료·여유·간트·부하·주차/월 집계 자동.
B12: 일정 | C12: 요청일·완료일 입력 → 간트 막대(주말 제외). 소요일=병목 직군(최대 MD) 기준 → 예상완료=요청일+소요(영업일). 여유=완료일−예상완료(음수 빨강).
B14: ③ 한눈에 보기
B15: 일별 직군 MD | C15: 하단 '직군별 일일 부하': 날짜별 기획/디자인/영상 MD를 한 번에. 일 TO(예: 영상 6TO) 초과 시 빨강 = TO 오버, 오버일수 카운트.
B16: 주차별·월 누적 | C16: 대시보드: 주차(W1~W5) × 직군 MD, 월 누적 MD·MM·가동률.
B17: 팀·타이틀 | C17: 고객팀 × 유형 건수, 게임타이틀별 MD.

Sheet 마스터
A1: ⚙️ 마스터 / 기준정보
A2: 게임 타이틀 (25) | C2: 고객팀 | E2: 유형 | G2: 상태 | I2: 운영 파라미터
A3: 뱀피르 | C3: 마케팅1팀 | E3: 이미지 | G3: 대기 | I3: 월 가동일수 | J3: 20
A4: RF 글로벌 | C4: 마케팅2팀 | E4: 영상 | G4: 진행 | I4: 1일=MD | J4: 1
A5: SOL 인챈트 | C5: 마케팅3팀 | E5: 이미지+영상 | G5: 검수 | I5: 간트 시작일 | J5: =DATE(2026,6,1)
A6: 스톤에이지펫월드 | C6: 마케팅4팀 | E6: 기획 | G6: 완료
A7: 칠대죄오리진 | C7: 기타 | E7: 베리 | I7: 직군별 일 TO 캐파
A8: 세나리버스 | E8: 기타 | I8: 영상 | J8: 6
A9: 몬길 | I9: 이미지 | J9: 8
A10: 왕겜(GOT) | I10: 기획 | J10: 3
A11: 몬스터길들이기
A12: 라이즈오브
A30: 비나(VINA) 운영 시나리오
A31: 방안 1 | C31: 기획+내부디자인+비나영상 → 비나 영상공수는 영상실(MAX) 매출 귀속
A32: 방안 2 | C32: 비나=사이즈베리만 → 영상 베리는 디자인 흡수
A33: 방안 3 | C33: 비나 이미지TO 추가발주+추가비용
A34: 방안 4 | C34: 본사 프로세스 통합(이미지TO 추가X)

Sheet 통합관리
A1: 업무 정보 | H1: 영상 (파이프라인 본체) | J1: 이미지 | L1: 기획(SB) | N1: 집계 · 일정 · 자동 | W1: 간트 (간트시작일 기준 31일 · 주말 음영)
A2: No | B2: 요청일 | C2: 완료일 | D2: 프로젝트명 | E2: 고객팀 | F2: 유형 | G2: 소재명(업무명) | H2: 영상 담당 | I2: 영상 MD | J2: 이미지 담당 | K2: 이미지 MD | L2: 기획(SB) 담당 | M2: 기획 MD | N2: 합계 MD | O2: 투입 직군 | P2: WEEK | Q2: 상태 | R2: 소요일 | S2: 예상완료 | T2: 여유 | U2: 비고 | W2: ='마스터'!$J$5 | X2: =W2+1 | Y2: =X2+1 | Z2: =Y2+1 | AA2: =Z2+1 | AB2: =AA2+1 | AC2: =AB2+1 | AD2: =AC2+1 | AE2: =AD2+1 | ... BA2: =AZ2+1
A3: =IF(G3="","",COUNTA($G$3:G3)) | B3: =DATE(2026,6,2) | C3: =DATE(2026,6,5) | D3: SOL 인챈트 | E3: 마케팅3팀 | F3: 이미지+영상 | G3: SOL_000120_카운트다운 | H3: 강승일 | I3: 2 | J3: 김민성 | K3: 1.5 | M3: 0 | N3: =IF(SUM(I3,K3,M3)=0,"",SUM(I3,K3,M3)) | O3: =IF(I3>0,"영 ","")&IF(K3>0,"이 ","")&IF(M3>0,"기 ","") | P3: =IF(B3="","","W"&ROUNDUP((B3-'마스터'!$J$5+1)/7,0)) | Q3: 진행 | R3: =IF(N3="",0,ROUNDUP(MAX(I3,K3,M3)/'마스터'!$J$4,0)) | S3: =IF(OR(B3="",R3=0),"",WORKDAY(B3-1,R3)) | T3: =IF(OR(C3="",S3=""),"",C3-S3) | U3: Kling+Freepik
A4: =IF(G4="","",COUNTA($G$3:G4)) | B4: =DATE(2026,6,3) | C4: =DATE(2026,6,5) | D4: 세나리버스 | E4: 마케팅2팀 | F4: 영상 | G4: TSKGB_엔드카드 | H4: 강민우 | I4: 2 | K4: 0 | M4: 0 | N4: =IF(SUM(I4,K4,M4)=0,"",SUM(I4,K4,M4)) | O4: =IF(I4>0,"영 ","")&IF(K4>0,"이 ","")&IF(M4>0,"기 ","") | P4: =IF(B4="","","W"&ROUNDUP((B4-'마스터'!$J$5+1)/7,0)) | Q4: 검수 | R4: =IF(N4="",0,ROUNDUP(MAX(I4,K4,M4)/'마스터'!$J$4,0)) | S4: =IF(OR(B4="",R4=0),"",WORKDAY(B4-1,R4)) | T4: =IF(OR(C4="",S4=""),"",C4-S4) | U4: Seedance
A5: =IF(G5="","",COUNTA($G$3:G5)) | B5: =DATE(2026,6,4) | C5: =DATE(2026,6,9) | D5: 칠대죄오리진 | E5: 마케팅4팀 | F5: 이미지+영상 | G5: 7DSOR_스토리트레일러 | H5: 이지현 | I5: 2.5 | J5: 양재혁 | K5: 1 | L5: 박태원 | M5: 0.5 | N5: =IF(SUM(I5,K5,M5)=0,"",SUM(I5,K5,M5)) | O5: =IF(I5>0,"영 ","")&IF(K5>0,"이 ","")&IF(M5>0,"기 ","") | P5: =IF(B5="","","W"&ROUNDUP((B5-'마스터'!$J$5+1)/7,0)) | Q5: 진행 | R5: =IF(N5="",0,ROUNDUP(MAX(I5,K5,M5)/'마스터'!$J$4,0)) | S5: =IF(OR(B5="",R5=0),"",WORKDAY(B5-1,R5)) | T5: =IF(OR(C5="",S5=""),"",C5-S5) | U5: GPT+Kling
A6: =IF(G6="","",COUNTA($G$3:G6)) | B6: =DATE(2026,6,5) | C6: =DATE(2026,6,6) | D6: 뱀피르 | E6: 마케팅1팀 | F6: 이미지 | G6: VAM_200024_보스 KV | I6: 0 | J6: 구유진 | K6: 1 | M6: 0 | N6: =IF(SUM(I6,K6,M6)=0,"",SUM(I6,K6,M6)) | O6: =IF(I6>0,"영 ","")&IF(K6>0,"이 ","")&IF(M6>0,"기 ","") | P6: =IF(B6="","","W"&ROUNDUP((B6-'마스터'!$J$5+1)/7,0)) | Q6: 대기 | R6: =IF(N6="",0,ROUNDUP(MAX(I6,K6,M6)/'마스터'!$J$4,0)) | S6: =IF(OR(B6="",R6=0),"",WORKDAY(B6-1,R6)) | T6: =IF(OR(C6="",S6=""),"",C6-S6) | U6: Freepik
A7: =IF(G7="","",COUNTA($G$3:G7)) | N7: =IF(SUM(I7,K7,M7)=0,"",SUM(I7,K7,M7)) | O7: =IF(I7>0,"영 ","")&IF(K7>0,"이 ","")&IF(M7>0,"기 ","") | P7: =IF(B7="","","W"&ROUNDUP((B7-'마스터'!$J$5+1)/7,0)) | R7: =IF(N7="",0,ROUNDUP(MAX(I7,K7,M7)/'마스터'!$J$4,0)) | S7: =IF(OR(B7="",R7=0),"",WORKDAY(B7-1,R7)) | T7: =IF(OR(C7="",S7=""),"",C7-S7)
A8: =IF(G8="","",COUNTA($G$3:G8)) | N8: =IF(SUM(I8,K8,M8)=0,"",SUM(I8,K8,M8)) | O8: =IF(I8>0,"영 ","")&IF(K8>0,"이 ","")&IF(M8>0,"기 ","") | P8: =IF(B8="","","W"&ROUNDUP((B8-'마스터'!$J$5+1)/7,0)) | R8: =IF(N8="",0,ROUNDUP(MAX(I8,K8,M8)/'마스터'!$J$4,0)) | S8: =IF(OR(B8="",R8=0),"",WORKDAY(B8-1,R8)) | T8: =IF(OR(C8="",S8=""),"",C8-S8)
A9: =IF(G9="","",COUNTA($G$3:G9)) | N9: =IF(SUM(I9,K9,M9)=0,"",SUM(I9,K9,M9)) | O9: =IF(I9>0,"영 ","")&IF(K9>0,"이 ","")&IF(M9>0,"기 ","") | P9: =IF(B9="","","W"&ROUNDUP((B9-'마스터'!$J$5+1)/7,0)) | R9: =IF(N9="",0,ROUNDUP(MAX(I9,K9,M9)/'마스터'!$J$4,0)) | S9: =IF(OR(B9="",R9=0),"",WORKDAY(B9-1,R9)) | T9: =IF(OR(C9="",S9=""),"",C9-S9)
A10: =IF(G10="","",COUNTA($G$3:G10)) | N10: =IF(SUM(I10,K10,M10)=0,"",SUM(I10,K10,M10)) | O10: =IF(I10>0,"영 ","")&IF(K10>0,"이 ","")&IF(M10>0,"기 ","") | P10: =IF(B10="","","W"&ROUNDUP((B10-'마스터'!$J$5+1)/7,0)) | R10: =IF(N10="",0,ROUNDUP(MAX(I10,K10,M10)/'마스터'!$J$4,0)) | S10: =IF(OR(B10="",R10=0),"",WORKDAY(B10-1,R10)) | T10: =IF(OR(C10="",S10=""),"",C10-S10)
A11: =IF(G11="","",COUNTA($G$3:G11)) | N11: =IF(SUM(I11,K11,M11)=0,"",SUM(I11,K11,M11)) | O11: =IF(I11>0,"영 ","")&IF(K11>0,"이 ","")&IF(M11>0,"기 ","") | P11: =IF(B11="","","W"&ROUNDUP((B11-'마스터'!$J$5+1)/7,0)) | R11: =IF(N11="",0,ROUNDUP(MAX(I11,K11,M11)/'마스터'!$J$4,0)) | S11: =IF(OR(B11="",R11=0),"",WORKDAY(B11-1,R11)) | T11: =IF(OR(C11="",S11=""),"",C11-S11)
A12: =IF(G12="","",COUNTA($G$3:G12)) | N12: =IF(SUM(I12,K12,M12)=0,"",SUM(I12,K12,M12)) | O12: =IF(I12>0,"영 ","")&IF(K12>0,"이 ","")&IF(M12>0,"기 ","") | P12: =IF(B12="","","W"&ROUNDUP((B12-'마스터'!$J$5+1)/7,0)) | R12: =IF(N12="",0,ROUNDUP(MAX(I12,K12,M12)/'마스터'!$J$4,0)) | S12: =IF(OR(B12="",R12=0),"",WORKDAY(B12-1,R12)) | T12: =IF(OR(C12="",S12=""),"",C12-S12)
A13: =IF(G13="","",COUNTA($G$3:G13)) | N13: =IF(SUM(I13,K13,M13)=0,"",SUM(I13,K13,M13)) | O13: =IF(I13>0,"영 ","")&IF(K13>0,"이 ","")&IF(M13>0,"기 ","") | P13: =IF(B13="","","W"&ROUNDUP((B13-'마스터'!$J$5+1)/7,0)) | R13: =IF(N13="",0,ROUNDUP(MAX(I13,K13,M13)/'마스터'!$J$4,0)) | S13: =IF(OR(B13="",R13=0),"",WORKDAY(B13-1,R13)) | T13: =IF(OR(C13="",S13=""),"",C13-S13)
A14: =IF(G14="","",COUNTA($G$3:G14)) | N14: =IF(SUM(I14,K14,M14)=0,"",SUM(I14,K14,M14)) | O14: =IF(I14>0,"영 ","")&IF(K14>0,"이 ","")&IF(M14>0,"기 ","") | P14: =IF(B14="","","W"&ROUNDUP((B14-'마스터'!$J$5+1)/7,0)) | R14: =IF(N14="",0,ROUNDUP(MAX(I14,K14,M14)/'마스터'!$J$4,0)) | S14: =IF(OR(B14="",R14=0),"",WORKDAY(B14-1,R14)) | T14: =IF(OR(C14="",S14=""),"",C14-S14)
A15: =IF(G15="","",COUNTA($G$3:G15)) | N15: =IF(SUM(I15,K15,M15)=0,"",SUM(I15,K15,M15)) | O15: =IF(I15>0,"영 ","")&IF(K15>0,"이 ","")&IF(M15>0,"기 ","") | P15: =IF(B15="","","W"&ROUNDUP((B15-'마스터'!$J$5+1)/7,0)) | R15: =IF(N15="",0,ROUNDUP(MAX(I15,K15,M15)/'마스터'!$J$4,0)) | S15: =IF(OR(B15="",R15=0),"",WORKDAY(B15-1,R15)) | T15: =IF(OR(C15="",S15=""),"",C15-S15)
A16: =IF(G16="","",COUNTA($G$3:G16)) | N16: =IF(SUM(I16,K16,M16)=0,"",SUM(I16,K16,M16)) | O16: =IF(I16>0,"영 ","")&IF(K16>0,"이 ","")&IF(M16>0,"기 ","") | P16: =IF(B16="","","W"&ROUNDUP((B16-'마스터'!$J$5+1)/7,0)) | R16: =IF(N16="",0,ROUNDUP(MAX(I16,K16,M16)/'마스터'!$J$4,0)) | S16: =IF(OR(B16="",R16=0),"",WORKDAY(B16-1,R16)) | T16: =IF(OR(C16="",S16=""),"",C16-S16)
A17: =IF(G17="","",COUNTA($G$3:G17)) | N17: =IF(SUM(I17,K17,M17)=0,"",SUM(I17,K17,M17)) | O17: =IF(I17>0,"영 ","")&IF(K17>0,"이 ","")&IF(M17>0,"기 ","") | P17: =IF(B17="","","W"&ROUNDUP((B17-'마스터'!$J$5+1)/7,0)) | R17: =IF(N17="",0,ROUNDUP(MAX(I17,K17,M17)/'마스터'!$J$4,0)) | S17: =IF(OR(B17="",R17=0),"",WORKDAY(B17-1,R17)) | T17: =IF(OR(C17="",S17=""),"",C17-S17)
A18: =IF(G18="","",COUNTA($G$3:G18)) | N18: =IF(SUM(I18,K18,M18)=0,"",SUM(I18,K18,M18)) | O18: =IF(I18>0,"영 ","")&IF(K18>0,"이 ","")&IF(M18>0,"기 ","") | P18: =IF(B18="","","W"&ROUNDUP((B18-'마스터'!$J$5+1)/7,0)) | R18: =IF(N18="",0,ROUNDUP(MAX(I18,K18,M18)/'마스터'!$J$4,0)) | S18: =IF(OR(B18="",R18=0),"",WORKDAY(B18-1,R18)) | T18: =IF(OR(C18="",S18=""),"",C18-S18)
... A52: =IF(G52="","",COUNTA($G$3:G52)) | N52: =IF(SUM(I52,K52,M52)=0,"",SUM(I52,K52,M52)) | O52: =IF(I52>0,"영 ","")&IF(K52>0,"이 ","")&IF(M52>0,"기 ","") | P52: =IF(B52="","","W"&ROUNDUP((B52-'마스터'!$J$5+1)/7,0)) | R52: =IF(N52="",0,ROUNDUP(MAX(I52,K52,M52)/'마스터'!$J$4,0)) | S52: =IF(OR(B52="",R52=0),"",WORKDAY(B52-1,R52)) | T52: =IF(OR(C52="",S52=""),"",C52-S52)
A55: 🔥 직군별 일일 부하 (MD) vs 일 TO — 초과 시 빨강(TO 오버). 영상 6TO 등 정원
A56: 직군 | R56: 오버일수 | S56: 일 TO | W56: =W2 | X56: =X2 | Y56: =Y2 | Z56: =Z2 | AA56: =AA2 | AB56: =AB2 | AC56: =AC2 | AD56: =AD2 | ... BA56: =BA2
A57: 영상 | R57: =SUMPRODUCT((W57:BA57>$S57)*1) | S57: ='마스터'!$J$8 | W57: =SUMPRODUCT(($B$3:$B$52<>"")*($B$3:$B$52<=W$2)*($S$3:$S$52>=W$2)*(WEEKDAY(W$2,2)<6)*($I$3:$I$52)/($R$3:$R$52+($R$3:$R$52=0))) | X57: =SUMPRODUCT(($B$3:$B$52<>"")*($B$3:$B$52<=X$2)*($S$3:$S$52>=X$2)*(WEEKDAY(X$2,2)<6)*($I$3:$I$52)/($R$3:$R$52+($R$3:$R$52=0))) | Y57: =SUMPRODUCT(($B$3:$B$52<>"")*($B$3:$B$52<=Y$2)*($S$3:$S$52>=Y$2)*(WEEKDAY(Y$2,2)<6)*($I$3:$I$52)/($R$3:$R$52+($R$3:$R$52=0))) | Z57: =SUMPRODUCT(($B$3:$B$52<>"")*($B$3:$B$52<=Z$2)*($S$3:$S$52>=Z$2)*(WEEKDAY(Z$2,2)<6)*($I$3:$I$52)/($R$3:$R$52+($R$3:$R$52=0))) | AA57: =SUMPRODUCT(($B$3:$B$52<>"")*($B$3:$B$52<=AA$2)*($S$3:$S$52>=AA$2)*(WEEKDAY(AA$2,2)<6)*($I$3:$I$52)/($R$3:$R$52+($R$3:$R$52=0))) | AB57: =SUMPRODUCT(($B$3:$B$52<>"")*($B$3:$B$52<=AB$2)*($S$3:$S$52>=AB$2)*(WEEKDAY(AB$2,2)<6)*($I$3:$I$52)/($R$3:$R$52+($R$3:$R$52=0))) | AC57: =SUMPRODUCT(($B$3:$B$52<>"")*($B$3:$B$52<=AC$2)*($S$3:$S$52>=AC$2)*(WEEKDAY(AC$2,2)<6)*($I$3:$I$52)/($R$3:$R$52+($R$3:$R$52=0))) | AD57: =SUMPRODUCT(($B$3:$B$52<>"")*($B$3:$B$52<=AD$2)*($S$3:$S$52>=AD$2)*(WEEKDAY(AD$2,2)<6)*($I$3:$I$52)/($R$3:$R$52+($R$3:$R$52=0))) | ... BA57: =SUMPRODUCT(($B$3:$B$52<>"")*($B$3:$B$52<=BA$2)*($S$3:$S$52>=BA$2)*(WEEKDAY(BA$2,2)<6)*($I$3:$I$52)/($R$3:$R$52+($R$3:$R$52=0)))
A58: 이미지 | R58: =SUMPRODUCT((W58:BA58>$S58)*1) | S58: ='마스터'!$J$9 | W58: =SUMPRODUCT(($B$3:$B$52<>"")*($B$3:$B$52<=W$2)*($S$3:$S$52>=W$2)*(WEEKDAY(W$2,2)<6)*($K$3:$K$52)/($R$3:$R$52+($R$3:$R$52=0))) | X58: =SUMPRODUCT(($B$3:$B$52<>"")*($B$3:$B$52<=X$2)*($S$3:$S$52>=X$2)*(WEEKDAY(X$2,2)<6)*($K$3:$K$52)/($R$3:$R$52+($R$3:$R$52=0))) | Y58: =SUMPRODUCT(($B$3:$B$52<>"")*($B$3:$B$52<=Y$2)*($S$3:$S$52>=Y$2)*(WEEKDAY(Y$2,2)<6)*($K$3:$K$52)/($R$3:$R$52+($R$3:$R$52=0))) | Z58: =SUMPRODUCT(($B$3:$B$52<>"")*($B$3:$B$52<=Z$2)*($S$3:$S$52>=Z$2)*(WEEKDAY(Z$2,2)<6)*($K$3:$K$52)/($R$3:$R$52+($R$3:$R$52=0))) | AA58: =SUMPRODUCT(($B$3:$B$52<>"")*($B$3:$B$52<=AA$2)*($S$3:$S$52>=AA$2)*(WEEKDAY(AA$2,2)<6)*($K$3:$K$52)/($R$3:$R$52+($R$3:$R$52=0))) | AB58: =SUMPRODUCT(($B$3:$B$52<>"")*($B$3:$B$52<=AB$2)*($S$3:$S$52>=AB$2)*(WEEKDAY(AB$2,2)<6)*($K$3:$K$52)/($R$3:$R$52+($R$3:$R$52=0))) | AC58: =SUMPRODUCT(($B$3:$B$52<>"")*($B$3:$B$52<=AC$2)*($S$3:$S$52>=AC$2)*(WEEKDAY(AC$2,2)<6)*($K$3:$K$52)/($R$3:$R$52+($R$3:$R$52=0))) | AD58: =SUMPRODUCT(($B$3:$B$52<>"")*($B$3:$B$52<=AD$2)*($S$3:$S$52>=AD$2)*(WEEKDAY(AD$2,2)<6)*($K$3:$K$52)/($R$3:$R$52+($R$3:$R$52=0))) | ... BA58: =SUMPRODUCT(($B$3:$B$52<>"")*($B$3:$B$52<=BA$2)*($S$3:$S$52>=BA$2)*(WEEKDAY(BA$2,2)<6)*($K$3:$K$52)/($R$3:$R$52+($R$3:$R$52=0)))
A59: 기획 | R59: =SUMPRODUCT((W59:BA59>$S59)*1) | S59: ='마스터'!$J$10 | W59: =SUMPRODUCT(($B$3:$B$52<>"")*($B$3:$B$52<=W$2)*($S$3:$S$52>=W$2)*(WEEKDAY(W$2,2)<6)*($M$3:$M$52)/($R$3:$R$52+($R$3:$R$52=0))) | X59: =SUMPRODUCT(($B$3:$B$52<>"")*($B$3:$B$52<=X$2)*($S$3:$S$52>=X$2)*(WEEKDAY(X$2,2)<6)*($M$3:$M$52)/($R$3:$R$52+($R$3:$R$52=0))) | Y59: =SUMPRODUCT(($B$3:$B$52<>"")*($B$3:$B$52<=Y$2)*($S$3:$S$52>=Y$2)*(WEEKDAY(Y$2,2)<6)*($M$3:$M$52)/($R$3:$R$52+($R$3:$R$52=0))) | Z59: =SUMPRODUCT(($B$3:$B$52<>"")*($B$3:$B$52<=Z$2)*($S$3:$S$52>=Z$2)*(WEEKDAY(Z$2,2)<6)*($M$3:$M$52)/($R$3:$R$52+($R$3:$R$52=0))) | AA59: =SUMPRODUCT(($B$3:$B$52<>"")*($B$3:$B$52<=AA$2)*($S$3:$S$52>=AA$2)*(WEEKDAY(AA$2,2)<6)*($M$3:$M$52)/($R$3:$R$52+($R$3:$R$52=0))) | AB59: =SUMPRODUCT(($B$3:$B$52<>"")*($B$3:$B$52<=AB$2)*($S$3:$S$52>=AB$2)*(WEEKDAY(AB$2,2)<6)*($M$3:$M$52)/($R$3:$R$52+($R$3:$R$52=0))) | AC59: =SUMPRODUCT(($B$3:$B$52<>"")*($B$3:$B$52<=AC$2)*($S$3:$S$52>=AC$2)*(WEEKDAY(AC$2,2)<6)*($M$3:$M$52)/($R$3:$R$52+($R$3:$R$52=0))) | AD59: =SUMPRODUCT(($B$3:$B$52<>"")*($B$3:$B$52<=AD$2)*($S$3:$S$52>=AD$2)*(WEEKDAY(AD$2,2)<6)*($M$3:$M$52)/($R$3:$R$52+($R$3:$R$52=0))) | ... BA59: =SUMPRODUCT(($B$3:$B$52<>"")*($B$3:$B$52<=BA$2)*($S$3:$S$52>=BA$2)*(WEEKDAY(BA$2,2)<6)*($M$3:$M$52)/($R$3:$R$52+($R$3:$R$52=0)))

Sheet 대시보드
B2: 📈 대시보드 — 주차/월 직군 MD · 팀 · 타이틀
B4: ① 주차별 직군 MD · 월 누적 | H4: ② 고객팀 × 유형 (건수)
B5: 주차 | C5: 영상 | D5: 이미지 | E5: 기획 | F5: 합계 | H5: 팀\유형 | I5: 이미지 | J5: 영상 | K5: 기획
B6: W1 | C6: =SUMIFS('통합관리'!$I$3:$I$52,'통합관리'!$P$3:$P$52,$B6) | D6: =SUMIFS('통합관리'!$K$3:$K$52,'통합관리'!$P$3:$P$52,$B6) | E6: =SUMIFS('통합관리'!$M$3:$M$52,'통합관리'!$P$3:$P$52,$B6) | F6: =SUM(C6:E6) | H6: 마케팅1팀 | I6: =COUNTIFS('통합관리'!$E$3:$E$52,$H6,'통합관리'!$F$3:$F$52,I$5) | J6: =COUNTIFS('통합관리'!$E$3:$E$52,$H6,'통합관리'!$F$3:$F$52,J$5) | K6: =COUNTIFS('통합관리'!$E$3:$E$52,$H6,'통합관리'!$F$3:$F$52,K$5)
B7: W2 | C7: =SUMIFS('통합관리'!$I$3:$I$52,'통합관리'!$P$3:$P$52,$B7) | D7: =SUMIFS('통합관리'!$K$3:$K$52,'통합관리'!$P$3:$P$52,$B7) | E7: =SUMIFS('통합관리'!$M$3:$M$52,'통합관리'!$P$3:$P$52,$B7) | F7: =SUM(C7:E7) | H7: 마케팅2팀 | I7: =COUNTIFS('통합관리'!$E$3:$E$52,$H7,'통합관리'!$F$3:$F$52,I$5) | J7: =COUNTIFS('통합관리'!$E$3:$E$52,$H7,'통합관리'!$F$3:$F$52,J$5) | K7: =COUNTIFS('통합관리'!$E$3:$E$52,$H7,'통합관리'!$F$3:$F$52,K$5)
B8: W3 | C8: =SUMIFS('통합관리'!$I$3:$I$52,'통합관리'!$P$3:$P$52,$B8) | D8: =SUMIFS('통합관리'!$K$3:$K$52,'통합관리'!$P$3:$P$52,$B8) | E8: =SUMIFS('통합관리'!$M$3:$M$52,'통합관리'!$P$3:$P$52,$B8) | F8: =SUM(C8:E8) | H8: 마케팅3팀 | I8: =COUNTIFS('통합관리'!$E$3:$E$52,$H8,'통합관리'!$F$3:$F$52,I$5) | J8: =COUNTIFS('통합관리'!$E$3:$E$52,$H8,'통합관리'!$F$3:$F$52,J$5) | K8: =COUNTIFS('통합관리'!$E$3:$E$52,$H8,'통합관리'!$F$3:$F$52,K$5)
B9: W4 | C9: =SUMIFS('통합관리'!$I$3:$I$52,'통합관리'!$P$3:$P$52,$B9) | D9: =SUMIFS('통합관리'!$K$3:$K$52,'통합관리'!$P$3:$P$52,$B9) | E9: =SUMIFS('통합관리'!$M$3:$M$52,'통합관리'!$P$3:$P$52,$B9) | F9: =SUM(C9:E9) | H9: 마케팅4팀 | I9: =COUNTIFS('통합관리'!$E$3:$E$52,$H9,'통합관리'!$F$3:$F$52,I$5) | J9: =COUNTIFS('통합관리'!$E$3:$E$52,$H9,'통합관리'!$F$3:$F$52,J$5) | K9: =COUNTIFS('통합관리'!$E$3:$E$52,$H9,'통합관리'!$F$3:$F$52,K$5)
B10: W5 | C10: =SUMIFS('통합관리'!$I$3:$I$52,'통합관리'!$P$3:$P$52,$B10) | D10: =SUMIFS('통합관리'!$K$3:$K$52,'통합관리'!$P$3:$P$52,$B10) | E10: =SUMIFS('통합관리'!$M$3:$M$52,'통합관리'!$P$3:$P$52,$B10) | F10: =SUM(C10:E10) | H10: 기타 | I10: =COUNTIFS('통합관리'!$E$3:$E$52,$H10,'통합관리'!$F$3:$F$52,I$5) | J10: =COUNTIFS('통합관리'!$E$3:$E$52,$H10,'통합관리'!$F$3:$F$52,J$5) | K10: =COUNTIFS('통합관리'!$E$3:$E$52,$H10,'통합관리'!$F$3:$F$52,K$5)
B11: 월 누적 MD | C11: =SUM(C6:C10) | D11: =SUM(D6:D10) | E11: =SUM(E6:E10) | F11: =SUM(C11:E11)
B12: 월 MM | C12: =C11/'마스터'!$J$3 | D12: =D11/'마스터'!$J$3 | E12: =E11/'마스터'!$J$3
B13: 가동률 | C13: =IFERROR(C12/('마스터'!$J$8*'마스터'!$J$3),0) | D13: =IFERROR(D12/('마스터'!$J$9*'마스터'!$J$3),0) | E13: =IFERROR(E12/('마스터'!$J$10*'마스터'!$J$3),0) | H13: ③ 게임타이틀별 MD
H14: 타이틀 | I14: 건수 | J14: MD
H15: 뱀피르 | I15: =COUNTIF('통합관리'!$D$3:$D$52,H15) | J15: =SUMIF('통합관리'!$D$3:$D$52,H15,'통합관리'!$N$3:$N$52)
B16: ④ 영상 견적 · 비나 시나리오 | H16: RF 글로벌 | I16: =COUNTIF('통합관리'!$D$3:$D$52,H16) | J16: =SUMIF('통합관리'!$D$3:$D$52,H16,'통합관리'!$N$3:$N$52)
B17: 총 영상견적(원) | D17: 92000000 | H17: SOL 인챈트 | I17: =COUNTIF('통합관리'!$D$3:$D$52,H17) | J17: =SUMIF('통합관리'!$D$3:$D$52,H17,'통합관리'!$N$3:$N$52)
B18: 비나 시나리오 | D18: 1 | F18: =IF($D$18=1,"방안1:비나공수→영상실 귀속",IF($D$18=2,"방안2:비나=베리만",IF($D$18=3,"방안3:비나 이미지TO 추가발주+비용","방안4:본사 통합(이미지TO 추가X)")))
B19: 영상 월 MD | D19: =E12 | H19: 칠대죄오리진 | I19: =COUNTIF('통합관리'!$D$3:$D$52,H19) | J19: =SUMIF('통합관리'!$D$3:$D$52,H19,'통합관리'!$N$3:$N$52)
H20: 세나리버스 | I20: =COUNTIF('통합관리'!$D$3:$D$52,H20) | J20: =SUMIF('통합관리'!$D$3:$D$52,H20,'통합관리'!$N$3:$N$52)
H21: 몬길 | I21: =COUNTIF('통합관리'!$D$3:$D$52,H21) | J21: =SUMIF('통합관리'!$D$3:$D$52,H21,'통합관리'!$N$3:$N$52)
H22: 왕겜(GOT) | I22: =COUNTIF('통합관리'!$D$3:$D$52,H22) | J22: =SUMIF('통합관리'!$D$3:$D$52,H22,'통합관리'!$N$3:$N$52)
H23: 몬스터길들이기 | I23: =COUNTIF('통합관리'!$D$3:$D$52,H23) | J23: =SUMIF('통합관리'!$D$3:$D$52,H23,'통합관리'!$N$3:$N$52)
H24: 라이즈오브 | I24: =COUNTIF('통합관리'!$D$3:$D$52,H24) | J24: =SUMIF('통합관리'!$D$3:$D$52,H24,'통합관리'!$N$3:$N$52)
